time,demand_MW
2025-01-01 00:00:00,3251.068158664539
2025-01-01 01:00:00,3197.861628181679
2025-01-01 02:00:00,3181.002440334942
2025-01-01 03:00:00,3165.917231452289
2025-01-01 04:00:00,3121.94818742472
2025-01-01 05:00:00,3195.406212313972
2025-01-01 06:00:00,3353.6361888003835
2025-01-01 07:00:00,3443.199596536688
2025-01-01 08:00:00,3519.314684891639
2025-01-01 09:00:00,3621.8303496137364
2025-01-01 10:00:00,3666.1310948218324
2025-01-01 11:00:00,3702.7236622662786
2025-01-01 12:00:00,3760.6341255638195
2025-01-01 13:00:00,3732.1532642340408
2025-01-01 14:00:00,3701.5747152341273
2025-01-01 15:00:00,3699.852751632248
2025-01-01 16:00:00,3686.456933659227
2025-01-01 17:00:00,3762.8046254693195
2025-01-01 18:00:00,3799.1643969299125
2025-01-01 19:00:00,3820.1074924421728
2025-01-01 20:00:00,3871.836084953113
2025-01-01 21:00:00,3673.1268263706065
2025-01-01 22:00:00,3497.6731200482577
2025-01-01 23:00:00,3310.4264545962305
2025-01-02 00:00:00,3223.6316817388292
2025-01-02 01:00:00,3203.780246398458
2025-01-02 02:00:00,3135.0120761954836
2025-01-02 03:00:00,3136.7544998157587
2025-01-02 04:00:00,3112.3276881497873
2025-01-02 05:00:00,3193.470241095343
2025-01-02 06:00:00,3295.377497618059
2025-01-02 07:00:00,3472.3976998035164
2025-01-02 08:00:00,3531.690111687158
2025-01-02 09:00:00,3575.1463830789294
2025-01-02 10:00:00,3703.451871355945
2025-01-02 11:00:00,3679.739986383252
2025-01-02 12:00:00,3759.0965953320188
2025-01-02 13:00:00,3730.2071616640937
2025-01-02 14:00:00,3712.950356820169
2025-01-02 15:00:00,3721.8858977882755
2025-01-02 16:00:00,3737.986886843206
2025-01-02 17:00:00,3757.970888233854
2025-01-02 18:00:00,3822.8706457221006
2025-01-02 19:00:00,3853.8974017499454
2025-01-02 20:00:00,3781.1513284465373
2025-01-02 21:00:00,3658.053299274468
2025-01-02 22:00:00,3482.398597065388
2025-01-02 23:00:00,3376.4243270920438
2025-01-03 00:00:00,3246.1916671023
2025-01-03 01:00:00,3155.364156508359
2025-01-03 02:00:00,3171.9201751641294
2025-01-03 03:00:00,3117.2972750768076
2025-01-03 04:00:00,3109.996775423802
2025-01-03 05:00:00,3216.166493399479
2025-01-03 06:00:00,3338.1753751154065
2025-01-03 07:00:00,3446.7185838237883
2025-01-03 08:00:00,3507.8816540004887
2025-01-03 09:00:00,3596.248576947697
2025-01-03 10:00:00,3688.4905645256204
2025-01-03 11:00:00,3744.5262483518104
2025-01-03 12:00:00,3737.9322277818437
2025-01-03 13:00:00,3783.47590038501
2025-01-03 14:00:00,3719.105783985427
2025-01-03 15:00:00,3679.9725968547873
2025-01-03 16:00:00,3739.680624822841
2025-01-03 17:00:00,3793.0286672390616
2025-01-03 18:00:00,3823.6871413209897
2025-01-03 19:00:00,3893.689179694578
2025-01-03 20:00:00,3836.959805007954
2025-01-03 21:00:00,3659.7556737222135
2025-01-03 22:00:00,3504.9084847434856
2025-01-03 23:00:00,3388.8452924426138
2025-01-04 00:00:00,3199.1816434354405
2025-01-04 01:00:00,3202.9117727238504
2025-01-04 02:00:00,3061.007565245291
2025-01-04 03:00:00,3110.066373181095
2025-01-04 04:00:00,3091.902213081865
2025-01-04 05:00:00,3155.749235258054
2025-01-04 06:00:00,3239.2577135239117
2025-01-04 07:00:00,3257.809120219293
2025-01-04 08:00:00,3378.065564160591
2025-01-04 09:00:00,3467.455990291402
2025-01-04 10:00:00,3572.8927715847867
2025-01-04 11:00:00,3553.1330693361956
2025-01-04 12:00:00,3581.3939403600134
2025-01-04 13:00:00,3626.874605708951
2025-01-04 14:00:00,3668.159192963067
2025-01-04 15:00:00,3614.1894304897487
2025-01-04 16:00:00,3589.431962730194
2025-01-04 17:00:00,3656.4442318441365
2025-01-04 18:00:00,3681.131126858024
2025-01-04 19:00:00,3743.8458216488316
2025-01-04 20:00:00,3657.6157518961854
2025-01-04 21:00:00,3558.573673703933
2025-01-04 22:00:00,3410.064714807642
2025-01-04 23:00:00,3235.3358552315303
2025-01-05 00:00:00,3207.301061768127
2025-01-05 01:00:00,3169.5482635293433
2025-01-05 02:00:00,3126.292121956962
2025-01-05 03:00:00,3083.587993780068
2025-01-05 04:00:00,3054.4048245402423
2025-01-05 05:00:00,3152.298824489726
2025-01-05 06:00:00,3227.6258835677936
2025-01-05 07:00:00,3288.8115887836243
2025-01-05 08:00:00,3379.247229987772
2025-01-05 09:00:00,3468.3448426683535
2025-01-05 10:00:00,3584.0035236119106
2025-01-05 11:00:00,3572.4875293638074
2025-01-05 12:00:00,3611.709751238264
2025-01-05 13:00:00,3638.893379614188
2025-01-05 14:00:00,3585.1709593173773
2025-01-05 15:00:00,3603.518966116638
2025-01-05 16:00:00,3606.0201683043615
2025-01-05 17:00:00,3712.8124126993157
2025-01-05 18:00:00,3672.180496663181
2025-01-05 19:00:00,3723.5797498310008
2025-01-05 20:00:00,3676.8189651411317
2025-01-05 21:00:00,3534.150952893321
2025-01-05 22:00:00,3451.662671469915
2025-01-05 23:00:00,3292.96813502991
2025-01-06 00:00:00,3256.6254464942226
2025-01-06 01:00:00,3176.0961467810407
2025-01-06 02:00:00,3198.089296814097
2025-01-06 03:00:00,3090.7676092165134
2025-01-06 04:00:00,3140.498408645424
2025-01-06 05:00:00,3255.4365534564276
2025-01-06 06:00:00,3283.4680794411847
2025-01-06 07:00:00,3404.524245279946
2025-01-06 08:00:00,3533.155829318983
2025-01-06 09:00:00,3589.374414086604
2025-01-06 10:00:00,3631.8192001057455
2025-01-06 11:00:00,3716.2506107821396
2025-01-06 12:00:00,3719.1102346085
2025-01-06 13:00:00,3802.1129736619055
2025-01-06 14:00:00,3723.3977480157846
2025-01-06 15:00:00,3760.267647129057
2025-01-06 16:00:00,3690.9399919683674
2025-01-06 17:00:00,3741.323349870287
2025-01-06 18:00:00,3849.4271299387433
2025-01-06 19:00:00,3823.288910591412
2025-01-06 20:00:00,3831.495950095181
2025-01-06 21:00:00,3715.8944625785757
2025-01-06 22:00:00,3448.6402097710584
2025-01-06 23:00:00,3351.412427089823
2025-01-07 00:00:00,3242.549662350562
2025-01-07 01:00:00,3219.0602125148157
2025-01-07 02:00:00,3130.988089334225
2025-01-07 03:00:00,3092.493262782643
2025-01-07 04:00:00,3138.560735211548
2025-01-07 05:00:00,3206.652033663475
2025-01-07 06:00:00,3315.9953749501033
2025-01-07 07:00:00,3429.1536438099192
2025-01-07 08:00:00,3510.7840075730264
2025-01-07 09:00:00,3610.2247168137174
2025-01-07 10:00:00,3685.6918517604167
2025-01-07 11:00:00,3692.617470057093
2025-01-07 12:00:00,3806.594450880767
2025-01-07 13:00:00,3801.7394793749404
2025-01-07 14:00:00,3714.867141231445
2025-01-07 15:00:00,3733.3480605073314
2025-01-07 16:00:00,3684.8828679672342
2025-01-07 17:00:00,3774.228471706628
2025-01-07 18:00:00,3859.5986714935507
2025-01-07 19:00:00,3835.5754617291814
2025-01-07 20:00:00,3853.6262783680786
2025-01-07 21:00:00,3689.2132633073625
2025-01-07 22:00:00,3516.190209974439
2025-01-07 23:00:00,3396.909698813838
2025-01-08 00:00:00,3229.1755645013186
2025-01-08 01:00:00,3179.47172085843
2025-01-08 02:00:00,3139.491430006205
2025-01-08 03:00:00,3104.8284520932216
2025-01-08 04:00:00,3123.2974972143443
2025-01-08 05:00:00,3207.489994958105
2025-01-08 06:00:00,3316.386650045982
2025-01-08 07:00:00,3441.9915443171312
2025-01-08 08:00:00,3530.0332230347776
2025-01-08 09:00:00,3645.099795563218
2025-01-08 10:00:00,3668.9509191190377
2025-01-08 11:00:00,3794.313707395573
2025-01-08 12:00:00,3769.0415875603303
2025-01-08 13:00:00,3761.068866702807
2025-01-08 14:00:00,3718.1411247034666
2025-01-08 15:00:00,3727.8361611158316
2025-01-08 16:00:00,3706.8642220279776
2025-01-08 17:00:00,3771.6917729013976
2025-01-08 18:00:00,3838.2814715773197
2025-01-08 19:00:00,3858.3229894964047
2025-01-08 20:00:00,3797.901132787276
2025-01-08 21:00:00,3632.1779639218544
2025-01-08 22:00:00,3480.4216772257255
2025-01-08 23:00:00,3368.7522226050655
2025-01-09 00:00:00,3240.8027403344313
2025-01-09 01:00:00,3166.621274449899
2025-01-09 02:00:00,3166.1132893791405
2025-01-09 03:00:00,3134.6013765271714
2025-01-09 04:00:00,3102.8723255648542
2025-01-09 05:00:00,3202.430725100302
2025-01-09 06:00:00,3310.331021284648
2025-01-09 07:00:00,3387.8199404622455
2025-01-09 08:00:00,3539.478361944429
2025-01-09 09:00:00,3619.068530364231
2025-01-09 10:00:00,3708.2877029437277
2025-01-09 11:00:00,3744.5017156896224
2025-01-09 12:00:00,3708.6325818689265
2025-01-09 13:00:00,3758.316286501938
2025-01-09 14:00:00,3765.413149278895
2025-01-09 15:00:00,3728.460222420588
2025-01-09 16:00:00,3728.497703006418
2025-01-09 17:00:00,3865.5430279130096
2025-01-09 18:00:00,3840.9532757865422
2025-01-09 19:00:00,3895.3238399065494
2025-01-09 20:00:00,3852.6718549528473
2025-01-09 21:00:00,3695.591948645911
2025-01-09 22:00:00,3483.802991629125
2025-01-09 23:00:00,3365.867936985178
2025-01-10 00:00:00,3215.024299693725
2025-01-10 01:00:00,3192.2042557027385
2025-01-10 02:00:00,3149.2260503903726
2025-01-10 03:00:00,3126.7869061648817
2025-01-10 04:00:00,3182.601876635748
2025-01-10 05:00:00,3150.487472979425
2025-01-10 06:00:00,3326.7126720642514
2025-01-10 07:00:00,3374.7245649328815
2025-01-10 08:00:00,3515.794341983696
2025-01-10 09:00:00,3634.026459043574
2025-01-10 10:00:00,3678.05539967296
2025-01-10 11:00:00,3680.9139195339462
2025-01-10 12:00:00,3728.2309399890632
2025-01-10 13:00:00,3807.0360198001663
2025-01-10 14:00:00,3727.779089880181
2025-01-10 15:00:00,3719.3561765897357
2025-01-10 16:00:00,3714.280256897772
2025-01-10 17:00:00,3730.141881971371
2025-01-10 18:00:00,3888.7855814860977
2025-01-10 19:00:00,3879.548500020438
2025-01-10 20:00:00,3761.271178266563
2025-01-10 21:00:00,3681.648462598971
2025-01-10 22:00:00,3473.867164378715
2025-01-10 23:00:00,3368.123351813164
2025-01-11 00:00:00,3177.7826692357958
2025-01-11 01:00:00,3158.397865449467
2025-01-11 02:00:00,3137.163122779562
2025-01-11 03:00:00,3109.1670998475115
2025-01-11 04:00:00,3058.130980807752
2025-01-11 05:00:00,3152.8399266048523
2025-01-11 06:00:00,3222.5272969659964
2025-01-11 07:00:00,3291.045321001198
2025-01-11 08:00:00,3429.61946869918
2025-01-11 09:00:00,3466.5688826817836
2025-01-11 10:00:00,3493.296379644557
2025-01-11 11:00:00,3591.834078769625
2025-01-11 12:00:00,3663.5702005122603
2025-01-11 13:00:00,3669.229001332472
2025-01-11 14:00:00,3594.9364942363236
2025-01-11 15:00:00,3588.4558852009704
2025-01-11 16:00:00,3638.9226460254154
2025-01-11 17:00:00,3618.567826132188
2025-01-11 18:00:00,3688.981354659524
2025-01-11 19:00:00,3735.6968629273274
2025-01-11 20:00:00,3648.6711118349995
2025-01-11 21:00:00,3563.953895853503
2025-01-11 22:00:00,3329.969526081495
2025-01-11 23:00:00,3244.7665800718523
2025-01-12 00:00:00,3191.421916219988
2025-01-12 01:00:00,3129.5709039916546
2025-01-12 02:00:00,3165.170863504535
2025-01-12 03:00:00,3052.285775126334
2025-01-12 04:00:00,3076.7420518502913
2025-01-12 05:00:00,3164.4324035133686
2025-01-12 06:00:00,3271.9366739708485
2025-01-12 07:00:00,3270.154785988839
2025-01-12 08:00:00,3413.137271297847
2025-01-12 09:00:00,3455.467203021002
2025-01-12 10:00:00,3500.991318648039
2025-01-12 11:00:00,3578.6370644873423
2025-01-12 12:00:00,3607.9499113640645
2025-01-12 13:00:00,3621.497374247389
2025-01-12 14:00:00,3641.002809475695
2025-01-12 15:00:00,3591.109612612845
2025-01-12 16:00:00,3605.484776913268
2025-01-12 17:00:00,3658.2465407574446
2025-01-12 18:00:00,3722.366159499666
2025-01-12 19:00:00,3675.7223332404
2025-01-12 20:00:00,3738.4516322659383
2025-01-12 21:00:00,3509.775518778411
2025-01-12 22:00:00,3414.276135628624
2025-01-12 23:00:00,3286.7949023346578
2025-01-13 00:00:00,3241.7635744115482
2025-01-13 01:00:00,3181.807212541769
2025-01-13 02:00:00,3155.7184843091227
2025-01-13 03:00:00,3111.903880530441
2025-01-13 04:00:00,3109.4953817732326
2025-01-13 05:00:00,3219.471479939582
2025-01-13 06:00:00,3317.4519106539537
2025-01-13 07:00:00,3399.3222164029075
2025-01-13 08:00:00,3553.9316059873167
2025-01-13 09:00:00,3610.9038903436917
2025-01-13 10:00:00,3699.461611063026
2025-01-13 11:00:00,3731.014469415144
2025-01-13 12:00:00,3724.2073314007635
2025-01-13 13:00:00,3768.8606326706044
2025-01-13 14:00:00,3771.4842751671117
2025-01-13 15:00:00,3730.4425181309807
2025-01-13 16:00:00,3711.6946760553615
2025-01-13 17:00:00,3752.5899703169357
2025-01-13 18:00:00,3861.654050143152
2025-01-13 19:00:00,3841.0732248519357
2025-01-13 20:00:00,3839.312815024041
2025-01-13 21:00:00,3669.614454769075
2025-01-13 22:00:00,3485.7010709083747
2025-01-13 23:00:00,3374.160594089451
2025-01-14 00:00:00,3255.731820040695
2025-01-14 01:00:00,3218.4302823986736
2025-01-14 02:00:00,3193.8772186006536
2025-01-14 03:00:00,3124.636368125387
2025-01-14 04:00:00,3141.1553979248874
2025-01-14 05:00:00,3189.6830041212174
2025-01-14 06:00:00,3316.4611155815364
2025-01-14 07:00:00,3414.586654424097
2025-01-14 08:00:00,3531.1461244343545
2025-01-14 09:00:00,3619.0663458270933
2025-01-14 10:00:00,3651.3667302816525
2025-01-14 11:00:00,3774.3179900864247
2025-01-14 12:00:00,3718.761765911733
2025-01-14 13:00:00,3748.9156440097486
2025-01-14 14:00:00,3783.6671527802537
2025-01-14 15:00:00,3735.6898055493475
2025-01-14 16:00:00,3730.7142117471512
2025-01-14 17:00:00,3767.778710939606
2025-01-14 18:00:00,3822.0677090527765
2025-01-14 19:00:00,3831.4950145552534
2025-01-14 20:00:00,3824.7602780479
2025-01-14 21:00:00,3655.5143438783084
2025-01-14 22:00:00,3518.892186842399
2025-01-14 23:00:00,3340.7021050953017
2025-01-15 00:00:00,3212.9261482004476
2025-01-15 01:00:00,3189.310921522884
2025-01-15 02:00:00,3171.220291699171
2025-01-15 03:00:00,3109.936850432635
2025-01-15 04:00:00,3103.4764694528803
2025-01-15 05:00:00,3203.765635124083
2025-01-15 06:00:00,3314.2741670391188
2025-01-15 07:00:00,3404.189442677946
2025-01-15 08:00:00,3515.01547378676
2025-01-15 09:00:00,3608.5041283381956
2025-01-15 10:00:00,3632.7467643418754
2025-01-15 11:00:00,3670.2805255123276
2025-01-15 12:00:00,3727.2840777955194
2025-01-15 13:00:00,3779.1197488701378
2025-01-15 14:00:00,3758.1550022986553
2025-01-15 15:00:00,3755.8905339792323
2025-01-15 16:00:00,3737.547033247375
2025-01-15 17:00:00,3744.034023975833
2025-01-15 18:00:00,3821.7556768534896
2025-01-15 19:00:00,3828.1395980645707
2025-01-15 20:00:00,3821.7710601371755
2025-01-15 21:00:00,3666.8368870816457
2025-01-15 22:00:00,3500.572314286101
2025-01-15 23:00:00,3322.4113326817983
2025-01-16 00:00:00,3247.66349877938
2025-01-16 01:00:00,3236.6805941299535
2025-01-16 02:00:00,3157.9708059181976
2025-01-16 03:00:00,3134.0077987716236
2025-01-16 04:00:00,3141.216224956309
2025-01-16 05:00:00,3187.210323710789
2025-01-16 06:00:00,3313.6610651284464
2025-01-16 07:00:00,3418.3331945839077
2025-01-16 08:00:00,3531.003577433995
2025-01-16 09:00:00,3579.478197026682
2025-01-16 10:00:00,3675.9774979791637
2025-01-16 11:00:00,3726.7980117516026
2025-01-16 12:00:00,3792.281921401388
2025-01-16 13:00:00,3814.565223334105
2025-01-16 14:00:00,3813.3361338184686
2025-01-16 15:00:00,3689.2222059413853
2025-01-16 16:00:00,3737.913916322717
2025-01-16 17:00:00,3754.2604297941984
2025-01-16 18:00:00,3889.2272164824026
2025-01-16 19:00:00,3834.0657789228153
2025-01-16 20:00:00,3796.5899929176026
2025-01-16 21:00:00,3657.6334730919057
2025-01-16 22:00:00,3432.1694525405715
2025-01-16 23:00:00,3330.4166991916245
2025-01-17 00:00:00,3214.5549148432615
2025-01-17 01:00:00,3201.291161928317
2025-01-17 02:00:00,3169.333407202051
2025-01-17 03:00:00,3170.8280491405535
2025-01-17 04:00:00,3147.692226725225
2025-01-17 05:00:00,3182.687218279655
2025-01-17 06:00:00,3283.9273553109792
2025-01-17 07:00:00,3431.408416886639
2025-01-17 08:00:00,3490.949716347062
2025-01-17 09:00:00,3654.4898988744953
2025-01-17 10:00:00,3709.900813138256
2025-01-17 11:00:00,3698.0428517331507
2025-01-17 12:00:00,3697.3510332795854
2025-01-17 13:00:00,3826.4803157952556
2025-01-17 14:00:00,3745.292601779267
2025-01-17 15:00:00,3748.7333491564245
2025-01-17 16:00:00,3664.6275895960266
2025-01-17 17:00:00,3730.7524815612974
2025-01-17 18:00:00,3822.392435698014
2025-01-17 19:00:00,3860.434705277813
2025-01-17 20:00:00,3808.470057081085
2025-01-17 21:00:00,3693.5360678956304
2025-01-17 22:00:00,3461.641560131659
2025-01-17 23:00:00,3340.6436307134354
2025-01-18 00:00:00,3200.521264575842
2025-01-18 01:00:00,3173.699785727247
2025-01-18 02:00:00,3141.724028409862
2025-01-18 03:00:00,3059.4116133099164
2025-01-18 04:00:00,3049.298676769021
2025-01-18 05:00:00,3192.9986668836086
2025-01-18 06:00:00,3242.794537954859
2025-01-18 07:00:00,3287.894694663411
2025-01-18 08:00:00,3423.1634208783894
2025-01-18 09:00:00,3457.9067561318648
2025-01-18 10:00:00,3561.500746123522
2025-01-18 11:00:00,3566.892081827487
2025-01-18 12:00:00,3661.0965792970137
2025-01-18 13:00:00,3689.5649893118707
2025-01-18 14:00:00,3631.224145657781
2025-01-18 15:00:00,3629.7133066607394
2025-01-18 16:00:00,3620.314405558704
2025-01-18 17:00:00,3678.3087453606013
2025-01-18 18:00:00,3646.8526954233344
2025-01-18 19:00:00,3732.3482487014285
2025-01-18 20:00:00,3706.3427374480048
2025-01-18 21:00:00,3514.8076944187214
2025-01-18 22:00:00,3385.602927232811
2025-01-18 23:00:00,3217.5868300044717
2025-01-19 00:00:00,3190.582088567955
2025-01-19 01:00:00,3178.864496080872
2025-01-19 02:00:00,3161.5148479220907
2025-01-19 03:00:00,3089.04572532036
2025-01-19 04:00:00,3127.4388532733815
2025-01-19 05:00:00,3125.823965632633
2025-01-19 06:00:00,3190.153036123682
2025-01-19 07:00:00,3306.261268805794
2025-01-19 08:00:00,3391.625228915441
2025-01-19 09:00:00,3453.8378223749196
2025-01-19 10:00:00,3469.891010492611
2025-01-19 11:00:00,3562.4574401220325
2025-01-19 12:00:00,3564.1647094743034
2025-01-19 13:00:00,3657.997131488787
2025-01-19 14:00:00,3649.175234307547
2025-01-19 15:00:00,3574.6700024906427
2025-01-19 16:00:00,3586.9451431307857
2025-01-19 17:00:00,3607.6726565451318
2025-01-19 18:00:00,3673.4139542406556
2025-01-19 19:00:00,3740.3733952837033
2025-01-19 20:00:00,3646.274477272481
2025-01-19 21:00:00,3579.3745462049365
2025-01-19 22:00:00,3403.489551999436
2025-01-19 23:00:00,3250.230834654436
2025-01-20 00:00:00,3231.5159620074724
2025-01-20 01:00:00,3171.050289690575
2025-01-20 02:00:00,3146.7791078201435
2025-01-20 03:00:00,3094.0879604434867
2025-01-20 04:00:00,3173.1283821931897
2025-01-20 05:00:00,3198.4341044674525
2025-01-20 06:00:00,3289.2754094898933
2025-01-20 07:00:00,3423.9026605978793
2025-01-20 08:00:00,3525.1406051861977
2025-01-20 09:00:00,3595.4505779898122
2025-01-20 10:00:00,3693.3822936130255
2025-01-20 11:00:00,3734.5728599868353
2025-01-20 12:00:00,3732.9206118856177
2025-01-20 13:00:00,3768.145459514853
2025-01-20 14:00:00,3740.5817057897857
2025-01-20 15:00:00,3643.7181647016214
2025-01-20 16:00:00,3667.0813892324672
2025-01-20 17:00:00,3789.8241252816474
2025-01-20 18:00:00,3872.6381375676506
2025-01-20 19:00:00,3851.40198898143
2025-01-20 20:00:00,3839.967528593099
2025-01-20 21:00:00,3684.47576153163
2025-01-20 22:00:00,3577.55871683365
2025-01-20 23:00:00,3374.500771326751
2025-01-21 00:00:00,3231.064310604442
2025-01-21 01:00:00,3173.176284206548
2025-01-21 02:00:00,3120.243585170455
2025-01-21 03:00:00,3129.1965659422904
2025-01-21 04:00:00,3105.208029377708
2025-01-21 05:00:00,3161.2373110192984
2025-01-21 06:00:00,3290.7723835062516
2025-01-21 07:00:00,3388.570330532053
2025-01-21 08:00:00,3576.0315885246337
2025-01-21 09:00:00,3627.3214413007795
2025-01-21 10:00:00,3675.190778864371
2025-01-21 11:00:00,3756.1299994548713
2025-01-21 12:00:00,3751.254094922027
2025-01-21 13:00:00,3759.6035318551653
2025-01-21 14:00:00,3794.6144352012698
2025-01-21 15:00:00,3728.183699987588
2025-01-21 16:00:00,3681.3759027555207
2025-01-21 17:00:00,3743.2251689856143
2025-01-21 18:00:00,3795.666208333874
2025-01-21 19:00:00,3816.504495088818
2025-01-21 20:00:00,3850.7642909154024
2025-01-21 21:00:00,3731.568545965422
2025-01-21 22:00:00,3452.5874297037
2025-01-21 23:00:00,3359.7003551030566
2025-01-22 00:00:00,3217.656656538017
2025-01-22 01:00:00,3185.2754560417593
2025-01-22 02:00:00,3146.0010792493376
2025-01-22 03:00:00,3102.631432267245
2025-01-22 04:00:00,3125.438590840796
2025-01-22 05:00:00,3176.479767359332
2025-01-22 06:00:00,3315.161219610442
2025-01-22 07:00:00,3416.8968169542886
2025-01-22 08:00:00,3521.7923342978474
2025-01-22 09:00:00,3575.8959202556935
2025-01-22 10:00:00,3658.600164045984
2025-01-22 11:00:00,3734.7494265138193
2025-01-22 12:00:00,3764.0948136707316
2025-01-22 13:00:00,3756.2197816796265
2025-01-22 14:00:00,3752.050251716977
2025-01-22 15:00:00,3734.6305105834726
2025-01-22 16:00:00,3662.7365507598793
2025-01-22 17:00:00,3765.367788384041
2025-01-22 18:00:00,3802.3187468796264
2025-01-22 19:00:00,3876.954879657392
2025-01-22 20:00:00,3799.2412502293864
2025-01-22 21:00:00,3622.4882071952416
2025-01-22 22:00:00,3446.317648137748
2025-01-22 23:00:00,3346.0461007376207
2025-01-23 00:00:00,3241.3615361799325
2025-01-23 01:00:00,3174.748191302033
2025-01-23 02:00:00,3177.2754742293423
2025-01-23 03:00:00,3082.839211762877
2025-01-23 04:00:00,3122.7171623197605
2025-01-23 05:00:00,3166.901875512166
2025-01-23 06:00:00,3290.904224804388
2025-01-23 07:00:00,3419.7232970524215
2025-01-23 08:00:00,3504.409789067874
2025-01-23 09:00:00,3591.131457952042
2025-01-23 10:00:00,3705.318897254395
2025-01-23 11:00:00,3695.3516873487615
2025-01-23 12:00:00,3774.308288004653
2025-01-23 13:00:00,3751.7833085976204
2025-01-23 14:00:00,3765.1335034448466
2025-01-23 15:00:00,3755.2997266664693
2025-01-23 16:00:00,3639.0777569204274
2025-01-23 17:00:00,3725.3405593041684
2025-01-23 18:00:00,3840.405201698957
2025-01-23 19:00:00,3853.2451764022785
2025-01-23 20:00:00,3834.1075532277905
2025-01-23 21:00:00,3657.967345556994
2025-01-23 22:00:00,3494.360558267307
2025-01-23 23:00:00,3340.746691437693
2025-01-24 00:00:00,3265.0386920713104
2025-01-24 01:00:00,3204.5681159248
2025-01-24 02:00:00,3169.8377008501993
2025-01-24 03:00:00,3114.24488852694
2025-01-24 04:00:00,3112.351935581348
2025-01-24 05:00:00,3186.9921207254542
2025-01-24 06:00:00,3318.7766303332955
2025-01-24 07:00:00,3407.101209132588
2025-01-24 08:00:00,3537.073246527457
2025-01-24 09:00:00,3662.2227431586757
2025-01-24 10:00:00,3701.5473080916
2025-01-24 11:00:00,3703.0056679131885
2025-01-24 12:00:00,3785.479474085584
2025-01-24 13:00:00,3773.847190358673
2025-01-24 14:00:00,3688.3136160182726
2025-01-24 15:00:00,3682.747371778438
2025-01-24 16:00:00,3657.1237103337717
2025-01-24 17:00:00,3738.9045043022875
2025-01-24 18:00:00,3823.530255631152
2025-01-24 19:00:00,3911.490963225326
2025-01-24 20:00:00,3832.9656131583333
2025-01-24 21:00:00,3669.4865770611764
2025-01-24 22:00:00,3515.3044328072374
2025-01-24 23:00:00,3285.924403191086
2025-01-25 00:00:00,3204.291981765214
2025-01-25 01:00:00,3180.998606544291
2025-01-25 02:00:00,3087.7786395115586
2025-01-25 03:00:00,3116.23367697913
2025-01-25 04:00:00,3096.340730379551
2025-01-25 05:00:00,3150.998404373427
2025-01-25 06:00:00,3251.401693994899
2025-01-25 07:00:00,3368.6500503010434
2025-01-25 08:00:00,3386.9924484132125
2025-01-25 09:00:00,3462.4570686301668
2025-01-25 10:00:00,3516.1492574069766
2025-01-25 11:00:00,3541.6364745464116
2025-01-25 12:00:00,3626.572887970868
2025-01-25 13:00:00,3614.478243823388
2025-01-25 14:00:00,3641.486985567579
2025-01-25 15:00:00,3588.875039708886
2025-01-25 16:00:00,3616.4464101069657
2025-01-25 17:00:00,3649.117966143362
2025-01-25 18:00:00,3706.678312006381
2025-01-25 19:00:00,3697.777390016348
2025-01-25 20:00:00,3668.2281297751947
2025-01-25 21:00:00,3537.9587871776457
2025-01-25 22:00:00,3406.6817031079263
2025-01-25 23:00:00,3281.6623958012883
2025-01-26 00:00:00,3217.867018349757
2025-01-26 01:00:00,3138.4077513953916
2025-01-26 02:00:00,3146.7084681470305
2025-01-26 03:00:00,3121.696095529852
2025-01-26 04:00:00,3098.4183745078476
2025-01-26 05:00:00,3209.2042909250863
2025-01-26 06:00:00,3215.2342627467256
2025-01-26 07:00:00,3275.8438073245416
2025-01-26 08:00:00,3334.1892965123966
2025-01-26 09:00:00,3497.2083694691546
2025-01-26 10:00:00,3547.852253055934
2025-01-26 11:00:00,3564.5547860517286
2025-01-26 12:00:00,3610.974506497427
2025-01-26 13:00:00,3606.897976637814
2025-01-26 14:00:00,3710.883065539475
2025-01-26 15:00:00,3606.629476845706
2025-01-26 16:00:00,3606.058016139456
2025-01-26 17:00:00,3660.801643205907
2025-01-26 18:00:00,3690.5807632269275
2025-01-26 19:00:00,3719.848516593491
2025-01-26 20:00:00,3653.1845606828056
2025-01-26 21:00:00,3579.591147530373
2025-01-26 22:00:00,3470.56161211856
2025-01-26 23:00:00,3307.2438757318037
2025-01-27 00:00:00,3276.7656338606007
2025-01-27 01:00:00,3185.6778393306163
2025-01-27 02:00:00,3136.95954946304
2025-01-27 03:00:00,3122.0802792441705
2025-01-27 04:00:00,3126.6184020348746
2025-01-27 05:00:00,3226.760336454282
2025-01-27 06:00:00,3264.258191550775
2025-01-27 07:00:00,3461.204733828204
2025-01-27 08:00:00,3525.2043633750504
2025-01-27 09:00:00,3590.895688747957
2025-01-27 10:00:00,3646.965583794876
2025-01-27 11:00:00,3664.3403397013217
2025-01-27 12:00:00,3774.9671115923197
2025-01-27 13:00:00,3789.2588328271045
2025-01-27 14:00:00,3711.568599089204
2025-01-27 15:00:00,3675.028629779115
2025-01-27 16:00:00,3703.5273600383907
2025-01-27 17:00:00,3800.344468322413
2025-01-27 18:00:00,3815.8639112000965
2025-01-27 19:00:00,3814.1483436089
2025-01-27 20:00:00,3816.287536392825
2025-01-27 21:00:00,3668.713645066791
2025-01-27 22:00:00,3417.539113869744
2025-01-27 23:00:00,3344.376018268526
2025-01-28 00:00:00,3229.844081647533
2025-01-28 01:00:00,3216.8690796085693
2025-01-28 02:00:00,3209.0561194072184
2025-01-28 03:00:00,3153.678788994113
2025-01-28 04:00:00,3118.7867518005255
2025-01-28 05:00:00,3170.7328128323015
2025-01-28 06:00:00,3377.4930656750203
2025-01-28 07:00:00,3421.295782296682
2025-01-28 08:00:00,3530.381201403708
2025-01-28 09:00:00,3602.8337692222117
2025-01-28 10:00:00,3682.8976395092423
2025-01-28 11:00:00,3709.5523195020883
2025-01-28 12:00:00,3733.3994103068094
2025-01-28 13:00:00,3770.8134730651896
2025-01-28 14:00:00,3749.6293210400477
2025-01-28 15:00:00,3697.695825680732
2025-01-28 16:00:00,3692.662203583912
2025-01-28 17:00:00,3753.805507508241
2025-01-28 18:00:00,3816.3529167186634
2025-01-28 19:00:00,3907.3786229176167
2025-01-28 20:00:00,3743.051769233765
2025-01-28 21:00:00,3709.1790488206234
2025-01-28 22:00:00,3528.039902040963
2025-01-28 23:00:00,3290.6315687498586
2025-01-29 00:00:00,3227.274388237823
2025-01-29 01:00:00,3189.8648763635133
2025-01-29 02:00:00,3126.9863626863457
2025-01-29 03:00:00,3106.3725778223948
2025-01-29 04:00:00,3098.05140767807
2025-01-29 05:00:00,3244.2212145938947
2025-01-29 06:00:00,3334.4695462179316
2025-01-29 07:00:00,3454.8081666487715
2025-01-29 08:00:00,3550.7233927333546
2025-01-29 09:00:00,3571.338353075392
2025-01-29 10:00:00,3662.007830936073
2025-01-29 11:00:00,3728.754482881314
2025-01-29 12:00:00,3714.3142488359767
2025-01-29 13:00:00,3809.3674774915944
2025-01-29 14:00:00,3743.77607928415
2025-01-29 15:00:00,3703.07603507104
2025-01-29 16:00:00,3735.3386066964995
2025-01-29 17:00:00,3764.3191501401234
2025-01-29 18:00:00,3813.4922932144996
2025-01-29 19:00:00,3897.1231716284206
2025-01-29 20:00:00,3791.4599900720495
2025-01-29 21:00:00,3695.5594858284067
2025-01-29 22:00:00,3510.1433249102242
2025-01-29 23:00:00,3338.182352915571
2025-01-30 00:00:00,3244.9436810789334
2025-01-30 01:00:00,3167.695328007177
2025-01-30 02:00:00,3186.323796395425
2025-01-30 03:00:00,3121.5399623429635
2025-01-30 04:00:00,3113.0912938100096
2025-01-30 05:00:00,3226.573338670646
2025-01-30 06:00:00,3291.404914018647
2025-01-30 07:00:00,3381.851548384594
2025-01-30 08:00:00,3486.7584116136727
2025-01-30 09:00:00,3621.7573275247873
2025-01-30 10:00:00,3640.1665627141874
2025-01-30 11:00:00,3766.7658127201157
2025-01-30 12:00:00,3688.915934194019
2025-01-30 13:00:00,3839.5872837471566
2025-01-30 14:00:00,3757.7299679892167
2025-01-30 15:00:00,3711.744664040871
2025-01-30 16:00:00,3698.4253497352393
2025-01-30 17:00:00,3763.3756299463703
2025-01-30 18:00:00,3823.8022830837426
2025-01-30 19:00:00,3895.8175459561635
2025-01-30 20:00:00,3828.449215009349
2025-01-30 21:00:00,3682.262566879155
2025-01-30 22:00:00,3483.7847278380095
2025-01-30 23:00:00,3345.309954013407
2025-01-31 00:00:00,3244.852106364688
2025-01-31 01:00:00,3156.317155538538
2025-01-31 02:00:00,3129.1981803957065
2025-01-31 03:00:00,3145.124047975021
2025-01-31 04:00:00,3130.8070601772715
2025-01-31 05:00:00,3195.3886995007388
2025-01-31 06:00:00,3310.9352499498414
2025-01-31 07:00:00,3430.307335471273
2025-01-31 08:00:00,3515.8957725104246
2025-01-31 09:00:00,3582.264517310472
2025-01-31 10:00:00,3684.037484728934
2025-01-31 11:00:00,3685.979561862482
2025-01-31 12:00:00,3764.0935860701243
2025-01-31 13:00:00,3737.0191633123395
2025-01-31 14:00:00,3782.729812178765
2025-01-31 15:00:00,3729.1030625221188
2025-01-31 16:00:00,3722.66656986249
2025-01-31 17:00:00,3781.335188619917
2025-01-31 18:00:00,3876.3744046018123
2025-01-31 19:00:00,3893.5297340538864
2025-01-31 20:00:00,3769.0687609757933
2025-01-31 21:00:00,3640.62142120094
2025-01-31 22:00:00,3476.894046414213
2025-01-31 23:00:00,3347.9284604391682
2025-02-01 00:00:00,3180.9658094643983
2025-02-01 01:00:00,3113.253904241933
2025-02-01 02:00:00,3099.6472059880766
2025-02-01 03:00:00,3040.1274144157464
2025-02-01 04:00:00,3043.6476339155724
2025-02-01 05:00:00,3096.1959192901554
2025-02-01 06:00:00,3180.592699601309
2025-02-01 07:00:00,3241.646332010759
2025-02-01 08:00:00,3323.7543819927832
2025-02-01 09:00:00,3451.581786684947
2025-02-01 10:00:00,3469.0057828879026
2025-02-01 11:00:00,3606.3471233018304
2025-02-01 12:00:00,3582.462022051705
2025-02-01 13:00:00,3610.121657576529
2025-02-01 14:00:00,3580.0376871688536
2025-02-01 15:00:00,3588.371029115587
2025-02-01 16:00:00,3551.946506487108
2025-02-01 17:00:00,3608.3098517221747
2025-02-01 18:00:00,3715.777632316511
2025-02-01 19:00:00,3674.789187994798
2025-02-01 20:00:00,3674.6812285011347
2025-02-01 21:00:00,3512.0984571696467
2025-02-01 22:00:00,3385.371235297274
2025-02-01 23:00:00,3286.579617383165
2025-02-02 00:00:00,3152.385899996244
2025-02-02 01:00:00,3177.2708480410743
2025-02-02 02:00:00,3112.969633118523
2025-02-02 03:00:00,3045.2614023488873
2025-02-02 04:00:00,3074.5026219933957
2025-02-02 05:00:00,3156.227400837659
2025-02-02 06:00:00,3220.635807689879
2025-02-02 07:00:00,3236.3564342777
2025-02-02 08:00:00,3330.8726541590204
2025-02-02 09:00:00,3416.4175553743116
2025-02-02 10:00:00,3493.9481791218177
2025-02-02 11:00:00,3549.986859722144
2025-02-02 12:00:00,3573.937433926175
2025-02-02 13:00:00,3566.7665551207706
2025-02-02 14:00:00,3616.246647438031
2025-02-02 15:00:00,3586.2966878511097
2025-02-02 16:00:00,3584.8464358235924
2025-02-02 17:00:00,3636.453031817403
2025-02-02 18:00:00,3665.993005974288
2025-02-02 19:00:00,3691.626180913605
2025-02-02 20:00:00,3639.653687157703
2025-02-02 21:00:00,3485.5088789587167
2025-02-02 22:00:00,3398.4191908824682
2025-02-02 23:00:00,3246.4962114470345
2025-02-03 00:00:00,3212.1212404022313
2025-02-03 01:00:00,3136.3699439551483
2025-02-03 02:00:00,3105.2234645625686
2025-02-03 03:00:00,3121.974450153324
2025-02-03 04:00:00,3094.911212124736
2025-02-03 05:00:00,3186.011333851681
2025-02-03 06:00:00,3278.744729432881
2025-02-03 07:00:00,3388.0751811424043
2025-02-03 08:00:00,3522.781523423772
2025-02-03 09:00:00,3554.644394845374
2025-02-03 10:00:00,3645.0253119278664
2025-02-03 11:00:00,3665.042429802609
2025-02-03 12:00:00,3702.1555876599537
2025-02-03 13:00:00,3742.212448963048
2025-02-03 14:00:00,3721.6709939838897
2025-02-03 15:00:00,3664.557633212717
2025-02-03 16:00:00,3715.602676054592
2025-02-03 17:00:00,3688.480832331402
2025-02-03 18:00:00,3782.2507178005635
2025-02-03 19:00:00,3810.8823587011257
2025-02-03 20:00:00,3831.76176390131
2025-02-03 21:00:00,3647.951737370472
2025-02-03 22:00:00,3488.6757284883
2025-02-03 23:00:00,3275.034133670655
2025-02-04 00:00:00,3212.4978293368767
2025-02-04 01:00:00,3191.7769366932866
2025-02-04 02:00:00,3134.8558381513117
2025-02-04 03:00:00,3122.7587111958624
2025-02-04 04:00:00,3083.5520614302764
2025-02-04 05:00:00,3204.95371375781
2025-02-04 06:00:00,3338.800529530805
2025-02-04 07:00:00,3377.9546744373833
2025-02-04 08:00:00,3484.6082997148847
2025-02-04 09:00:00,3611.4354188002926
2025-02-04 10:00:00,3688.815577069303
2025-02-04 11:00:00,3663.821398575676
2025-02-04 12:00:00,3703.1488305788203
2025-02-04 13:00:00,3743.6085658745524
2025-02-04 14:00:00,3675.674989272529
2025-02-04 15:00:00,3652.1717823992094
2025-02-04 16:00:00,3649.6555310690073
2025-02-04 17:00:00,3692.8160623550184
2025-02-04 18:00:00,3787.443367781857
2025-02-04 19:00:00,3832.0892539701485
2025-02-04 20:00:00,3835.4870977523387
2025-02-04 21:00:00,3613.6889661005494
2025-02-04 22:00:00,3487.895217999528
2025-02-04 23:00:00,3309.2579023086396
2025-02-05 00:00:00,3204.9002345866547
2025-02-05 01:00:00,3186.8472014657104
2025-02-05 02:00:00,3105.1588581151327
2025-02-05 03:00:00,3106.3419118034126
2025-02-05 04:00:00,3100.9915763558233
2025-02-05 05:00:00,3182.2227295158677
2025-02-05 06:00:00,3286.621978851707
2025-02-05 07:00:00,3454.8927238070473
2025-02-05 08:00:00,3479.7941777424235
2025-02-05 09:00:00,3555.3389030690855
2025-02-05 10:00:00,3625.211132072495
2025-02-05 11:00:00,3663.4551499236654
2025-02-05 12:00:00,3697.2918042636766
2025-02-05 13:00:00,3788.3709581698636
2025-02-05 14:00:00,3758.4727712777503
2025-02-05 15:00:00,3663.0056489332715
2025-02-05 16:00:00,3655.304274541426
2025-02-05 17:00:00,3730.256430691718
2025-02-05 18:00:00,3772.3692897752685
2025-02-05 19:00:00,3844.912953693484
2025-02-05 20:00:00,3795.259934309748
2025-02-05 21:00:00,3599.1944238237365
2025-02-05 22:00:00,3504.054976198079
2025-02-05 23:00:00,3363.1035914566623
2025-02-06 00:00:00,3190.9961655960283
2025-02-06 01:00:00,3160.4435530960704
2025-02-06 02:00:00,3141.0034056012355
2025-02-06 03:00:00,3105.6841648670597
2025-02-06 04:00:00,3113.714784608728
2025-02-06 05:00:00,3221.259756355644
2025-02-06 06:00:00,3274.9538784755337
2025-02-06 07:00:00,3367.2733822389973
2025-02-06 08:00:00,3459.6346873359944
2025-02-06 09:00:00,3550.2341944473837
2025-02-06 10:00:00,3643.0302862141034
2025-02-06 11:00:00,3733.274005078863
2025-02-06 12:00:00,3701.4847469235956
2025-02-06 13:00:00,3760.0354577340354
2025-02-06 14:00:00,3716.387587785371
2025-02-06 15:00:00,3715.426405426026
2025-02-06 16:00:00,3754.8376664985203
2025-02-06 17:00:00,3701.090535839787
2025-02-06 18:00:00,3774.916994878941
2025-02-06 19:00:00,3858.1571145236917
2025-02-06 20:00:00,3810.4294608302803
2025-02-06 21:00:00,3697.8311555726027
2025-02-06 22:00:00,3477.967725530681
2025-02-06 23:00:00,3306.504957325587
2025-02-07 00:00:00,3222.4469369851336
2025-02-07 01:00:00,3198.9694410165166
2025-02-07 02:00:00,3154.972471033545
2025-02-07 03:00:00,3110.5243135354417
2025-02-07 04:00:00,3124.3882856649316
2025-02-07 05:00:00,3200.50646409595
2025-02-07 06:00:00,3316.4546061399237
2025-02-07 07:00:00,3407.1147451135066
2025-02-07 08:00:00,3494.185905524749
2025-02-07 09:00:00,3575.9488909130096
2025-02-07 10:00:00,3679.828099932458
2025-02-07 11:00:00,3657.038426382886
2025-02-07 12:00:00,3728.5071434467895
2025-02-07 13:00:00,3742.176453044964
2025-02-07 14:00:00,3718.397554227809
2025-02-07 15:00:00,3718.7450106898787
2025-02-07 16:00:00,3686.7238089718603
2025-02-07 17:00:00,3718.923712175617
2025-02-07 18:00:00,3749.2000892264987
2025-02-07 19:00:00,3849.7287594660243
2025-02-07 20:00:00,3810.0089970776444
2025-02-07 21:00:00,3707.724124861626
2025-02-07 22:00:00,3453.8919425701292
2025-02-07 23:00:00,3322.445935133125
2025-02-08 00:00:00,3177.7683827809124
2025-02-08 01:00:00,3174.550165169254
2025-02-08 02:00:00,3096.1722326630425
2025-02-08 03:00:00,3068.9161904927087
2025-02-08 04:00:00,3076.9725254687364
2025-02-08 05:00:00,3139.667929568234
2025-02-08 06:00:00,3196.437588363613
2025-02-08 07:00:00,3285.895342029792
2025-02-08 08:00:00,3382.5130474138323
2025-02-08 09:00:00,3398.474784053893
2025-02-08 10:00:00,3503.243896661754
2025-02-08 11:00:00,3516.1697261042987
2025-02-08 12:00:00,3606.581691677154
2025-02-08 13:00:00,3564.9052884476937
2025-02-08 14:00:00,3592.7446334779197
2025-02-08 15:00:00,3583.208445825729
2025-02-08 16:00:00,3617.1697222285065
2025-02-08 17:00:00,3606.983015176319
2025-02-08 18:00:00,3629.1435361442154
2025-02-08 19:00:00,3737.1961590889246
2025-02-08 20:00:00,3603.1066788303683
2025-02-08 21:00:00,3473.775225331734
2025-02-08 22:00:00,3402.0949752174943
2025-02-08 23:00:00,3231.317121939026
2025-02-09 00:00:00,3146.1487660740586
2025-02-09 01:00:00,3153.372586989606
2025-02-09 02:00:00,3105.1876663902585
2025-02-09 03:00:00,3048.861822868244
2025-02-09 04:00:00,3031.313245444777
2025-02-09 05:00:00,3157.4890294776806
2025-02-09 06:00:00,3225.2140923000393
2025-02-09 07:00:00,3278.8420925239393
2025-02-09 08:00:00,3403.9210079031277
2025-02-09 09:00:00,3397.947735085883
2025-02-09 10:00:00,3457.491403838419
2025-02-09 11:00:00,3517.0927624479264
2025-02-09 12:00:00,3571.8265907607
2025-02-09 13:00:00,3616.6170210495634
2025-02-09 14:00:00,3602.6240691293015
2025-02-09 15:00:00,3583.1931853994606
2025-02-09 16:00:00,3537.354367555467
2025-02-09 17:00:00,3651.2813638102702
2025-02-09 18:00:00,3643.654463508331
2025-02-09 19:00:00,3715.4268244243854
2025-02-09 20:00:00,3656.047434252887
2025-02-09 21:00:00,3549.5922421152704
2025-02-09 22:00:00,3406.2829934552715
2025-02-09 23:00:00,3256.607568203308
2025-02-10 00:00:00,3225.682795487584
2025-02-10 01:00:00,3206.450071394326
2025-02-10 02:00:00,3141.176639494829
2025-02-10 03:00:00,3117.3599875544473
2025-02-10 04:00:00,3097.552668004289
2025-02-10 05:00:00,3209.2665449954784
2025-02-10 06:00:00,3264.357839559266
2025-02-10 07:00:00,3440.3851905883835
2025-02-10 08:00:00,3499.800969010722
2025-02-10 09:00:00,3532.9545028401044
2025-02-10 10:00:00,3650.5349597033946
2025-02-10 11:00:00,3663.1976156917362
2025-02-10 12:00:00,3744.749304648323
2025-02-10 13:00:00,3736.590423042905
2025-02-10 14:00:00,3706.4560767141115
2025-02-10 15:00:00,3627.5881261364507
2025-02-10 16:00:00,3669.9378543179564
2025-02-10 17:00:00,3647.604062668383
2025-02-10 18:00:00,3744.6117370455613
2025-02-10 19:00:00,3852.4313303995004
2025-02-10 20:00:00,3816.511738773286
2025-02-10 21:00:00,3659.2100536250814
2025-02-10 22:00:00,3437.6573294321574
2025-02-10 23:00:00,3317.319135547038
2025-02-11 00:00:00,3209.7736229834413
2025-02-11 01:00:00,3143.9828339280666
2025-02-11 02:00:00,3174.6428863337837
2025-02-11 03:00:00,3122.2005430630147
2025-02-11 04:00:00,3094.958190496786
2025-02-11 05:00:00,3174.0729349282033
2025-02-11 06:00:00,3288.2902973913097
2025-02-11 07:00:00,3336.8363724571905
2025-02-11 08:00:00,3494.7478711184003
2025-02-11 09:00:00,3555.12095120639
2025-02-11 10:00:00,3618.3472763083864
2025-02-11 11:00:00,3675.7661995776107
2025-02-11 12:00:00,3774.0333784820973
2025-02-11 13:00:00,3776.2635902527586
2025-02-11 14:00:00,3703.525960138841
2025-02-11 15:00:00,3700.9262947742463
2025-02-11 16:00:00,3725.2932751434264
2025-02-11 17:00:00,3748.047647476679
2025-02-11 18:00:00,3795.2878084350264
2025-02-11 19:00:00,3810.132003573307
2025-02-11 20:00:00,3814.667715496827
2025-02-11 21:00:00,3659.057290485265
2025-02-11 22:00:00,3490.0125553909534
2025-02-11 23:00:00,3336.159959327045
2025-02-12 00:00:00,3237.5345096527485
2025-02-12 01:00:00,3160.502226608457
2025-02-12 02:00:00,3170.6772323829096
2025-02-12 03:00:00,3106.0279058116644
2025-02-12 04:00:00,3152.6108140645047
2025-02-12 05:00:00,3156.592947090241
2025-02-12 06:00:00,3329.1457319510964
2025-02-12 07:00:00,3398.368390633048
2025-02-12 08:00:00,3484.1953394939883
2025-02-12 09:00:00,3561.574719276099
2025-02-12 10:00:00,3639.0331272128474
2025-02-12 11:00:00,3697.3709168073055
2025-02-12 12:00:00,3736.9160214586004
2025-02-12 13:00:00,3740.587660782829
2025-02-12 14:00:00,3720.625731569172
2025-02-12 15:00:00,3748.0188062137063
2025-02-12 16:00:00,3735.79309011155
2025-02-12 17:00:00,3734.340494871557
2025-02-12 18:00:00,3795.4720283032593
2025-02-12 19:00:00,3834.4808114070865
2025-02-12 20:00:00,3812.9415104225523
2025-02-12 21:00:00,3618.5308118381795
2025-02-12 22:00:00,3458.8275062327793
2025-02-12 23:00:00,3275.710668319479
2025-02-13 00:00:00,3221.570972444093
2025-02-13 01:00:00,3191.2603688481727
2025-02-13 02:00:00,3126.199108457462
2025-02-13 03:00:00,3140.8961021087657
2025-02-13 04:00:00,3071.421072464193
2025-02-13 05:00:00,3137.6294682681305
2025-02-13 06:00:00,3290.1964845835814
2025-02-13 07:00:00,3422.2047224907346
2025-02-13 08:00:00,3550.4462160269354
2025-02-13 09:00:00,3563.1082209139363
2025-02-13 10:00:00,3680.712037331145
2025-02-13 11:00:00,3684.5780402294163
2025-02-13 12:00:00,3717.065267920961
2025-02-13 13:00:00,3785.2692013709375
2025-02-13 14:00:00,3741.630341986036
2025-02-13 15:00:00,3639.2324510088692
2025-02-13 16:00:00,3729.2503271942
2025-02-13 17:00:00,3763.3015737497526
2025-02-13 18:00:00,3776.197092907972
2025-02-13 19:00:00,3843.815088067192
2025-02-13 20:00:00,3810.1896359091934
2025-02-13 21:00:00,3656.8313269647165
2025-02-13 22:00:00,3451.498004997522
2025-02-13 23:00:00,3302.948793388838
2025-02-14 00:00:00,3211.421981631182
2025-02-14 01:00:00,3205.3704788973937
2025-02-14 02:00:00,3152.7280692319027
2025-02-14 03:00:00,3093.377081451792
2025-02-14 04:00:00,3121.729985281823
2025-02-14 05:00:00,3103.211593199032
2025-02-14 06:00:00,3315.270723973263
2025-02-14 07:00:00,3347.338279038977
2025-02-14 08:00:00,3493.92559055998
2025-02-14 09:00:00,3545.04631281464
2025-02-14 10:00:00,3612.283733472067
2025-02-14 11:00:00,3720.82619341181
2025-02-14 12:00:00,3709.160791637077
2025-02-14 13:00:00,3770.0137447091556
2025-02-14 14:00:00,3721.693628512842
2025-02-14 15:00:00,3700.6594841723304
2025-02-14 16:00:00,3688.855938343608
2025-02-14 17:00:00,3684.8775693325056
2025-02-14 18:00:00,3826.348303865358
2025-02-14 19:00:00,3817.4548785321113
2025-02-14 20:00:00,3748.8214960548466
2025-02-14 21:00:00,3637.5880893405656
2025-02-14 22:00:00,3509.216985971276
2025-02-14 23:00:00,3344.1739610810323
2025-02-15 00:00:00,3167.4992325022863
2025-02-15 01:00:00,3131.075984162872
2025-02-15 02:00:00,3095.3539035449453
2025-02-15 03:00:00,3117.7814237470407
2025-02-15 04:00:00,3076.199819631741
2025-02-15 05:00:00,3150.651041952717
2025-02-15 06:00:00,3239.349981123029
2025-02-15 07:00:00,3292.1654762221006
2025-02-15 08:00:00,3351.947352040599
2025-02-15 09:00:00,3426.5370162675918
2025-02-15 10:00:00,3502.939957353279
2025-02-15 11:00:00,3540.4029300298193
2025-02-15 12:00:00,3598.7948469996963
2025-02-15 13:00:00,3615.979297776326
2025-02-15 14:00:00,3635.662127074293
2025-02-15 15:00:00,3575.656958571457
2025-02-15 16:00:00,3580.218202049491
2025-02-15 17:00:00,3556.6976328390692
2025-02-15 18:00:00,3677.751115350897
2025-02-15 19:00:00,3697.7183838968554
2025-02-15 20:00:00,3680.136887494601
2025-02-15 21:00:00,3459.4017751817137
2025-02-15 22:00:00,3452.1452540635523
2025-02-15 23:00:00,3245.7498925647906
2025-02-16 00:00:00,3205.3324558499226
2025-02-16 01:00:00,3114.5184588123952
2025-02-16 02:00:00,3119.344154323755
2025-02-16 03:00:00,3041.756258840029
2025-02-16 04:00:00,3052.3001576341303
2025-02-16 05:00:00,3188.7366356912876
2025-02-16 06:00:00,3208.7822129062097
2025-02-16 07:00:00,3292.4399757289175
2025-02-16 08:00:00,3383.1468863252767
2025-02-16 09:00:00,3446.4120257558416
2025-02-16 10:00:00,3510.0564533467327
2025-02-16 11:00:00,3552.6994187330397
2025-02-16 12:00:00,3647.6881951523214
2025-02-16 13:00:00,3613.72860955585
2025-02-16 14:00:00,3621.2115474089233
2025-02-16 15:00:00,3608.957278888027
2025-02-16 16:00:00,3610.5283062946655
2025-02-16 17:00:00,3649.727795961584
2025-02-16 18:00:00,3670.5749741002105
2025-02-16 19:00:00,3654.7062326121777
2025-02-16 20:00:00,3699.635485375169
2025-02-16 21:00:00,3509.8707263310125
2025-02-16 22:00:00,3404.5029499795432
2025-02-16 23:00:00,3230.5912990298852
2025-02-17 00:00:00,3212.876697702206
2025-02-17 01:00:00,3186.3558358591204
2025-02-17 02:00:00,3149.544950634901
2025-02-17 03:00:00,3115.4202849434664
2025-02-17 04:00:00,3145.0237890435146
2025-02-17 05:00:00,3189.528033813236
2025-02-17 06:00:00,3281.162021399241
2025-02-17 07:00:00,3423.370961931642
2025-02-17 08:00:00,3540.1251973067033
2025-02-17 09:00:00,3544.656296027203
2025-02-17 10:00:00,3670.328361034805
2025-02-17 11:00:00,3710.094515217701
2025-02-17 12:00:00,3717.058369770384
2025-02-17 13:00:00,3803.8649750942227
2025-02-17 14:00:00,3721.4552007417433
2025-02-17 15:00:00,3693.105679015032
2025-02-17 16:00:00,3684.291017122012
2025-02-17 17:00:00,3726.392342486623
2025-02-17 18:00:00,3765.667518171944
2025-02-17 19:00:00,3791.3274044326517
2025-02-17 20:00:00,3847.4453938327074
2025-02-17 21:00:00,3628.119838615242
2025-02-17 22:00:00,3442.7041797692023
2025-02-17 23:00:00,3266.8473266624824
2025-02-18 00:00:00,3198.956908929575
2025-02-18 01:00:00,3145.2071779748603
2025-02-18 02:00:00,3183.5937428591715
2025-02-18 03:00:00,3130.867479408407
2025-02-18 04:00:00,3088.6794091085735
2025-02-18 05:00:00,3236.1357818625374
2025-02-18 06:00:00,3314.298179816732
2025-02-18 07:00:00,3389.2553596459675
2025-02-18 08:00:00,3437.564117071296
2025-02-18 09:00:00,3646.4054486315
2025-02-18 10:00:00,3613.237319580152
2025-02-18 11:00:00,3641.816894098819
2025-02-18 12:00:00,3757.421222100049
2025-02-18 13:00:00,3836.926875339001
2025-02-18 14:00:00,3768.2055460387187
2025-02-18 15:00:00,3707.0426305740625
2025-02-18 16:00:00,3707.9532788030797
2025-02-18 17:00:00,3752.3777913216186
2025-02-18 18:00:00,3823.08141508538
2025-02-18 19:00:00,3845.178918918298
2025-02-18 20:00:00,3803.1776475270085
2025-02-18 21:00:00,3652.026047725326
2025-02-18 22:00:00,3450.2258415443284
2025-02-18 23:00:00,3317.542708435217
2025-02-19 00:00:00,3172.7248106913057
2025-02-19 01:00:00,3177.2348178032303
2025-02-19 02:00:00,3118.3290575117153
2025-02-19 03:00:00,3079.2113539294846
2025-02-19 04:00:00,3111.109912141167
2025-02-19 05:00:00,3215.145972888832
2025-02-19 06:00:00,3313.5480084838455
2025-02-19 07:00:00,3356.3231230754145
2025-02-19 08:00:00,3480.8963507575636
2025-02-19 09:00:00,3608.7290267828353
2025-02-19 10:00:00,3626.1424865709123
2025-02-19 11:00:00,3684.7843663216663
2025-02-19 12:00:00,3744.371386831208
2025-02-19 13:00:00,3735.3526916598507
2025-02-19 14:00:00,3731.109470305239
2025-02-19 15:00:00,3652.0225185957715
2025-02-19 16:00:00,3673.658890126952
2025-02-19 17:00:00,3737.503870631811
2025-02-19 18:00:00,3752.6235958521384
2025-02-19 19:00:00,3851.13583311141
2025-02-19 20:00:00,3800.467010772389
2025-02-19 21:00:00,3671.023620375036
2025-02-19 22:00:00,3478.345586371256
2025-02-19 23:00:00,3362.227443312897
2025-02-20 00:00:00,3220.4249597401094
2025-02-20 01:00:00,3169.716580824417
2025-02-20 02:00:00,3147.1598615268927
2025-02-20 03:00:00,3121.031135478126
2025-02-20 04:00:00,3108.739310363404
2025-02-20 05:00:00,3181.6757275775226
2025-02-20 06:00:00,3271.841986925682
2025-02-20 07:00:00,3381.966654673593
2025-02-20 08:00:00,3470.2933788451433
2025-02-20 09:00:00,3632.940085701026
2025-02-20 10:00:00,3619.53171078592
2025-02-20 11:00:00,3672.0021980948636
2025-02-20 12:00:00,3707.5978717837206
2025-02-20 13:00:00,3792.5480174963677
2025-02-20 14:00:00,3720.230558691221
2025-02-20 15:00:00,3729.3284597553925
2025-02-20 16:00:00,3672.5757000085846
2025-02-20 17:00:00,3737.352587101067
2025-02-20 18:00:00,3776.7388904232225
2025-02-20 19:00:00,3904.583697669187
2025-02-20 20:00:00,3766.0243963966655
2025-02-20 21:00:00,3664.9727568360317
2025-02-20 22:00:00,3490.725217285234
2025-02-20 23:00:00,3337.892597090104
2025-02-21 00:00:00,3213.373229693477
2025-02-21 01:00:00,3178.26940254719
2025-02-21 02:00:00,3146.1061611404307
2025-02-21 03:00:00,3104.7784825700387
2025-02-21 04:00:00,3132.403288129127
2025-02-21 05:00:00,3237.8372098415034
2025-02-21 06:00:00,3276.60420622106
2025-02-21 07:00:00,3363.7230318623156
2025-02-21 08:00:00,3508.222531073348
2025-02-21 09:00:00,3657.803768856992
2025-02-21 10:00:00,3633.4690537018405
2025-02-21 11:00:00,3741.984341348831
2025-02-21 12:00:00,3780.1850753871645
2025-02-21 13:00:00,3750.009107974114
2025-02-21 14:00:00,3747.099866172608
2025-02-21 15:00:00,3741.6675770237703
2025-02-21 16:00:00,3682.3484272626483
2025-02-21 17:00:00,3724.045826162274
2025-02-21 18:00:00,3785.5622133891807
2025-02-21 19:00:00,3808.658348916542
2025-02-21 20:00:00,3783.5055126204347
2025-02-21 21:00:00,3621.1738235041425
2025-02-21 22:00:00,3475.079458201027
2025-02-21 23:00:00,3307.354063609593
2025-02-22 00:00:00,3188.4807653096505
2025-02-22 01:00:00,3106.789603960264
2025-02-22 02:00:00,3117.597571877386
2025-02-22 03:00:00,3093.276209856106
2025-02-22 04:00:00,3023.7755734895645
2025-02-22 05:00:00,3155.361834382733
2025-02-22 06:00:00,3250.725315735345
2025-02-22 07:00:00,3260.411158237957
2025-02-22 08:00:00,3410.463895961954
2025-02-22 09:00:00,3450.120726099069
2025-02-22 10:00:00,3491.9489764765217
2025-02-22 11:00:00,3546.753299231114
2025-02-22 12:00:00,3600.9296323880085
2025-02-22 13:00:00,3623.700001018032
2025-02-22 14:00:00,3637.10680393111
2025-02-22 15:00:00,3558.5128777378263
2025-02-22 16:00:00,3589.7743426635934
2025-02-22 17:00:00,3580.539860558485
2025-02-22 18:00:00,3654.823772124453
2025-02-22 19:00:00,3667.9425012895626
2025-02-22 20:00:00,3636.5537499741017
2025-02-22 21:00:00,3583.424994063988
2025-02-22 22:00:00,3431.7144602564626
2025-02-22 23:00:00,3271.5554174710855
2025-02-23 00:00:00,3155.688040910481
2025-02-23 01:00:00,3138.94940454798
2025-02-23 02:00:00,3140.508058761384
2025-02-23 03:00:00,3077.2158142977305
2025-02-23 04:00:00,3130.762978076998
2025-02-23 05:00:00,3156.8169914920863
2025-02-23 06:00:00,3225.046498166042
2025-02-23 07:00:00,3285.1391678595633
2025-02-23 08:00:00,3370.063792956004
2025-02-23 09:00:00,3435.455831409321
2025-02-23 10:00:00,3532.7352019842115
2025-02-23 11:00:00,3576.593447792834
2025-02-23 12:00:00,3563.4709313504936
2025-02-23 13:00:00,3584.031236601069
2025-02-23 14:00:00,3569.396685222437
2025-02-23 15:00:00,3600.5928542452775
2025-02-23 16:00:00,3554.3659662346954
2025-02-23 17:00:00,3560.2188649270097
2025-02-23 18:00:00,3670.578697365674
2025-02-23 19:00:00,3769.5045612055524
2025-02-23 20:00:00,3659.0258739527526
2025-02-23 21:00:00,3573.236781414463
2025-02-23 22:00:00,3405.287101457045
2025-02-23 23:00:00,3254.1147719875103
2025-02-24 00:00:00,3244.796337276558
2025-02-24 01:00:00,3177.1141359307317
2025-02-24 02:00:00,3154.6394438205057
2025-02-24 03:00:00,3119.3092761490134
2025-02-24 04:00:00,3094.673033946853
2025-02-24 05:00:00,3209.782535407247
2025-02-24 06:00:00,3289.7088661409944
2025-02-24 07:00:00,3383.549273846506
2025-02-24 08:00:00,3529.02328914627
2025-02-24 09:00:00,3561.3647817109636
2025-02-24 10:00:00,3661.1806170120262
2025-02-24 11:00:00,3696.6892460774548
2025-02-24 12:00:00,3765.9965721652625
2025-02-24 13:00:00,3784.4835836887205
2025-02-24 14:00:00,3732.814982735914
2025-02-24 15:00:00,3721.1449340152476
2025-02-24 16:00:00,3738.0752684142262
2025-02-24 17:00:00,3750.2234575905773
2025-02-24 18:00:00,3807.084888613999
2025-02-24 19:00:00,3803.0381528820644
2025-02-24 20:00:00,3774.332469729421
2025-02-24 21:00:00,3651.4175454609413
2025-02-24 22:00:00,3460.381785273368
2025-02-24 23:00:00,3325.9411105503336
2025-02-25 00:00:00,3223.610040997262
2025-02-25 01:00:00,3199.0332624605403
2025-02-25 02:00:00,3147.143128606923
2025-02-25 03:00:00,3124.4168770790657
2025-02-25 04:00:00,3113.9090616594644
2025-02-25 05:00:00,3135.1910923821133
2025-02-25 06:00:00,3270.6167012537953
2025-02-25 07:00:00,3401.301249780119
2025-02-25 08:00:00,3481.055153031506
2025-02-25 09:00:00,3605.5249562061763
2025-02-25 10:00:00,3706.3729910606517
2025-02-25 11:00:00,3734.2064666733318
2025-02-25 12:00:00,3728.387229089722
2025-02-25 13:00:00,3816.3565941555553
2025-02-25 14:00:00,3739.2064034783025
2025-02-25 15:00:00,3688.176408099765
2025-02-25 16:00:00,3680.001525344159
2025-02-25 17:00:00,3725.7272755674094
2025-02-25 18:00:00,3796.1697727953865
2025-02-25 19:00:00,3849.851986654265
2025-02-25 20:00:00,3812.8868959785655
2025-02-25 21:00:00,3661.6230483236636
2025-02-25 22:00:00,3490.6160978466964
2025-02-25 23:00:00,3363.733606262604
2025-02-26 00:00:00,3247.6948091982867
2025-02-26 01:00:00,3148.728526100113
2025-02-26 02:00:00,3085.59724404653
2025-02-26 03:00:00,3136.5985076386482
2025-02-26 04:00:00,3079.2834236336657
2025-02-26 05:00:00,3180.852657430814
2025-02-26 06:00:00,3265.6067913865622
2025-02-26 07:00:00,3357.2414746275904
2025-02-26 08:00:00,3531.460249147375
2025-02-26 09:00:00,3611.2835652762824
2025-02-26 10:00:00,3645.84568011176
2025-02-26 11:00:00,3622.6842119163725
2025-02-26 12:00:00,3719.6671808806695
2025-02-26 13:00:00,3784.445714227123
2025-02-26 14:00:00,3691.791675930975
2025-02-26 15:00:00,3704.792443853374
2025-02-26 16:00:00,3698.9128264720566
2025-02-26 17:00:00,3753.307139012681
2025-02-26 18:00:00,3812.8921667030063
2025-02-26 19:00:00,3815.937046047529
2025-02-26 20:00:00,3845.7123779240433
2025-02-26 21:00:00,3658.0933159878045
2025-02-26 22:00:00,3478.841536889758
2025-02-26 23:00:00,3308.206722601604
2025-02-27 00:00:00,3212.8586953411395
2025-02-27 01:00:00,3165.089624587271
2025-02-27 02:00:00,3146.65384341421
2025-02-27 03:00:00,3157.0209949273712
2025-02-27 04:00:00,3080.192890903114
2025-02-27 05:00:00,3146.505385110405
2025-02-27 06:00:00,3336.382576772035
2025-02-27 07:00:00,3401.7851793468644
2025-02-27 08:00:00,3498.5831760771434
2025-02-27 09:00:00,3620.561587895273
2025-02-27 10:00:00,3646.2175168441963
2025-02-27 11:00:00,3754.667643701197
2025-02-27 12:00:00,3757.517173437119
2025-02-27 13:00:00,3759.1576602585874
2025-02-27 14:00:00,3801.747729577568
2025-02-27 15:00:00,3682.676749783866
2025-02-27 16:00:00,3722.5784995587055
2025-02-27 17:00:00,3746.196799686111
2025-02-27 18:00:00,3850.210509383712
2025-02-27 19:00:00,3895.226791308665
2025-02-27 20:00:00,3811.5035586167915
2025-02-27 21:00:00,3641.885171383134
2025-02-27 22:00:00,3493.579172174568
2025-02-27 23:00:00,3316.134771412545
2025-02-28 00:00:00,3277.3501274079085
2025-02-28 01:00:00,3192.229078988682
2025-02-28 02:00:00,3142.8815909309924
2025-02-28 03:00:00,3120.0444453028244
2025-02-28 04:00:00,3081.866413873085
2025-02-28 05:00:00,3163.9602234372664
2025-02-28 06:00:00,3330.3812979418476
2025-02-28 07:00:00,3390.7465569870005
2025-02-28 08:00:00,3489.1469249772217
2025-02-28 09:00:00,3607.3417707862
2025-02-28 10:00:00,3699.9923478931864
2025-02-28 11:00:00,3723.1694353514963
2025-02-28 12:00:00,3768.3199038576686
2025-02-28 13:00:00,3752.3258109585277
2025-02-28 14:00:00,3696.0060184464814
2025-02-28 15:00:00,3746.3396455449756
2025-02-28 16:00:00,3692.321447812889
2025-02-28 17:00:00,3731.0278978434594
2025-02-28 18:00:00,3852.337227663386
2025-02-28 19:00:00,3865.611782619109
2025-02-28 20:00:00,3825.7365283894787
2025-02-28 21:00:00,3728.707136422206
2025-02-28 22:00:00,3464.038437149963
2025-02-28 23:00:00,3360.1124918515056
2025-03-01 00:00:00,3224.2159425729865
2025-03-01 01:00:00,3192.5482159305566
2025-03-01 02:00:00,3187.16093445946
2025-03-01 03:00:00,3124.258380884464
2025-03-01 04:00:00,3125.016627714981
2025-03-01 05:00:00,3213.036492671863
2025-03-01 06:00:00,3250.271738427201
2025-03-01 07:00:00,3311.4926430964915
2025-03-01 08:00:00,3379.475966621934
2025-03-01 09:00:00,3427.2718614939417
2025-03-01 10:00:00,3614.6307298742545
2025-03-01 11:00:00,3561.4644304183857
2025-03-01 12:00:00,3623.7940741781267
2025-03-01 13:00:00,3659.1415492911347
2025-03-01 14:00:00,3676.2814550621733
2025-03-01 15:00:00,3653.9101104106994
2025-03-01 16:00:00,3655.2093304776317
2025-03-01 17:00:00,3650.156340810241
2025-03-01 18:00:00,3699.353224456311
2025-03-01 19:00:00,3749.8066831069877
2025-03-01 20:00:00,3696.935960087252
2025-03-01 21:00:00,3639.3804226156567
2025-03-01 22:00:00,3458.535665898078
2025-03-01 23:00:00,3316.2142973520904
2025-03-02 00:00:00,3240.990603100939
2025-03-02 01:00:00,3216.755243959978
2025-03-02 02:00:00,3154.3430491242007
2025-03-02 03:00:00,3080.431914099631
2025-03-02 04:00:00,3122.678318328894
2025-03-02 05:00:00,3170.231725909421
2025-03-02 06:00:00,3247.160043050548
2025-03-02 07:00:00,3350.7073810321353
2025-03-02 08:00:00,3442.9475962468086
2025-03-02 09:00:00,3483.880671700725
2025-03-02 10:00:00,3566.189561757493
2025-03-02 11:00:00,3643.4049775797403
2025-03-02 12:00:00,3638.507315274283
2025-03-02 13:00:00,3744.924819360582
2025-03-02 14:00:00,3685.166073450711
2025-03-02 15:00:00,3580.3590672039545
2025-03-02 16:00:00,3653.399087698166
2025-03-02 17:00:00,3679.7556306179104
2025-03-02 18:00:00,3743.860162668914
2025-03-02 19:00:00,3762.837720285992
2025-03-02 20:00:00,3701.520909627261
2025-03-02 21:00:00,3559.2511788873294
2025-03-02 22:00:00,3440.4689165836694
2025-03-02 23:00:00,3275.5664627632227
2025-03-03 00:00:00,3246.9834323236805
2025-03-03 01:00:00,3240.2493168784436
2025-03-03 02:00:00,3230.583160775546
2025-03-03 03:00:00,3160.8729397721672
2025-03-03 04:00:00,3120.779202874909
2025-03-03 05:00:00,3236.5346695211942
2025-03-03 06:00:00,3368.2110995536113
2025-03-03 07:00:00,3430.6641558280235
2025-03-03 08:00:00,3554.875567385871
2025-03-03 09:00:00,3633.257245862155
2025-03-03 10:00:00,3683.693008859317
2025-03-03 11:00:00,3763.4569612132227
2025-03-03 12:00:00,3777.4506134186922
2025-03-03 13:00:00,3830.993655526535
2025-03-03 14:00:00,3754.2635202244046
2025-03-03 15:00:00,3730.936571892718
2025-03-03 16:00:00,3765.676455481164
2025-03-03 17:00:00,3769.8313758699173
2025-03-03 18:00:00,3908.5115530263924
2025-03-03 19:00:00,3879.8741617852365
2025-03-03 20:00:00,3862.178277617791
2025-03-03 21:00:00,3734.6264514934505
2025-03-03 22:00:00,3481.661699673199
2025-03-03 23:00:00,3325.82399528464
2025-03-04 00:00:00,3223.507904036941
2025-03-04 01:00:00,3258.841715183341
2025-03-04 02:00:00,3175.091231733575
2025-03-04 03:00:00,3216.596954170643
2025-03-04 04:00:00,3137.8591451240554
2025-03-04 05:00:00,3231.0176508758327
2025-03-04 06:00:00,3378.6789177245114
2025-03-04 07:00:00,3504.102854868766
2025-03-04 08:00:00,3618.716529380243
2025-03-04 09:00:00,3669.302876997692
2025-03-04 10:00:00,3738.7189251911363
2025-03-04 11:00:00,3763.1758525805235
2025-03-04 12:00:00,3806.0583677458276
2025-03-04 13:00:00,3802.746092217142
2025-03-04 14:00:00,3757.746397850452
2025-03-04 15:00:00,3745.320635886074
2025-03-04 16:00:00,3740.3224405270794
2025-03-04 17:00:00,3768.790430267518
2025-03-04 18:00:00,3878.1578000707736
2025-03-04 19:00:00,3923.5130781140483
2025-03-04 20:00:00,3859.3995477179883
2025-03-04 21:00:00,3752.1718142408195
2025-03-04 22:00:00,3490.744795768945
2025-03-04 23:00:00,3369.3597428170747
2025-03-05 00:00:00,3245.842236014098
2025-03-05 01:00:00,3179.2723563798068
2025-03-05 02:00:00,3188.2582583219655
2025-03-05 03:00:00,3150.1999815836934
2025-03-05 04:00:00,3191.4497448465318
2025-03-05 05:00:00,3243.7532066822628
2025-03-05 06:00:00,3311.401652799542
2025-03-05 07:00:00,3501.2233628164818
2025-03-05 08:00:00,3596.129740824443
2025-03-05 09:00:00,3652.4661109312515
2025-03-05 10:00:00,3703.0092689237254
2025-03-05 11:00:00,3718.0693061396873
2025-03-05 12:00:00,3772.6582243311905
2025-03-05 13:00:00,3854.3038201482464
2025-03-05 14:00:00,3840.974518483526
2025-03-05 15:00:00,3793.0862837660093
2025-03-05 16:00:00,3732.1750594185614
2025-03-05 17:00:00,3750.0330546963587
2025-03-05 18:00:00,3862.4685108913
2025-03-05 19:00:00,3840.1097248514975
2025-03-05 20:00:00,3868.0946211785017
2025-03-05 21:00:00,3705.350302355492
2025-03-05 22:00:00,3511.1048759737873
2025-03-05 23:00:00,3332.787163357515
2025-03-06 00:00:00,3279.227700617179
2025-03-06 01:00:00,3214.9382340249344
2025-03-06 02:00:00,3161.7150827232736
2025-03-06 03:00:00,3081.990909933784
2025-03-06 04:00:00,3153.780378107983
2025-03-06 05:00:00,3274.474190578677
2025-03-06 06:00:00,3384.4213487700176
2025-03-06 07:00:00,3438.7456252229204
2025-03-06 08:00:00,3545.536869839852
2025-03-06 09:00:00,3650.562986424922
2025-03-06 10:00:00,3681.5055123672555
2025-03-06 11:00:00,3757.307770666797
2025-03-06 12:00:00,3808.5688629349606
2025-03-06 13:00:00,3860.0005869471856
2025-03-06 14:00:00,3782.336724788973
2025-03-06 15:00:00,3742.1508444509677
2025-03-06 16:00:00,3721.9309753405923
2025-03-06 17:00:00,3760.3293038177158
2025-03-06 18:00:00,3852.599691376848
2025-03-06 19:00:00,3908.156206352119
2025-03-06 20:00:00,3887.801137317537
2025-03-06 21:00:00,3687.3010317726853
2025-03-06 22:00:00,3567.690269966466
2025-03-06 23:00:00,3369.818557224827
2025-03-07 00:00:00,3266.516955602019
2025-03-07 01:00:00,3210.6419186917224
2025-03-07 02:00:00,3130.9023356636344
2025-03-07 03:00:00,3178.016094096609
2025-03-07 04:00:00,3174.2999064552137
2025-03-07 05:00:00,3222.6801764375255
2025-03-07 06:00:00,3343.117841495885
2025-03-07 07:00:00,3466.9557956947183
2025-03-07 08:00:00,3519.5299448241553
2025-03-07 09:00:00,3622.9350322912696
2025-03-07 10:00:00,3736.175914795644
2025-03-07 11:00:00,3712.08577783624
2025-03-07 12:00:00,3795.7306726963043
2025-03-07 13:00:00,3782.463128417876
2025-03-07 14:00:00,3800.9677794915733
2025-03-07 15:00:00,3748.6424040692837
2025-03-07 16:00:00,3701.2613386870144
2025-03-07 17:00:00,3822.122851996231
2025-03-07 18:00:00,3838.398549110887
2025-03-07 19:00:00,3872.9466890692865
2025-03-07 20:00:00,3867.284461962786
2025-03-07 21:00:00,3746.7010260729057
2025-03-07 22:00:00,3498.2943494256947
2025-03-07 23:00:00,3380.1200551639035
2025-03-08 00:00:00,3242.3059378668477
2025-03-08 01:00:00,3211.7913393193103
2025-03-08 02:00:00,3161.3963083347553
2025-03-08 03:00:00,3110.6392853092266
2025-03-08 04:00:00,3099.144386225995
2025-03-08 05:00:00,3196.2818616934737
2025-03-08 06:00:00,3240.3284992944077
2025-03-08 07:00:00,3264.522305254735
2025-03-08 08:00:00,3428.8570257974884
2025-03-08 09:00:00,3516.451010355003
2025-03-08 10:00:00,3498.0853767156777
2025-03-08 11:00:00,3573.524402429153
2025-03-08 12:00:00,3657.7949454253267
2025-03-08 13:00:00,3737.4285562526325
2025-03-08 14:00:00,3677.5184557279526
2025-03-08 15:00:00,3618.5682460098246
2025-03-08 16:00:00,3634.4407282964858
2025-03-08 17:00:00,3717.3491432027636
2025-03-08 18:00:00,3694.854144288603
2025-03-08 19:00:00,3727.204394936062
2025-03-08 20:00:00,3699.703818179414
2025-03-08 21:00:00,3575.1499676381177
2025-03-08 22:00:00,3457.4536558951654
2025-03-08 23:00:00,3348.4651000343615
2025-03-09 00:00:00,3240.866848003194
2025-03-09 01:00:00,3188.905801239232
2025-03-09 02:00:00,3150.828576640839
2025-03-09 03:00:00,3082.0157323600542
2025-03-09 04:00:00,3143.0958667304053
2025-03-09 05:00:00,3193.366935965302
2025-03-09 06:00:00,3264.9464230437984
2025-03-09 07:00:00,3429.3993671684857
2025-03-09 08:00:00,3426.458327135298
2025-03-09 09:00:00,3471.5935200768818
2025-03-09 10:00:00,3554.7435461455775
2025-03-09 11:00:00,3637.177673671277
2025-03-09 12:00:00,3644.519939405882
2025-03-09 13:00:00,3636.0514951356495
2025-03-09 14:00:00,3705.425864440016
2025-03-09 15:00:00,3621.7575201793065
2025-03-09 16:00:00,3695.789119781969
2025-03-09 17:00:00,3710.158289924693
2025-03-09 18:00:00,3702.2347125289357
2025-03-09 19:00:00,3791.1443504679683
2025-03-09 20:00:00,3717.5479735950303
2025-03-09 21:00:00,3628.652703624924
2025-03-09 22:00:00,3468.843584444331
2025-03-09 23:00:00,3284.432596844339
2025-03-10 00:00:00,3254.1517479936365
2025-03-10 01:00:00,3260.467432024777
2025-03-10 02:00:00,3188.0901092020517
2025-03-10 03:00:00,3149.2784671714358
2025-03-10 04:00:00,3135.339491128892
2025-03-10 05:00:00,3244.7805054276723
2025-03-10 06:00:00,3400.5315083412847
2025-03-10 07:00:00,3427.321586880518
2025-03-10 08:00:00,3569.046428344068
2025-03-10 09:00:00,3683.85008811006
2025-03-10 10:00:00,3714.668259691202
2025-03-10 11:00:00,3767.7932427714736
2025-03-10 12:00:00,3759.153752293542
2025-03-10 13:00:00,3841.665947190059
2025-03-10 14:00:00,3785.7009533037603
2025-03-10 15:00:00,3783.811938879136
2025-03-10 16:00:00,3789.8684072730625
2025-03-10 17:00:00,3869.9213303535607
2025-03-10 18:00:00,3883.64354627053
2025-03-10 19:00:00,3913.06069744474
2025-03-10 20:00:00,3871.729438415362
2025-03-10 21:00:00,3706.5346433504033
2025-03-10 22:00:00,3540.7466660728323
2025-03-10 23:00:00,3374.5096446594043
2025-03-11 00:00:00,3276.745764122249
2025-03-11 01:00:00,3269.251050331536
2025-03-11 02:00:00,3172.213313405937
2025-03-11 03:00:00,3189.6020108667335
2025-03-11 04:00:00,3194.083653968483
2025-03-11 05:00:00,3232.0942893208294
2025-03-11 06:00:00,3289.897130436872
2025-03-11 07:00:00,3441.4477703012926
2025-03-11 08:00:00,3606.861043027948
2025-03-11 09:00:00,3643.5253192978153
2025-03-11 10:00:00,3688.83552095774
2025-03-11 11:00:00,3740.5824394127403
2025-03-11 12:00:00,3818.441868793214
2025-03-11 13:00:00,3846.8726097816443
2025-03-11 14:00:00,3785.6845044751494
2025-03-11 15:00:00,3744.727299207112
2025-03-11 16:00:00,3743.978140357291
2025-03-11 17:00:00,3764.945403405301
2025-03-11 18:00:00,3917.283014539142
2025-03-11 19:00:00,3894.423452959931
2025-03-11 20:00:00,3904.962794010377
2025-03-11 21:00:00,3763.8201495040657
2025-03-11 22:00:00,3560.848451093747
2025-03-11 23:00:00,3372.2081211338777
2025-03-12 00:00:00,3284.271094179763
2025-03-12 01:00:00,3235.869991712529
2025-03-12 02:00:00,3176.1656815689707
2025-03-12 03:00:00,3170.2994830603334
2025-03-12 04:00:00,3132.268366596573
2025-03-12 05:00:00,3267.247824794518
2025-03-12 06:00:00,3335.655109397968
2025-03-12 07:00:00,3465.270737841933
2025-03-12 08:00:00,3579.4001050751644
2025-03-12 09:00:00,3638.15752338604
2025-03-12 10:00:00,3737.571405722462
2025-03-12 11:00:00,3743.0370969460046
2025-03-12 12:00:00,3820.962287376766
2025-03-12 13:00:00,3790.454928439514
2025-03-12 14:00:00,3798.3494870922846
2025-03-12 15:00:00,3815.5932759118796
2025-03-12 16:00:00,3727.2435315461494
2025-03-12 17:00:00,3773.9393980080736
2025-03-12 18:00:00,3884.8214404829946
2025-03-12 19:00:00,3911.7281604488476
2025-03-12 20:00:00,3879.7677781732314
2025-03-12 21:00:00,3734.6695206931663
2025-03-12 22:00:00,3552.050714111736
2025-03-12 23:00:00,3415.3542417587
2025-03-13 00:00:00,3285.814904132339
2025-03-13 01:00:00,3231.6113436423484
2025-03-13 02:00:00,3217.8651751527564
2025-03-13 03:00:00,3211.5081386121324
2025-03-13 04:00:00,3160.0704181607516
2025-03-13 05:00:00,3212.6174924882584
2025-03-13 06:00:00,3379.1764097142086
2025-03-13 07:00:00,3457.8280757756547
2025-03-13 08:00:00,3510.711397206984
2025-03-13 09:00:00,3671.971325848594
2025-03-13 10:00:00,3705.7403086387826
2025-03-13 11:00:00,3756.1732127673827
2025-03-13 12:00:00,3806.194320021506
2025-03-13 13:00:00,3839.1712152951845
2025-03-13 14:00:00,3817.657713677008
2025-03-13 15:00:00,3745.8000714526947
2025-03-13 16:00:00,3774.32534329728
2025-03-13 17:00:00,3788.2302957347065
2025-03-13 18:00:00,3893.4228197515154
2025-03-13 19:00:00,3927.0004900163226
2025-03-13 20:00:00,3841.580751659349
2025-03-13 21:00:00,3754.0122789243505
2025-03-13 22:00:00,3520.4353250543572
2025-03-13 23:00:00,3408.6211417837208
2025-03-14 00:00:00,3286.1020165582004
2025-03-14 01:00:00,3286.8766634473095
2025-03-14 02:00:00,3196.2850988730406
2025-03-14 03:00:00,3155.9326752350294
2025-03-14 04:00:00,3164.2850829022514
2025-03-14 05:00:00,3231.385506294274
2025-03-14 06:00:00,3372.3845501486353
2025-03-14 07:00:00,3417.8645045883795
2025-03-14 08:00:00,3544.2063762545863
2025-03-14 09:00:00,3617.631825817192
2025-03-14 10:00:00,3751.5727572233027
2025-03-14 11:00:00,3811.961520465758
2025-03-14 12:00:00,3794.5587419652625
2025-03-14 13:00:00,3829.7853679586105
2025-03-14 14:00:00,3799.860417958398
2025-03-14 15:00:00,3795.4533770987982
2025-03-14 16:00:00,3732.6009479892764
2025-03-14 17:00:00,3804.9741954734386
2025-03-14 18:00:00,3902.4067006374207
2025-03-14 19:00:00,3925.1020472747964
2025-03-14 20:00:00,3878.0702181261104
2025-03-14 21:00:00,3753.0840610081727
2025-03-14 22:00:00,3460.610531708812
2025-03-14 23:00:00,3406.5468282405377
2025-03-15 00:00:00,3223.6834865079722
2025-03-15 01:00:00,3156.477864063562
2025-03-15 02:00:00,3179.0913215476926
2025-03-15 03:00:00,3163.2785148125076
2025-03-15 04:00:00,3125.453761213964
2025-03-15 05:00:00,3227.8111820652052
2025-03-15 06:00:00,3320.1681769178867
2025-03-15 07:00:00,3387.651516864335
2025-03-15 08:00:00,3471.8439333967517
2025-03-15 09:00:00,3522.873874230953
2025-03-15 10:00:00,3584.477549255133
2025-03-15 11:00:00,3574.6700428661393
2025-03-15 12:00:00,3650.477247862141
2025-03-15 13:00:00,3671.5393500087425
2025-03-15 14:00:00,3751.670360921126
2025-03-15 15:00:00,3645.240236506609
2025-03-15 16:00:00,3653.9745837649643
2025-03-15 17:00:00,3703.894745054077
2025-03-15 18:00:00,3726.1734234637206
2025-03-15 19:00:00,3813.1387777030354
2025-03-15 20:00:00,3706.319790553814
2025-03-15 21:00:00,3618.7530240335363
2025-03-15 22:00:00,3443.5567920372782
2025-03-15 23:00:00,3280.129507981226
2025-03-16 00:00:00,3226.188259166413
2025-03-16 01:00:00,3203.8408076587834
2025-03-16 02:00:00,3156.6467592493113
2025-03-16 03:00:00,3112.92069687241
2025-03-16 04:00:00,3095.0432419548843
2025-03-16 05:00:00,3202.6596815124444
2025-03-16 06:00:00,3239.844696123294
2025-03-16 07:00:00,3374.243298085218
2025-03-16 08:00:00,3434.758243198188
2025-03-16 09:00:00,3475.2208719576347
2025-03-16 10:00:00,3586.433950526179
2025-03-16 11:00:00,3613.075372581237
2025-03-16 12:00:00,3681.066342358823
2025-03-16 13:00:00,3750.424347443659
2025-03-16 14:00:00,3633.891803184024
2025-03-16 15:00:00,3655.3309952232275
2025-03-16 16:00:00,3647.292018652046
2025-03-16 17:00:00,3709.049277542175
2025-03-16 18:00:00,3732.856247708952
2025-03-16 19:00:00,3741.123543964911
2025-03-16 20:00:00,3716.9887920707442
2025-03-16 21:00:00,3591.6862244148633
2025-03-16 22:00:00,3495.4778725732644
2025-03-16 23:00:00,3317.1508371151026
2025-03-17 00:00:00,3330.666723697761
2025-03-17 01:00:00,3241.9123297261867
2025-03-17 02:00:00,3188.0345196366534
2025-03-17 03:00:00,3130.5486850775096
2025-03-17 04:00:00,3123.2113525415075
2025-03-17 05:00:00,3202.381363438659
2025-03-17 06:00:00,3362.5010928298316
2025-03-17 07:00:00,3484.767059176891
2025-03-17 08:00:00,3551.415255350026
2025-03-17 09:00:00,3706.2372447710295
2025-03-17 10:00:00,3746.4187488549906
2025-03-17 11:00:00,3806.0391351101653
2025-03-17 12:00:00,3887.190712390971
2025-03-17 13:00:00,3904.668803723536
2025-03-17 14:00:00,3813.5116798558706
2025-03-17 15:00:00,3743.067227307266
2025-03-17 16:00:00,3700.606657050092
2025-03-17 17:00:00,3780.8302929486504
2025-03-17 18:00:00,3870.7221656758893
2025-03-17 19:00:00,3883.6375626385966
2025-03-17 20:00:00,3873.1996882621825
2025-03-17 21:00:00,3730.4373496155913
2025-03-17 22:00:00,3535.366920535024
2025-03-17 23:00:00,3374.9705058164595
2025-03-18 00:00:00,3286.6595744386855
2025-03-18 01:00:00,3256.4055276488834
2025-03-18 02:00:00,3179.6540878974242
2025-03-18 03:00:00,3206.121871781909
2025-03-18 04:00:00,3167.8363640460293
2025-03-18 05:00:00,3245.422311424194
2025-03-18 06:00:00,3375.8460538549493
2025-03-18 07:00:00,3489.0939341179624
2025-03-18 08:00:00,3637.503165497775
2025-03-18 09:00:00,3706.1057170133163
2025-03-18 10:00:00,3762.7530053732517
2025-03-18 11:00:00,3833.9150966595007
2025-03-18 12:00:00,3825.3846157926628
2025-03-18 13:00:00,3903.48329079754
2025-03-18 14:00:00,3840.666076864462
2025-03-18 15:00:00,3784.9034615042983
2025-03-18 16:00:00,3782.0485558044998
2025-03-18 17:00:00,3759.1204894975403
2025-03-18 18:00:00,3868.1514730985973
2025-03-18 19:00:00,3919.2072972813908
2025-03-18 20:00:00,3883.961014269785
2025-03-18 21:00:00,3699.1437811658634
2025-03-18 22:00:00,3579.196066878152
2025-03-18 23:00:00,3370.6060587049055
2025-03-19 00:00:00,3309.17706261639
2025-03-19 01:00:00,3257.489583515968
2025-03-19 02:00:00,3192.489606642474
2025-03-19 03:00:00,3216.812037037283
2025-03-19 04:00:00,3141.477599205258
2025-03-19 05:00:00,3270.266349913393
2025-03-19 06:00:00,3391.315261265762
2025-03-19 07:00:00,3477.8988726936846
2025-03-19 08:00:00,3667.0482949729353
2025-03-19 09:00:00,3707.2062769075037
2025-03-19 10:00:00,3807.428304663009
2025-03-19 11:00:00,3848.4084205905997
2025-03-19 12:00:00,3873.506678183587
2025-03-19 13:00:00,3941.8621848575312
2025-03-19 14:00:00,3880.07262225515
2025-03-19 15:00:00,3747.29934186608
2025-03-19 16:00:00,3824.1237758005977
2025-03-19 17:00:00,3766.012365797556
2025-03-19 18:00:00,3916.7170838715883
2025-03-19 19:00:00,3953.3787625134405
2025-03-19 20:00:00,3846.877742562505
2025-03-19 21:00:00,3719.224744585641
2025-03-19 22:00:00,3513.5568947068546
2025-03-19 23:00:00,3389.8160039668796
2025-03-20 00:00:00,3277.107727797719
2025-03-20 01:00:00,3268.1294113322597
2025-03-20 02:00:00,3244.1940425307043
2025-03-20 03:00:00,3208.6381585591007
2025-03-20 04:00:00,3158.936792778377
2025-03-20 05:00:00,3242.435307358957
2025-03-20 06:00:00,3330.5282210145447
2025-03-20 07:00:00,3483.284591806927
2025-03-20 08:00:00,3657.7488267469103
2025-03-20 09:00:00,3757.688395638398
2025-03-20 10:00:00,3748.808981043641
2025-03-20 11:00:00,3808.1854949373246
2025-03-20 12:00:00,3860.34359700501
2025-03-20 13:00:00,3896.191173685964
2025-03-20 14:00:00,3811.9387926204413
2025-03-20 15:00:00,3802.2254855740925
2025-03-20 16:00:00,3767.4932213668444
2025-03-20 17:00:00,3807.409104055197
2025-03-20 18:00:00,3899.480719449976
2025-03-20 19:00:00,3920.046324462605
2025-03-20 20:00:00,3868.958882171156
2025-03-20 21:00:00,3729.9120976904037
2025-03-20 22:00:00,3544.0193127657253
2025-03-20 23:00:00,3387.142930749221
2025-03-21 00:00:00,3279.9068260862273
2025-03-21 01:00:00,3290.9192092367357
2025-03-21 02:00:00,3226.4269876870812
2025-03-21 03:00:00,3167.160139012276
2025-03-21 04:00:00,3192.3653176362427
2025-03-21 05:00:00,3240.6849311018636
2025-03-21 06:00:00,3392.956338025968
2025-03-21 07:00:00,3483.7279920243304
2025-03-21 08:00:00,3583.142114827666
2025-03-21 09:00:00,3681.392634908562
2025-03-21 10:00:00,3699.7644314629238
2025-03-21 11:00:00,3753.1978654380737
2025-03-21 12:00:00,3787.5486657968927
2025-03-21 13:00:00,3851.3456054641038
2025-03-21 14:00:00,3862.3989332233427
2025-03-21 15:00:00,3839.5846090303544
2025-03-21 16:00:00,3791.503558977792
2025-03-21 17:00:00,3824.861582054325
2025-03-21 18:00:00,3828.3287218578575
2025-03-21 19:00:00,3904.61904982436
2025-03-21 20:00:00,3859.815565965392
2025-03-21 21:00:00,3716.3490391298174
2025-03-21 22:00:00,3543.381690770931
2025-03-21 23:00:00,3385.9223391292458
2025-03-22 00:00:00,3199.3919440112595
2025-03-22 01:00:00,3232.7284661476406
2025-03-22 02:00:00,3148.877476982236
2025-03-22 03:00:00,3144.7761209283008
2025-03-22 04:00:00,3190.8491209812155
2025-03-22 05:00:00,3189.8656344341275
2025-03-22 06:00:00,3221.6723528455004
2025-03-22 07:00:00,3355.2717728743737
2025-03-22 08:00:00,3467.9770812621236
2025-03-22 09:00:00,3573.8814434455853
2025-03-22 10:00:00,3563.245354847721
2025-03-22 11:00:00,3654.2163324987464
2025-03-22 12:00:00,3664.3177129320143
2025-03-22 13:00:00,3703.5197973009967
2025-03-22 14:00:00,3777.5199606098804
2025-03-22 15:00:00,3617.8669193686333
2025-03-22 16:00:00,3669.330043431185
2025-03-22 17:00:00,3713.103949146493
2025-03-22 18:00:00,3769.086729442367
2025-03-22 19:00:00,3776.9538783563476
2025-03-22 20:00:00,3745.8378469684776
2025-03-22 21:00:00,3613.174066070319
2025-03-22 22:00:00,3482.547101336594
2025-03-22 23:00:00,3316.4694986413624
2025-03-23 00:00:00,3268.558619383994
2025-03-23 01:00:00,3205.49575625814
2025-03-23 02:00:00,3187.204643797457
2025-03-23 03:00:00,3139.4995119806335
2025-03-23 04:00:00,3168.5231449023195
2025-03-23 05:00:00,3213.68029297945
2025-03-23 06:00:00,3243.106685103472
2025-03-23 07:00:00,3398.5033775968454
2025-03-23 08:00:00,3414.383901082934
2025-03-23 09:00:00,3495.6930505407922
2025-03-23 10:00:00,3571.7377359043116
2025-03-23 11:00:00,3666.0955004302286
2025-03-23 12:00:00,3601.0129207151476
2025-03-23 13:00:00,3793.8930646285135
2025-03-23 14:00:00,3732.2584886584445
2025-03-23 15:00:00,3670.1499676066496
2025-03-23 16:00:00,3661.998209858687
2025-03-23 17:00:00,3709.4455001906263
2025-03-23 18:00:00,3753.9597886180336
2025-03-23 19:00:00,3795.2477526890943
2025-03-23 20:00:00,3754.9910428019207
2025-03-23 21:00:00,3628.822060899322
2025-03-23 22:00:00,3471.1996876501303
2025-03-23 23:00:00,3323.1269025535153
2025-03-24 00:00:00,3286.1866255848463
2025-03-24 01:00:00,3283.430872414712
2025-03-24 02:00:00,3231.78944809884
2025-03-24 03:00:00,3104.3319621616815
2025-03-24 04:00:00,3195.7960921836766
2025-03-24 05:00:00,3258.986562994721
2025-03-24 06:00:00,3365.617557112168
2025-03-24 07:00:00,3467.514261297854
2025-03-24 08:00:00,3622.8187343090576
2025-03-24 09:00:00,3693.116146297879
2025-03-24 10:00:00,3717.0095160343317
2025-03-24 11:00:00,3789.8374361232723
2025-03-24 12:00:00,3785.283068554181
2025-03-24 13:00:00,3809.820841389717
2025-03-24 14:00:00,3795.8104500568065
2025-03-24 15:00:00,3803.5979786017715
2025-03-24 16:00:00,3806.3399130121365
2025-03-24 17:00:00,3830.5966572964994
2025-03-24 18:00:00,3912.303717719779
2025-03-24 19:00:00,3943.358433877675
2025-03-24 20:00:00,3869.778669407291
2025-03-24 21:00:00,3753.058438127198
2025-03-24 22:00:00,3575.879767802638
2025-03-24 23:00:00,3424.0606945536597
2025-03-25 00:00:00,3324.2000121136225
2025-03-25 01:00:00,3273.908166245496
2025-03-25 02:00:00,3227.0900257663484
2025-03-25 03:00:00,3207.853085555321
2025-03-25 04:00:00,3179.9482957168398
2025-03-25 05:00:00,3232.494049496916
2025-03-25 06:00:00,3363.325297734663
2025-03-25 07:00:00,3459.2379478439466
2025-03-25 08:00:00,3572.8299983006623
2025-03-25 09:00:00,3662.83168974296
2025-03-25 10:00:00,3718.1882538047303
2025-03-25 11:00:00,3770.017556202824
2025-03-25 12:00:00,3758.9281582896124
2025-03-25 13:00:00,3860.7434064365925
2025-03-25 14:00:00,3816.7845624767483
2025-03-25 15:00:00,3754.624287039269
2025-03-25 16:00:00,3799.260707264804
2025-03-25 17:00:00,3845.3755042535745
2025-03-25 18:00:00,3841.5382867772582
2025-03-25 19:00:00,3905.031045409588
2025-03-25 20:00:00,3867.6404773087843
2025-03-25 21:00:00,3713.7733040281873
2025-03-25 22:00:00,3578.403115896872
2025-03-25 23:00:00,3399.857665013324
2025-03-26 00:00:00,3287.482956541337
2025-03-26 01:00:00,3204.804514057558
2025-03-26 02:00:00,3235.9466850323456
2025-03-26 03:00:00,3150.595483282175
2025-03-26 04:00:00,3183.669181149326
2025-03-26 05:00:00,3264.2448034390436
2025-03-26 06:00:00,3406.004422117779
2025-03-26 07:00:00,3445.184598527305
2025-03-26 08:00:00,3507.1344567834494
2025-03-26 09:00:00,3674.220326237375
2025-03-26 10:00:00,3797.6227605635463
2025-03-26 11:00:00,3818.612167941173
2025-03-26 12:00:00,3824.976957642851
2025-03-26 13:00:00,3840.843113746401
2025-03-26 14:00:00,3843.2286078144475
2025-03-26 15:00:00,3751.686300551687
2025-03-26 16:00:00,3795.5445637783305
2025-03-26 17:00:00,3834.013555014764
2025-03-26 18:00:00,3926.4690859746197
2025-03-26 19:00:00,4017.666314914623
2025-03-26 20:00:00,3905.6689281421664
2025-03-26 21:00:00,3728.454947191833
2025-03-26 22:00:00,3555.78564396278
2025-03-26 23:00:00,3358.5507470538496
2025-03-27 00:00:00,3277.721774760492
2025-03-27 01:00:00,3247.9157382462345
2025-03-27 02:00:00,3207.6249338938105
2025-03-27 03:00:00,3187.555574780323
2025-03-27 04:00:00,3162.728643915551
2025-03-27 05:00:00,3287.8089832395967
2025-03-27 06:00:00,3370.9557824403946
2025-03-27 07:00:00,3483.0560374091156
2025-03-27 08:00:00,3586.248175273301
2025-03-27 09:00:00,3675.1473472777298
2025-03-27 10:00:00,3770.2234662977776
2025-03-27 11:00:00,3756.7127044187077
2025-03-27 12:00:00,3800.296025136963
2025-03-27 13:00:00,3848.4913543736557
2025-03-27 14:00:00,3779.2759925500895
2025-03-27 15:00:00,3758.161496251592
2025-03-27 16:00:00,3768.543044718935
2025-03-27 17:00:00,3847.13442778094
2025-03-27 18:00:00,3903.5023129080623
2025-03-27 19:00:00,3938.8659963301056
2025-03-27 20:00:00,3921.836389618343
2025-03-27 21:00:00,3741.3840119303404
2025-03-27 22:00:00,3569.3401043974573
2025-03-27 23:00:00,3405.590628124499
2025-03-28 00:00:00,3304.63783824996
2025-03-28 01:00:00,3244.9650260152575
2025-03-28 02:00:00,3159.8145534433675
2025-03-28 03:00:00,3181.7961679652485
2025-03-28 04:00:00,3221.471936926205
2025-03-28 05:00:00,3284.321050924319
2025-03-28 06:00:00,3398.6306597398343
2025-03-28 07:00:00,3519.46639764217
2025-03-28 08:00:00,3599.9740065237634
2025-03-28 09:00:00,3678.165726404863
2025-03-28 10:00:00,3728.7988098329447
2025-03-28 11:00:00,3775.218100372114
2025-03-28 12:00:00,3841.0905084140913
2025-03-28 13:00:00,3896.907947908293
2025-03-28 14:00:00,3817.997401090533
2025-03-28 15:00:00,3771.1572827050063
2025-03-28 16:00:00,3784.804236727614
2025-03-28 17:00:00,3840.6451568366333
2025-03-28 18:00:00,3852.1916871251437
2025-03-28 19:00:00,3862.402941140966
2025-03-28 20:00:00,3880.043252419098
2025-03-28 21:00:00,3710.7199471761637
2025-03-28 22:00:00,3545.4777181157747
2025-03-28 23:00:00,3406.025226846047
2025-03-29 00:00:00,3249.926721350143
2025-03-29 01:00:00,3261.727467524016
2025-03-29 02:00:00,3195.1010389535872
2025-03-29 03:00:00,3156.8497521763848
2025-03-29 04:00:00,3164.9555639539844
2025-03-29 05:00:00,3194.8872019375995
2025-03-29 06:00:00,3326.671498887902
2025-03-29 07:00:00,3372.182900188102
2025-03-29 08:00:00,3467.711946503059
2025-03-29 09:00:00,3493.9742993807313
2025-03-29 10:00:00,3554.4385883002274
2025-03-29 11:00:00,3660.4631742575766
2025-03-29 12:00:00,3685.2233608165284
2025-03-29 13:00:00,3684.8660713229983
2025-03-29 14:00:00,3685.827788958621
2025-03-29 15:00:00,3707.239666676825
2025-03-29 16:00:00,3639.1987402850636
2025-03-29 17:00:00,3760.427102882487
2025-03-29 18:00:00,3722.129855503853
2025-03-29 19:00:00,3805.97257194749
2025-03-29 20:00:00,3739.2859984101824
2025-03-29 21:00:00,3654.2167684619385
2025-03-29 22:00:00,3471.5250284783783
2025-03-29 23:00:00,3332.3910686252975
2025-03-30 00:00:00,3264.421976933832
2025-03-30 01:00:00,3199.980691986909
2025-03-30 02:00:00,3207.230045615544
2025-03-30 03:00:00,3137.8879027373614
2025-03-30 04:00:00,3145.062043531144
2025-03-30 05:00:00,3200.182967397265
2025-03-30 06:00:00,3233.200210118895
2025-03-30 07:00:00,3370.7240459320933
2025-03-30 08:00:00,3517.5083805552795
2025-03-30 09:00:00,3549.4732483170847
2025-03-30 10:00:00,3603.987564600075
2025-03-30 11:00:00,3635.8828288676855
2025-03-30 12:00:00,3680.298939356406
2025-03-30 13:00:00,3730.47109446456
2025-03-30 14:00:00,3678.392142169684
2025-03-30 15:00:00,3708.7312774524307
2025-03-30 16:00:00,3696.9993611847253
2025-03-30 17:00:00,3734.807157242013
2025-03-30 18:00:00,3764.138986682162
2025-03-30 19:00:00,3789.0856253911256
2025-03-30 20:00:00,3771.172391565038
2025-03-30 21:00:00,3655.678131996075
2025-03-30 22:00:00,3478.5322627679175
2025-03-30 23:00:00,3323.0541575435727
2025-03-31 00:00:00,3305.182737927865
2025-03-31 01:00:00,3305.423339218562
2025-03-31 02:00:00,3195.441970723239
2025-03-31 03:00:00,3152.4566069139405
2025-03-31 04:00:00,3194.1113307703276
2025-03-31 05:00:00,3266.2925584479967
2025-03-31 06:00:00,3382.232089739179
2025-03-31 07:00:00,3504.6379870588676
2025-03-31 08:00:00,3614.9858237733197
2025-03-31 09:00:00,3749.894142815676
2025-03-31 10:00:00,3737.3700553139543
2025-03-31 11:00:00,3799.8775630099635
2025-03-31 12:00:00,3859.14866220062
2025-03-31 13:00:00,3848.934983016648
2025-03-31 14:00:00,3846.966919100338
2025-03-31 15:00:00,3852.26257238666
2025-03-31 16:00:00,3795.542323819114
2025-03-31 17:00:00,3834.952886433984
2025-03-31 18:00:00,3863.597910468002
2025-03-31 19:00:00,3921.043008616875
2025-03-31 20:00:00,3891.2297720754045
2025-03-31 21:00:00,3743.2928290973728
2025-03-31 22:00:00,3601.744333044058
2025-03-31 23:00:00,3430.3131074701805
2025-04-01 00:00:00,3308.1658954355385
2025-04-01 01:00:00,3306.4223921645485
2025-04-01 02:00:00,3274.9863124807316
2025-04-01 03:00:00,3253.4619459780765
2025-04-01 04:00:00,3264.8207201603577
2025-04-01 05:00:00,3273.1170389127483
2025-04-01 06:00:00,3394.952334700296
2025-04-01 07:00:00,3512.958406995171
2025-04-01 08:00:00,3667.178483807671
2025-04-01 09:00:00,3761.607932102017
2025-04-01 10:00:00,3856.6073731927295
2025-04-01 11:00:00,3860.002488806912
2025-04-01 12:00:00,3892.1531989737055
2025-04-01 13:00:00,3954.565749820429
2025-04-01 14:00:00,3872.9927561409636
2025-04-01 15:00:00,3905.880647465235
2025-04-01 16:00:00,3784.690176675343
2025-04-01 17:00:00,3874.5835592713292
2025-04-01 18:00:00,4008.586351481171
2025-04-01 19:00:00,3982.872485620095
2025-04-01 20:00:00,3938.7285634900386
2025-04-01 21:00:00,3782.159216482876
2025-04-01 22:00:00,3598.1551559177537
2025-04-01 23:00:00,3489.543631592396
2025-04-02 00:00:00,3280.4159423203155
2025-04-02 01:00:00,3342.061010922546
2025-04-02 02:00:00,3226.4323470851423
2025-04-02 03:00:00,3218.7802791155846
2025-04-02 04:00:00,3214.5845429629785
2025-04-02 05:00:00,3317.1043812175462
2025-04-02 06:00:00,3383.8784187069796
2025-04-02 07:00:00,3567.80654180789
2025-04-02 08:00:00,3735.4168217483675
2025-04-02 09:00:00,3718.167787382341
2025-04-02 10:00:00,3846.26285133967
2025-04-02 11:00:00,3859.059494995125
2025-04-02 12:00:00,3930.5895367294993
2025-04-02 13:00:00,3957.0352542464175
2025-04-02 14:00:00,3887.897995781969
2025-04-02 15:00:00,3872.430083035306
2025-04-02 16:00:00,3899.8354276453115
2025-04-02 17:00:00,3871.8387781455162
2025-04-02 18:00:00,3972.5923311920496
2025-04-02 19:00:00,3943.4146320871664
2025-04-02 20:00:00,3916.493422821278
2025-04-02 21:00:00,3809.2375308385344
2025-04-02 22:00:00,3647.95458473633
2025-04-02 23:00:00,3463.179533441605
2025-04-03 00:00:00,3332.812139168252
2025-04-03 01:00:00,3303.1933253165184
2025-04-03 02:00:00,3232.581004053436
2025-04-03 03:00:00,3242.8836443345494
2025-04-03 04:00:00,3250.056400741721
2025-04-03 05:00:00,3292.5817546387425
2025-04-03 06:00:00,3424.0111513575466
2025-04-03 07:00:00,3573.207945750267
2025-04-03 08:00:00,3686.671998535348
2025-04-03 09:00:00,3785.8310274978744
2025-04-03 10:00:00,3937.784636980242
2025-04-03 11:00:00,3909.852332791569
2025-04-03 12:00:00,3948.9021510976304
2025-04-03 13:00:00,3976.030286709938
2025-04-03 14:00:00,3962.795364607615
2025-04-03 15:00:00,3882.812653425705
2025-04-03 16:00:00,3865.1977919018386
2025-04-03 17:00:00,3957.5008935723295
2025-04-03 18:00:00,4026.2583932305624
2025-04-03 19:00:00,3987.3233047077274
2025-04-03 20:00:00,3896.7059849532025
2025-04-03 21:00:00,3827.3980474845366
2025-04-03 22:00:00,3587.2002516926127
2025-04-03 23:00:00,3476.9372908634878
2025-04-04 00:00:00,3290.1735915607524
2025-04-04 01:00:00,3328.4721606675157
2025-04-04 02:00:00,3235.2316692082413
2025-04-04 03:00:00,3247.7752146927505
2025-04-04 04:00:00,3229.267398455107
2025-04-04 05:00:00,3279.6516078980444
2025-04-04 06:00:00,3410.4273707791995
2025-04-04 07:00:00,3566.400804899307
2025-04-04 08:00:00,3674.664507820688
2025-04-04 09:00:00,3770.0562517875696
2025-04-04 10:00:00,3890.4095651704442
2025-04-04 11:00:00,3815.2000624954285
2025-04-04 12:00:00,3947.571765163433
2025-04-04 13:00:00,3937.861191435959
2025-04-04 14:00:00,3858.3589116639496
2025-04-04 15:00:00,3799.655242674778
2025-04-04 16:00:00,3830.886633510023
2025-04-04 17:00:00,3903.247232374402
2025-04-04 18:00:00,3946.6213189613436
2025-04-04 19:00:00,4036.859199572583
2025-04-04 20:00:00,3904.7878096370578
2025-04-04 21:00:00,3798.3369837977166
2025-04-04 22:00:00,3572.612353833019
2025-04-04 23:00:00,3466.8770524206757
2025-04-05 00:00:00,3330.001212102127
2025-04-05 01:00:00,3257.5325616332166
2025-04-05 02:00:00,3163.2246423940815
2025-04-05 03:00:00,3197.6034929764737
2025-04-05 04:00:00,3203.6767023818065
2025-04-05 05:00:00,3279.1063696857386
2025-04-05 06:00:00,3385.718518542816
2025-04-05 07:00:00,3408.207060682648
2025-04-05 08:00:00,3541.6148998128747
2025-04-05 09:00:00,3641.291178683005
2025-04-05 10:00:00,3636.2456490569634
2025-04-05 11:00:00,3739.6437537335555
2025-04-05 12:00:00,3753.3595114322893
2025-04-05 13:00:00,3804.531593569455
2025-04-05 14:00:00,3812.321019357288
2025-04-05 15:00:00,3726.4158893292674
2025-04-05 16:00:00,3707.438966545825
2025-04-05 17:00:00,3764.3963415981066
2025-04-05 18:00:00,3768.3176394296083
2025-04-05 19:00:00,3806.044456238283
2025-04-05 20:00:00,3821.278138982804
2025-04-05 21:00:00,3652.721975557121
2025-04-05 22:00:00,3553.41935440115
2025-04-05 23:00:00,3395.071330411815
2025-04-06 00:00:00,3262.541365521204
2025-04-06 01:00:00,3252.464501352629
2025-04-06 02:00:00,3263.041623970702
2025-04-06 03:00:00,3169.067843105065
2025-04-06 04:00:00,3182.2727045007223
2025-04-06 05:00:00,3303.941883930323
2025-04-06 06:00:00,3403.57878096867
2025-04-06 07:00:00,3465.9538041669966
2025-04-06 08:00:00,3544.2902729396183
2025-04-06 09:00:00,3685.9226110375953
2025-04-06 10:00:00,3776.732454704461
2025-04-06 11:00:00,3795.4191866475753
2025-04-06 12:00:00,3805.11220847425
2025-04-06 13:00:00,3812.7393858388377
2025-04-06 14:00:00,3798.5962476699374
2025-04-06 15:00:00,3787.7267660339708
2025-04-06 16:00:00,3775.611471831233
2025-04-06 17:00:00,3837.186414810648
2025-04-06 18:00:00,3846.032649003921
2025-04-06 19:00:00,3807.2921284191652
2025-04-06 20:00:00,3835.3147931310177
2025-04-06 21:00:00,3659.0202822694628
2025-04-06 22:00:00,3525.506020094767
2025-04-06 23:00:00,3391.0409976308574
2025-04-07 00:00:00,3401.393505908072
2025-04-07 01:00:00,3392.2457630015765
2025-04-07 02:00:00,3287.7337335297548
2025-04-07 03:00:00,3229.068682517756
2025-04-07 04:00:00,3247.6359735523706
2025-04-07 05:00:00,3333.402054626508
2025-04-07 06:00:00,3428.2262014304956
2025-04-07 07:00:00,3615.538979060689
2025-04-07 08:00:00,3697.077014522657
2025-04-07 09:00:00,3790.4015013413195
2025-04-07 10:00:00,3879.059462015864
2025-04-07 11:00:00,3914.8589943259485
2025-04-07 12:00:00,3967.557395235452
2025-04-07 13:00:00,3956.1935177276146
2025-04-07 14:00:00,3910.3689429564383
2025-04-07 15:00:00,3839.9373046644528
2025-04-07 16:00:00,3878.4002358519765
2025-04-07 17:00:00,3921.151371923154
2025-04-07 18:00:00,3983.0627364107513
2025-04-07 19:00:00,4051.455466781077
2025-04-07 20:00:00,3956.482146160171
2025-04-07 21:00:00,3824.8337898949944
2025-04-07 22:00:00,3582.6905795268976
2025-04-07 23:00:00,3451.3555172624656
2025-04-08 00:00:00,3368.2878381655455
2025-04-08 01:00:00,3334.080171493553
2025-04-08 02:00:00,3265.8225265263886
2025-04-08 03:00:00,3233.603534546364
2025-04-08 04:00:00,3196.16866553038
2025-04-08 05:00:00,3309.3911972256656
2025-04-08 06:00:00,3472.260961763533
2025-04-08 07:00:00,3595.3788946380473
2025-04-08 08:00:00,3719.4284972121313
2025-04-08 09:00:00,3781.03616739298
2025-04-08 10:00:00,3857.643736345389
2025-04-08 11:00:00,3877.7136448651263
2025-04-08 12:00:00,3957.351876362685
2025-04-08 13:00:00,3982.595432825897
2025-04-08 14:00:00,3937.588307160093
2025-04-08 15:00:00,3855.1034212606805
2025-04-08 16:00:00,3790.3464252879653
2025-04-08 17:00:00,3918.9761032484885
2025-04-08 18:00:00,3943.512035914744
2025-04-08 19:00:00,3969.1544058743275
2025-04-08 20:00:00,3980.638606309303
2025-04-08 21:00:00,3794.4824296277043
2025-04-08 22:00:00,3646.761436661837
2025-04-08 23:00:00,3480.9396584687474
2025-04-09 00:00:00,3369.688902355313
2025-04-09 01:00:00,3277.071811048948
2025-04-09 02:00:00,3306.9493018974076
2025-04-09 03:00:00,3243.876402448894
2025-04-09 04:00:00,3227.547698857904
2025-04-09 05:00:00,3321.059322229868
2025-04-09 06:00:00,3399.097273221405
2025-04-09 07:00:00,3587.471194383434
2025-04-09 08:00:00,3673.0607467563223
2025-04-09 09:00:00,3748.6647824607057
2025-04-09 10:00:00,3825.185407553248
2025-04-09 11:00:00,3946.660236406452
2025-04-09 12:00:00,3929.909464829962
2025-04-09 13:00:00,4030.3076529084806
2025-04-09 14:00:00,3915.0704486649324
2025-04-09 15:00:00,3824.2624983016176
2025-04-09 16:00:00,3836.4894875923615
2025-04-09 17:00:00,3938.6291501610854
2025-04-09 18:00:00,3962.8809474061113
2025-04-09 19:00:00,3981.2441032566703
2025-04-09 20:00:00,3965.7705799424634
2025-04-09 21:00:00,3823.653456103153
2025-04-09 22:00:00,3650.288916033738
2025-04-09 23:00:00,3505.772267198978
2025-04-10 00:00:00,3343.428557406251
2025-04-10 01:00:00,3279.8095160887356
2025-04-10 02:00:00,3266.0338915018547
2025-04-10 03:00:00,3245.51360966503
2025-04-10 04:00:00,3213.798555045707
2025-04-10 05:00:00,3303.4088766386435
2025-04-10 06:00:00,3469.6655942843345
2025-04-10 07:00:00,3588.264656499578
2025-04-10 08:00:00,3718.1379518678823
2025-04-10 09:00:00,3781.9701007505096
2025-04-10 10:00:00,3880.881295918803
2025-04-10 11:00:00,3900.949040152911
2025-04-10 12:00:00,3995.6172568714524
2025-04-10 13:00:00,4042.60457212265
2025-04-10 14:00:00,3904.1724024110636
2025-04-10 15:00:00,3882.4480527304845
2025-04-10 16:00:00,3855.5791252661184
2025-04-10 17:00:00,3911.9354668460505
2025-04-10 18:00:00,4000.47771506711
2025-04-10 19:00:00,3990.024764045426
2025-04-10 20:00:00,3964.1866761696397
2025-04-10 21:00:00,3804.6602390867524
2025-04-10 22:00:00,3644.6577413437813
2025-04-10 23:00:00,3483.189537756397
2025-04-11 00:00:00,3346.1042257416907
2025-04-11 01:00:00,3321.3700582977494
2025-04-11 02:00:00,3264.2170857398755
2025-04-11 03:00:00,3236.6240636185935
2025-04-11 04:00:00,3298.9201352078317
2025-04-11 05:00:00,3379.0633836028637
2025-04-11 06:00:00,3432.045277063738
2025-04-11 07:00:00,3613.2037656899192
2025-04-11 08:00:00,3732.89876611129
2025-04-11 09:00:00,3760.9363247937135
2025-04-11 10:00:00,3897.8737296612726
2025-04-11 11:00:00,3949.220504706786
2025-04-11 12:00:00,3902.9252678916305
2025-04-11 13:00:00,3949.2718264566147
2025-04-11 14:00:00,3954.674626925363
2025-04-11 15:00:00,3882.68398420597
2025-04-11 16:00:00,3881.306558920554
2025-04-11 17:00:00,3903.01371414594
2025-04-11 18:00:00,3977.157117446439
2025-04-11 19:00:00,3960.4099656599237
2025-04-11 20:00:00,3997.983925921027
2025-04-11 21:00:00,3847.944397050782
2025-04-11 22:00:00,3615.014113069565
2025-04-11 23:00:00,3467.962724021207
2025-04-12 00:00:00,3277.7382506088666
2025-04-12 01:00:00,3293.737369146607
2025-04-12 02:00:00,3256.9373140990415
2025-04-12 03:00:00,3202.3635630525223
2025-04-12 04:00:00,3232.7766662545296
2025-04-12 05:00:00,3271.4754932150763
2025-04-12 06:00:00,3371.6879531176587
2025-04-12 07:00:00,3404.809212296184
2025-04-12 08:00:00,3509.838643226704
2025-04-12 09:00:00,3591.121277213209
2025-04-12 10:00:00,3690.275467679502
2025-04-12 11:00:00,3712.479549349462
2025-04-12 12:00:00,3754.929561341345
2025-04-12 13:00:00,3803.3273867858857
2025-04-12 14:00:00,3762.898813056808
2025-04-12 15:00:00,3689.9081129593997
2025-04-12 16:00:00,3790.269424199234
2025-04-12 17:00:00,3817.824903415579
2025-04-12 18:00:00,3774.80331288331
2025-04-12 19:00:00,3873.6337363580683
2025-04-12 20:00:00,3798.8875515682603
2025-04-12 21:00:00,3707.6070237838626
2025-04-12 22:00:00,3555.588261875255
2025-04-12 23:00:00,3388.303489469908
2025-04-13 00:00:00,3299.2769894910366
2025-04-13 01:00:00,3263.801920498741
2025-04-13 02:00:00,3219.995058672402
2025-04-13 03:00:00,3184.2764137916715
2025-04-13 04:00:00,3203.8856054292946
2025-04-13 05:00:00,3263.139785734101
2025-04-13 06:00:00,3376.5804477508245
2025-04-13 07:00:00,3475.4449432516385
2025-04-13 08:00:00,3498.1069407103114
2025-04-13 09:00:00,3602.005835876119
2025-04-13 10:00:00,3689.2320116618293
2025-04-13 11:00:00,3727.5823991139523
2025-04-13 12:00:00,3753.3754011087385
2025-04-13 13:00:00,3808.0864851773813
2025-04-13 14:00:00,3792.6140929683265
2025-04-13 15:00:00,3702.846811357756
2025-04-13 16:00:00,3765.880738062252
2025-04-13 17:00:00,3804.856203486309
2025-04-13 18:00:00,3792.897634606638
2025-04-13 19:00:00,3855.532270761336
2025-04-13 20:00:00,3837.062220158694
2025-04-13 21:00:00,3695.5158832244274
2025-04-13 22:00:00,3579.5309877749482
2025-04-13 23:00:00,3460.648007002169
2025-04-14 00:00:00,3338.8614965754823
2025-04-14 01:00:00,3285.106530669029
2025-04-14 02:00:00,3291.6063615752255
2025-04-14 03:00:00,3264.177983579776
2025-04-14 04:00:00,3239.449549445531
2025-04-14 05:00:00,3360.426652173983
2025-04-14 06:00:00,3407.03175961911
2025-04-14 07:00:00,3590.5762969756465
2025-04-14 08:00:00,3676.1281432909677
2025-04-14 09:00:00,3829.6896877400336
2025-04-14 10:00:00,3924.027855382638
2025-04-14 11:00:00,3881.75727214826
2025-04-14 12:00:00,3930.143026731976
2025-04-14 13:00:00,3968.4696571394084
2025-04-14 14:00:00,3893.341767437091
2025-04-14 15:00:00,3854.9497291299162
2025-04-14 16:00:00,3857.1339550140606
2025-04-14 17:00:00,3834.722557594316
2025-04-14 18:00:00,3970.4561861574707
2025-04-14 19:00:00,3986.956085661137
2025-04-14 20:00:00,3955.230657492269
2025-04-14 21:00:00,3862.2652595095506
2025-04-14 22:00:00,3590.7991378680085
2025-04-14 23:00:00,3497.137871885581
2025-04-15 00:00:00,3354.2211341952247
2025-04-15 01:00:00,3316.0837878337447
2025-04-15 02:00:00,3306.0936983896318
2025-04-15 03:00:00,3255.952790700791
2025-04-15 04:00:00,3261.942081525396
2025-04-15 05:00:00,3349.2643655911625
2025-04-15 06:00:00,3429.013670469971
2025-04-15 07:00:00,3535.329624327707
2025-04-15 08:00:00,3635.4978500373472
2025-04-15 09:00:00,3719.0165755836842
2025-04-15 10:00:00,3910.267982358939
2025-04-15 11:00:00,3896.760942562589
2025-04-15 12:00:00,3854.4269959328894
2025-04-15 13:00:00,3893.116281983825
2025-04-15 14:00:00,3911.5640477198235
2025-04-15 15:00:00,3875.2340259623497
2025-04-15 16:00:00,3875.284000375749
2025-04-15 17:00:00,3888.595582481672
2025-04-15 18:00:00,3968.958575442855
2025-04-15 19:00:00,4021.6687475709755
2025-04-15 20:00:00,3975.6759455841598
2025-04-15 21:00:00,3752.316034439312
2025-04-15 22:00:00,3622.4615403181624
2025-04-15 23:00:00,3452.6495722104337
2025-04-16 00:00:00,3368.174742584446
2025-04-16 01:00:00,3404.652669728377
2025-04-16 02:00:00,3296.6812826026485
2025-04-16 03:00:00,3240.6480393533125
2025-04-16 04:00:00,3272.7547593747645
2025-04-16 05:00:00,3338.0794917263797
2025-04-16 06:00:00,3451.4631596468575
2025-04-16 07:00:00,3572.5369911612347
2025-04-16 08:00:00,3741.531468640137
2025-04-16 09:00:00,3734.0548080298418
2025-04-16 10:00:00,3861.1502952011538
2025-04-16 11:00:00,3856.248926720394
2025-04-16 12:00:00,3936.2443148729617
2025-04-16 13:00:00,3912.533389870231
2025-04-16 14:00:00,3885.539128248373
2025-04-16 15:00:00,3851.2218457506287
2025-04-16 16:00:00,3890.470848759385
2025-04-16 17:00:00,3927.2013217001772
2025-04-16 18:00:00,3935.3846324883907
2025-04-16 19:00:00,4014.9832693453586
2025-04-16 20:00:00,3952.4337989419323
2025-04-16 21:00:00,3783.6326817890217
2025-04-16 22:00:00,3624.7042552250095
2025-04-16 23:00:00,3469.540095534083
2025-04-17 00:00:00,3430.5293899770745
2025-04-17 01:00:00,3338.480952973467
2025-04-17 02:00:00,3252.471803724576
2025-04-17 03:00:00,3235.7893881637656
2025-04-17 04:00:00,3277.03551374381
2025-04-17 05:00:00,3382.5427234676563
2025-04-17 06:00:00,3398.012534281993
2025-04-17 07:00:00,3502.9166359616665
2025-04-17 08:00:00,3726.0738358913236
2025-04-17 09:00:00,3759.2882004195762
2025-04-17 10:00:00,3797.5255838426783
2025-04-17 11:00:00,3878.8492148010787
2025-04-17 12:00:00,3818.323428479536
2025-04-17 13:00:00,3938.918047694847
2025-04-17 14:00:00,3910.8003112208576
2025-04-17 15:00:00,3890.8885931391283
2025-04-17 16:00:00,3831.0018983029754
2025-04-17 17:00:00,3903.2446243954273
2025-04-17 18:00:00,3947.608874821857
2025-04-17 19:00:00,4023.4969898844743
2025-04-17 20:00:00,3948.565858782949
2025-04-17 21:00:00,3811.604101930662
2025-04-17 22:00:00,3603.943103742547
2025-04-17 23:00:00,3498.0482236723574
2025-04-18 00:00:00,3390.0601650503004
2025-04-18 01:00:00,3322.428896009674
2025-04-18 02:00:00,3291.422603740909
2025-04-18 03:00:00,3214.467045529192
2025-04-18 04:00:00,3244.3586404347398
2025-04-18 05:00:00,3327.339784700521
2025-04-18 06:00:00,3515.655400844959
2025-04-18 07:00:00,3526.5874449816347
2025-04-18 08:00:00,3716.046218524527
2025-04-18 09:00:00,3779.4459993684163
2025-04-18 10:00:00,3834.6550426550493
2025-04-18 11:00:00,3918.692889514395
2025-04-18 12:00:00,3914.2038710973015
2025-04-18 13:00:00,3953.1160677781577
2025-04-18 14:00:00,3900.9280172641347
2025-04-18 15:00:00,3902.1519797175233
2025-04-18 16:00:00,3898.222744077719
2025-04-18 17:00:00,3883.052403014452
2025-04-18 18:00:00,3937.112370095771
2025-04-18 19:00:00,4010.8448520738666
2025-04-18 20:00:00,3953.640266912842
2025-04-18 21:00:00,3824.1207839548388
2025-04-18 22:00:00,3670.7442624612027
2025-04-18 23:00:00,3468.981743275491
2025-04-19 00:00:00,3329.255398269422
2025-04-19 01:00:00,3293.644071684805
2025-04-19 02:00:00,3275.920749604915
2025-04-19 03:00:00,3157.7551239444283
2025-04-19 04:00:00,3199.9480697258514
2025-04-19 05:00:00,3297.6804944024884
2025-04-19 06:00:00,3401.0181915254902
2025-04-19 07:00:00,3431.679835872345
2025-04-19 08:00:00,3468.927714839668
2025-04-19 09:00:00,3616.1988289864325
2025-04-19 10:00:00,3656.240861011451
2025-04-19 11:00:00,3677.8607600460655
2025-04-19 12:00:00,3732.7431861137666
2025-04-19 13:00:00,3784.16690601043
2025-04-19 14:00:00,3771.4266588661753
2025-04-19 15:00:00,3685.287832488326
2025-04-19 16:00:00,3778.403558724077
2025-04-19 17:00:00,3828.4131399657267
2025-04-19 18:00:00,3847.9942076105976
2025-04-19 19:00:00,3831.1329232879675
2025-04-19 20:00:00,3821.8712362983665
2025-04-19 21:00:00,3713.0068073605134
2025-04-19 22:00:00,3577.132897716231
2025-04-19 23:00:00,3425.173243977249
2025-04-20 00:00:00,3312.545048946794
2025-04-20 01:00:00,3295.976309881827
2025-04-20 02:00:00,3267.424969079397
2025-04-20 03:00:00,3254.6848701566296
2025-04-20 04:00:00,3235.347713001429
2025-04-20 05:00:00,3314.607742222846
2025-04-20 06:00:00,3372.6762935221277
2025-04-20 07:00:00,3485.9114199582154
2025-04-20 08:00:00,3535.167554611605
2025-04-20 09:00:00,3579.706814782577
2025-04-20 10:00:00,3726.2768031753135
2025-04-20 11:00:00,3747.0676124087004
2025-04-20 12:00:00,3747.5946664310127
2025-04-20 13:00:00,3786.9938879886718
2025-04-20 14:00:00,3800.714301496467
2025-04-20 15:00:00,3767.326081042974
2025-04-20 16:00:00,3759.3420348601176
2025-04-20 17:00:00,3801.161212445151
2025-04-20 18:00:00,3882.105179049475
2025-04-20 19:00:00,3901.478980349371
2025-04-20 20:00:00,3835.8593394039053
2025-04-20 21:00:00,3743.094326685091
2025-04-20 22:00:00,3532.4948452466497
2025-04-20 23:00:00,3419.56759414752
2025-04-21 00:00:00,3420.9647733594916
2025-04-21 01:00:00,3328.019314794181
2025-04-21 02:00:00,3273.167685735179
2025-04-21 03:00:00,3240.203022771944
2025-04-21 04:00:00,3228.801690327335
2025-04-21 05:00:00,3312.9046145162447
2025-04-21 06:00:00,3438.572114968559
2025-04-21 07:00:00,3532.8431915472893
2025-04-21 08:00:00,3697.569715530888
2025-04-21 09:00:00,3805.15581084941
2025-04-21 10:00:00,3830.7949928872767
2025-04-21 11:00:00,3946.343171931227
2025-04-21 12:00:00,3952.078075691203
2025-04-21 13:00:00,4015.310467137646
2025-04-21 14:00:00,3910.614736714106
2025-04-21 15:00:00,3905.34504693608
2025-04-21 16:00:00,3836.504885655587
2025-04-21 17:00:00,3936.4710529725917
2025-04-21 18:00:00,3990.7523345773266
2025-04-21 19:00:00,4041.402124562172
2025-04-21 20:00:00,3947.793189838949
2025-04-21 21:00:00,3804.554743823756
2025-04-21 22:00:00,3657.7874330254936
2025-04-21 23:00:00,3460.6585204689486
2025-04-22 00:00:00,3386.394629109385
2025-04-22 01:00:00,3299.0712015712725
2025-04-22 02:00:00,3319.5856840447896
2025-04-22 03:00:00,3226.740016674971
2025-04-22 04:00:00,3273.272116751737
2025-04-22 05:00:00,3352.2470792888357
2025-04-22 06:00:00,3442.317723661559
2025-04-22 07:00:00,3602.9694483194157
2025-04-22 08:00:00,3717.7845509947642
2025-04-22 09:00:00,3777.006811025117
2025-04-22 10:00:00,3844.107004399629
2025-04-22 11:00:00,3854.960123963272
2025-04-22 12:00:00,3967.077005998309
2025-04-22 13:00:00,3944.7871351195613
2025-04-22 14:00:00,3952.766902683353
2025-04-22 15:00:00,3891.195859037742
2025-04-22 16:00:00,3913.5922563460404
2025-04-22 17:00:00,3914.462261542605
2025-04-22 18:00:00,3983.9764474821804
2025-04-22 19:00:00,4049.2369278502065
2025-04-22 20:00:00,3998.0149911538524
2025-04-22 21:00:00,3843.665424235597
2025-04-22 22:00:00,3655.943544212231
2025-04-22 23:00:00,3446.0514171120403
2025-04-23 00:00:00,3396.0650646583485
2025-04-23 01:00:00,3353.6203424523897
2025-04-23 02:00:00,3272.0775887089376
2025-04-23 03:00:00,3254.1830499847897
2025-04-23 04:00:00,3259.5244352565605
2025-04-23 05:00:00,3341.6785711193634
2025-04-23 06:00:00,3485.79856202945
2025-04-23 07:00:00,3645.0797699986347
2025-04-23 08:00:00,3759.6874538497436
2025-04-23 09:00:00,3770.347386928039
2025-04-23 10:00:00,3909.7720981891025
2025-04-23 11:00:00,3971.8728285420943
2025-04-23 12:00:00,3979.714033562538
2025-04-23 13:00:00,4039.70581579832
2025-04-23 14:00:00,4023.3540822185573
2025-04-23 15:00:00,3939.621401466805
2025-04-23 16:00:00,3906.872428491897
2025-04-23 17:00:00,3961.1537841721492
2025-04-23 18:00:00,4001.1918120426817
2025-04-23 19:00:00,4028.5081183716925
2025-04-23 20:00:00,3978.163112894783
2025-04-23 21:00:00,3883.918162801743
2025-04-23 22:00:00,3620.2840553221613
2025-04-23 23:00:00,3533.4985586499392
2025-04-24 00:00:00,3390.8673587525836
2025-04-24 01:00:00,3301.604404383374
2025-04-24 02:00:00,3310.311081785142
2025-04-24 03:00:00,3207.418197621304
2025-04-24 04:00:00,3279.8600557867535
2025-04-24 05:00:00,3378.0967458097416
2025-04-24 06:00:00,3469.378565503253
2025-04-24 07:00:00,3617.087449084931
2025-04-24 08:00:00,3798.1234526283124
2025-04-24 09:00:00,3810.3652326951456
2025-04-24 10:00:00,3875.418287442934
2025-04-24 11:00:00,3992.8371190469593
2025-04-24 12:00:00,4046.9072960531694
2025-04-24 13:00:00,4024.322062202149
2025-04-24 14:00:00,4009.486980355752
2025-04-24 15:00:00,3968.8221615748666
2025-04-24 16:00:00,3895.651244350662
2025-04-24 17:00:00,3937.6854262396964
2025-04-24 18:00:00,4063.782888802284
2025-04-24 19:00:00,4115.984889849086
2025-04-24 20:00:00,4030.2497952326353
2025-04-24 21:00:00,3822.3303908865955
2025-04-24 22:00:00,3703.974188432647
2025-04-24 23:00:00,3477.6635881028956
2025-04-25 00:00:00,3370.032804053745
2025-04-25 01:00:00,3349.84288500261
2025-04-25 02:00:00,3343.353308551168
2025-04-25 03:00:00,3291.4523838885134
2025-04-25 04:00:00,3291.1024286744178
2025-04-25 05:00:00,3385.935497351958
2025-04-25 06:00:00,3506.875249334498
2025-04-25 07:00:00,3651.5982744493863
2025-04-25 08:00:00,3686.0860524989835
2025-04-25 09:00:00,3838.244001625218
2025-04-25 10:00:00,3938.087078840184
2025-04-25 11:00:00,3934.786567495265
2025-04-25 12:00:00,4024.6424553070847
2025-04-25 13:00:00,4047.3196958677568
2025-04-25 14:00:00,4063.0290711945113
2025-04-25 15:00:00,4001.696008026856
2025-04-25 16:00:00,3928.7366830545193
2025-04-25 17:00:00,3970.6283719217768
2025-04-25 18:00:00,4046.9860364956107
2025-04-25 19:00:00,4069.5284092859274
2025-04-25 20:00:00,4046.900068535902
2025-04-25 21:00:00,3857.803261752604
2025-04-25 22:00:00,3648.1460967840567
2025-04-25 23:00:00,3539.789865014061
2025-04-26 00:00:00,3382.077706709226
2025-04-26 01:00:00,3292.571975840654
2025-04-26 02:00:00,3297.506975663111
2025-04-26 03:00:00,3230.106043870148
2025-04-26 04:00:00,3268.606331233286
2025-04-26 05:00:00,3380.8726608877237
2025-04-26 06:00:00,3457.649044953047
2025-04-26 07:00:00,3568.79041612069
2025-04-26 08:00:00,3631.1198653047245
2025-04-26 09:00:00,3726.8046106810752
2025-04-26 10:00:00,3809.493968301896
2025-04-26 11:00:00,3834.720748471906
2025-04-26 12:00:00,3889.7647865467684
2025-04-26 13:00:00,3883.2653366566647
2025-04-26 14:00:00,3907.4364112492513
2025-04-26 15:00:00,3855.5934370588548
2025-04-26 16:00:00,3847.4630801296958
2025-04-26 17:00:00,3878.8290094024665
2025-04-26 18:00:00,3914.4377145916683
2025-04-26 19:00:00,3966.033992956545
2025-04-26 20:00:00,3935.2611448805196
2025-04-26 21:00:00,3758.374210572297
2025-04-26 22:00:00,3585.2292766510564
2025-04-26 23:00:00,3434.136020725246
2025-04-27 00:00:00,3369.0463183048178
2025-04-27 01:00:00,3320.095282758679
2025-04-27 02:00:00,3271.782115379279
2025-04-27 03:00:00,3231.7395950652
2025-04-27 04:00:00,3267.839166677445
2025-04-27 05:00:00,3381.310023958827
2025-04-27 06:00:00,3490.4093107349554
2025-04-27 07:00:00,3545.935485134067
2025-04-27 08:00:00,3636.694982642906
2025-04-27 09:00:00,3706.8881680157365
2025-04-27 10:00:00,3818.239286053465
2025-04-27 11:00:00,3836.4938023866775
2025-04-27 12:00:00,3920.4266576273194
2025-04-27 13:00:00,3880.029470724832
2025-04-27 14:00:00,3918.870795655125
2025-04-27 15:00:00,3883.991719157547
2025-04-27 16:00:00,3875.829625374824
2025-04-27 17:00:00,3982.19717369244
2025-04-27 18:00:00,3939.356925173287
2025-04-27 19:00:00,3921.1435454078623
2025-04-27 20:00:00,3900.0139383224296
2025-04-27 21:00:00,3735.782776003473
2025-04-27 22:00:00,3615.2983428437406
2025-04-27 23:00:00,3431.4854025897785
2025-04-28 00:00:00,3441.09231943428
2025-04-28 01:00:00,3360.4107645086865
2025-04-28 02:00:00,3333.9976574036195
2025-04-28 03:00:00,3289.997048519794
2025-04-28 04:00:00,3362.0910364231713
2025-04-28 05:00:00,3395.275240111677
2025-04-28 06:00:00,3585.6717993838483
2025-04-28 07:00:00,3682.6429334869013
2025-04-28 08:00:00,3798.8163390080435
2025-04-28 09:00:00,3878.235787328331
2025-04-28 10:00:00,3955.8599082444002
2025-04-28 11:00:00,3914.565825997896
2025-04-28 12:00:00,4004.7206702632207
2025-04-28 13:00:00,4073.2505448213633
2025-04-28 14:00:00,3998.773531129958
2025-04-28 15:00:00,3907.3730578684367
2025-04-28 16:00:00,3932.2806424219516
2025-04-28 17:00:00,4004.7749149729334
2025-04-28 18:00:00,4062.9099865599187
2025-04-28 19:00:00,4047.340060978422
2025-04-28 20:00:00,4034.8638539333288
2025-04-28 21:00:00,3834.478460389846
2025-04-28 22:00:00,3603.6664020215208
2025-04-28 23:00:00,3473.754170269054
2025-04-29 00:00:00,3428.31414856645
2025-04-29 01:00:00,3340.164310120046
2025-04-29 02:00:00,3302.581907137248
2025-04-29 03:00:00,3262.7027022264083
2025-04-29 04:00:00,3320.368341030816
2025-04-29 05:00:00,3391.045052707464
2025-04-29 06:00:00,3524.400844525207
2025-04-29 07:00:00,3573.8110720803934
2025-04-29 08:00:00,3702.5309540253
2025-04-29 09:00:00,3724.998179560547
2025-04-29 10:00:00,3893.1657180244356
2025-04-29 11:00:00,3849.874692184779
2025-04-29 12:00:00,3931.4634985542907
2025-04-29 13:00:00,3928.34431392319
2025-04-29 14:00:00,3906.1685359833127
2025-04-29 15:00:00,3860.1502851754485
2025-04-29 16:00:00,3867.2818044095716
2025-04-29 17:00:00,3907.730365101496
2025-04-29 18:00:00,3984.059736281751
2025-04-29 19:00:00,4067.0223799506043
2025-04-29 20:00:00,3966.2415531519287
2025-04-29 21:00:00,3854.4918983697025
2025-04-29 22:00:00,3690.934336054128
2025-04-29 23:00:00,3487.034692909432
2025-04-30 00:00:00,3368.2319252969096
2025-04-30 01:00:00,3343.0155788911284
2025-04-30 02:00:00,3341.9413768050067
2025-04-30 03:00:00,3277.2804967620455
2025-04-30 04:00:00,3258.29331401442
2025-04-30 05:00:00,3362.1569160595695
2025-04-30 06:00:00,3434.128803410078
2025-04-30 07:00:00,3599.685985938215
2025-04-30 08:00:00,3707.7408928060095
2025-04-30 09:00:00,3763.3631883497555
2025-04-30 10:00:00,3823.8200795748758
2025-04-30 11:00:00,3860.5622747681455
2025-04-30 12:00:00,3943.4393484436496
2025-04-30 13:00:00,4004.1201268111545
2025-04-30 14:00:00,3906.6192512534553
2025-04-30 15:00:00,3902.4007927603907
2025-04-30 16:00:00,3823.2253403396085
2025-04-30 17:00:00,3908.2744086690523
2025-04-30 18:00:00,4002.6372059195687
2025-04-30 19:00:00,4012.7119978975293
2025-04-30 20:00:00,3973.6365791391777
2025-04-30 21:00:00,3829.080428307158
2025-04-30 22:00:00,3665.712614317344
2025-04-30 23:00:00,3497.928019780299
2025-05-01 00:00:00,3362.325881046823
2025-05-01 01:00:00,3327.300114547536
2025-05-01 02:00:00,3329.575429652443
2025-05-01 03:00:00,3319.0224874261426
2025-05-01 04:00:00,3234.2281418734256
2025-05-01 05:00:00,3371.192402305775
2025-05-01 06:00:00,3486.697615938823
2025-05-01 07:00:00,3658.338983434574
2025-05-01 08:00:00,3723.3638085863754
2025-05-01 09:00:00,3824.359308414911
2025-05-01 10:00:00,3897.220750394034
2025-05-01 11:00:00,3869.369921459178
2025-05-01 12:00:00,4000.6702596189416
2025-05-01 13:00:00,4018.121173057276
2025-05-01 14:00:00,3984.432781842562
2025-05-01 15:00:00,4052.814043844593
2025-05-01 16:00:00,3863.877843272757
2025-05-01 17:00:00,4023.0499637435796
2025-05-01 18:00:00,4036.802494061671
2025-05-01 19:00:00,4094.4016500542016
2025-05-01 20:00:00,4044.6336618026785
2025-05-01 21:00:00,3877.2834584739417
2025-05-01 22:00:00,3679.114328554099
2025-05-01 23:00:00,3549.6760787711355
2025-05-02 00:00:00,3383.7689818830527
2025-05-02 01:00:00,3406.7535591236856
2025-05-02 02:00:00,3336.349322711887
2025-05-02 03:00:00,3278.6593180099276
2025-05-02 04:00:00,3296.6594372192662
2025-05-02 05:00:00,3425.9499916367827
2025-05-02 06:00:00,3505.630325983501
2025-05-02 07:00:00,3659.389002576353
2025-05-02 08:00:00,3754.2652627566495
2025-05-02 09:00:00,3886.8393616432836
2025-05-02 10:00:00,3969.358107700984
2025-05-02 11:00:00,4050.1411901135457
2025-05-02 12:00:00,4025.7649574256047
2025-05-02 13:00:00,4097.564212635434
2025-05-02 14:00:00,4033.7952806729977
2025-05-02 15:00:00,4019.782110366522
2025-05-02 16:00:00,3945.494757719961
2025-05-02 17:00:00,4023.5030379980967
2025-05-02 18:00:00,4065.270797323392
2025-05-02 19:00:00,4101.2989494275
2025-05-02 20:00:00,4060.0173201299012
2025-05-02 21:00:00,3904.1909649905056
2025-05-02 22:00:00,3694.375888288894
2025-05-02 23:00:00,3548.201107449258
2025-05-03 00:00:00,3430.8826266913243
2025-05-03 01:00:00,3375.5676447336496
2025-05-03 02:00:00,3333.237159037746
2025-05-03 03:00:00,3259.3550767902484
2025-05-03 04:00:00,3260.3474403505716
2025-05-03 05:00:00,3405.1326883607207
2025-05-03 06:00:00,3499.3847598426273
2025-05-03 07:00:00,3607.9366716320847
2025-05-03 08:00:00,3635.399232665372
2025-05-03 09:00:00,3731.456469539051
2025-05-03 10:00:00,3772.21314691376
2025-05-03 11:00:00,3852.2957830837536
2025-05-03 12:00:00,3935.395705963242
2025-05-03 13:00:00,3933.229929056213
2025-05-03 14:00:00,3962.767047541034
2025-05-03 15:00:00,3876.9787025282913
2025-05-03 16:00:00,3879.187591198439
2025-05-03 17:00:00,3865.8748198302465
2025-05-03 18:00:00,3934.4431619430447
2025-05-03 19:00:00,3866.0743486294105
2025-05-03 20:00:00,3910.3301070964935
2025-05-03 21:00:00,3741.693930500551
2025-05-03 22:00:00,3659.6386235258014
2025-05-03 23:00:00,3487.551414132717
2025-05-04 00:00:00,3402.444620232261
2025-05-04 01:00:00,3391.5992146386675
2025-05-04 02:00:00,3286.721646411316
2025-05-04 03:00:00,3333.253631024409
2025-05-04 04:00:00,3333.5781475819367
2025-05-04 05:00:00,3394.652223591299
2025-05-04 06:00:00,3520.104770385393
2025-05-04 07:00:00,3545.1561146426025
2025-05-04 08:00:00,3639.301433899383
2025-05-04 09:00:00,3730.7140266519546
2025-05-04 10:00:00,3817.7439048358237
2025-05-04 11:00:00,3844.9091858154666
2025-05-04 12:00:00,3958.3077533899354
2025-05-04 13:00:00,3949.4418256218037
2025-05-04 14:00:00,3963.382621415287
2025-05-04 15:00:00,3875.4596079930907
2025-05-04 16:00:00,3827.488878597257
2025-05-04 17:00:00,3924.4384086823707
2025-05-04 18:00:00,3887.348118240378
2025-05-04 19:00:00,3973.2296155181057
2025-05-04 20:00:00,3887.5706919585327
2025-05-04 21:00:00,3867.150696845318
2025-05-04 22:00:00,3671.1568631825808
2025-05-04 23:00:00,3487.3083894140855
2025-05-05 00:00:00,3477.6002648136696
2025-05-05 01:00:00,3368.5008743260496
2025-05-05 02:00:00,3367.0565685177794
2025-05-05 03:00:00,3331.4061966483005
2025-05-05 04:00:00,3349.7172171494676
2025-05-05 05:00:00,3477.3737450068925
2025-05-05 06:00:00,3604.4888585845774
2025-05-05 07:00:00,3725.300682281792
2025-05-05 08:00:00,3793.9407212458746
2025-05-05 09:00:00,3900.106151200086
2025-05-05 10:00:00,4010.4597079841096
2025-05-05 11:00:00,4059.9372892712922
2025-05-05 12:00:00,4058.4539324414336
2025-05-05 13:00:00,4217.063168063283
2025-05-05 14:00:00,4137.922738020282
2025-05-05 15:00:00,4052.711683421117
2025-05-05 16:00:00,4030.0926543795485
2025-05-05 17:00:00,4052.805965374112
2025-05-05 18:00:00,4100.535793959927
2025-05-05 19:00:00,4162.851136617716
2025-05-05 20:00:00,4122.647604041135
2025-05-05 21:00:00,3912.7690110913463
2025-05-05 22:00:00,3758.5233329974512
2025-05-05 23:00:00,3582.667521451339
2025-05-06 00:00:00,3415.5722380586867
2025-05-06 01:00:00,3381.904200329976
2025-05-06 02:00:00,3355.0633364939213
2025-05-06 03:00:00,3385.379743346043
2025-05-06 04:00:00,3362.518468920267
2025-05-06 05:00:00,3405.2155309983655
2025-05-06 06:00:00,3592.8471336463776
2025-05-06 07:00:00,3668.928940549882
2025-05-06 08:00:00,3878.5388681300765
2025-05-06 09:00:00,3914.355431868495
2025-05-06 10:00:00,4012.5836692563166
2025-05-06 11:00:00,4102.745325674999
2025-05-06 12:00:00,4059.2388189420612
2025-05-06 13:00:00,4092.2142983853532
2025-05-06 14:00:00,4059.358469285949
2025-05-06 15:00:00,4050.514504205921
2025-05-06 16:00:00,3957.420955920123
2025-05-06 17:00:00,3947.891819456465
2025-05-06 18:00:00,4091.6282507491233
2025-05-06 19:00:00,4157.653312804589
2025-05-06 20:00:00,4129.499650699337
2025-05-06 21:00:00,3920.667430484741
2025-05-06 22:00:00,3718.7954466506912
2025-05-06 23:00:00,3599.8063561298777
2025-05-07 00:00:00,3397.3253947876624
2025-05-07 01:00:00,3398.4469881664695
2025-05-07 02:00:00,3368.270318942646
2025-05-07 03:00:00,3329.3290145898695
2025-05-07 04:00:00,3306.5197662025666
2025-05-07 05:00:00,3410.6612910680205
2025-05-07 06:00:00,3459.1470083234967
2025-05-07 07:00:00,3638.676453019528
2025-05-07 08:00:00,3793.396073063073
2025-05-07 09:00:00,3840.246314788964
2025-05-07 10:00:00,3958.5472267615523
2025-05-07 11:00:00,4012.1155424167137
2025-05-07 12:00:00,4028.7232438139645
2025-05-07 13:00:00,4075.3037848263634
2025-05-07 14:00:00,3992.8821867284337
2025-05-07 15:00:00,3966.0342704328905
2025-05-07 16:00:00,3981.6968946254306
2025-05-07 17:00:00,3999.436943313737
2025-05-07 18:00:00,4045.55428010567
2025-05-07 19:00:00,4104.503218609694
2025-05-07 20:00:00,4081.333366443156
2025-05-07 21:00:00,3838.0596420671372
2025-05-07 22:00:00,3741.321906637319
2025-05-07 23:00:00,3541.314855704628
2025-05-08 00:00:00,3447.1656152400315
2025-05-08 01:00:00,3428.963040411876
2025-05-08 02:00:00,3320.5506704851596
2025-05-08 03:00:00,3299.5197920252317
2025-05-08 04:00:00,3310.693146678871
2025-05-08 05:00:00,3375.136372447681
2025-05-08 06:00:00,3568.0164497786845
2025-05-08 07:00:00,3621.648995719208
2025-05-08 08:00:00,3762.4720701286633
2025-05-08 09:00:00,3859.713037839392
2025-05-08 10:00:00,3904.2906544008843
2025-05-08 11:00:00,3976.883022362082
2025-05-08 12:00:00,4035.251766180528
2025-05-08 13:00:00,4050.459222334487
2025-05-08 14:00:00,4015.6561384881043
2025-05-08 15:00:00,3956.126985597729
2025-05-08 16:00:00,3917.8043569453407
2025-05-08 17:00:00,4006.6407398315323
2025-05-08 18:00:00,4120.398089154031
2025-05-08 19:00:00,4099.745633692149
2025-05-08 20:00:00,4067.4195007607464
2025-05-08 21:00:00,3925.5797514629403
2025-05-08 22:00:00,3671.0866801319207
2025-05-08 23:00:00,3600.9765859164595
2025-05-09 00:00:00,3442.691414833454
2025-05-09 01:00:00,3442.4310105612253
2025-05-09 02:00:00,3339.3133005284167
2025-05-09 03:00:00,3368.2402011361123
2025-05-09 04:00:00,3347.222079205469
2025-05-09 05:00:00,3434.265096625982
2025-05-09 06:00:00,3554.9309074440994
2025-05-09 07:00:00,3668.699623131696
2025-05-09 08:00:00,3838.6046934621495
2025-05-09 09:00:00,3891.7880919344143
2025-05-09 10:00:00,3908.1793941990063
2025-05-09 11:00:00,3976.091813640391
2025-05-09 12:00:00,4045.6469472321223
2025-05-09 13:00:00,4101.539718415851
2025-05-09 14:00:00,4046.6508981208253
2025-05-09 15:00:00,4037.528748205252
2025-05-09 16:00:00,3926.0269448148892
2025-05-09 17:00:00,4026.8099529972665
2025-05-09 18:00:00,4036.607456005288
2025-05-09 19:00:00,4146.674188344779
2025-05-09 20:00:00,4073.6031249645953
2025-05-09 21:00:00,3929.911665104326
2025-05-09 22:00:00,3687.1030677061103
2025-05-09 23:00:00,3592.119912126455
2025-05-10 00:00:00,3428.0294810645405
2025-05-10 01:00:00,3376.308682244757
2025-05-10 02:00:00,3318.1015613771187
2025-05-10 03:00:00,3306.926596149488
2025-05-10 04:00:00,3294.5840443091274
2025-05-10 05:00:00,3430.9924006809565
2025-05-10 06:00:00,3542.685356758168
2025-05-10 07:00:00,3611.6064231634628
2025-05-10 08:00:00,3643.435643388743
2025-05-10 09:00:00,3759.0071826813455
2025-05-10 10:00:00,3791.2879954299956
2025-05-10 11:00:00,3891.5960131815186
2025-05-10 12:00:00,3929.4397087100583
2025-05-10 13:00:00,3893.0641902746147
2025-05-10 14:00:00,3911.6177176296123
2025-05-10 15:00:00,3882.0034232393514
2025-05-10 16:00:00,3876.8674426839134
2025-05-10 17:00:00,3885.5916509313397
2025-05-10 18:00:00,3962.976337368201
2025-05-10 19:00:00,3987.934470398556
2025-05-10 20:00:00,3926.595047096392
2025-05-10 21:00:00,3785.6326869496884
2025-05-10 22:00:00,3682.2386222599266
2025-05-10 23:00:00,3536.595198545284
2025-05-11 00:00:00,3396.287410087111
2025-05-11 01:00:00,3345.7523198667836
2025-05-11 02:00:00,3341.5193060930637
2025-05-11 03:00:00,3294.9235323522053
2025-05-11 04:00:00,3317.104921052271
2025-05-11 05:00:00,3434.874198928107
2025-05-11 06:00:00,3452.9044856229684
2025-05-11 07:00:00,3632.51242345157
2025-05-11 08:00:00,3682.377012434206
2025-05-11 09:00:00,3752.259265924788
2025-05-11 10:00:00,3844.256911508129
2025-05-11 11:00:00,3885.9078142865014
2025-05-11 12:00:00,3870.4926176505714
2025-05-11 13:00:00,4010.7512992980305
2025-05-11 14:00:00,3957.69274496577
2025-05-11 15:00:00,3914.921352065061
2025-05-11 16:00:00,3917.666691737131
2025-05-11 17:00:00,3889.514277491076
2025-05-11 18:00:00,3975.3813407645202
2025-05-11 19:00:00,3987.4794356125867
2025-05-11 20:00:00,3979.336504789549
2025-05-11 21:00:00,3763.5194825011863
2025-05-11 22:00:00,3661.3422275308308
2025-05-11 23:00:00,3484.1936665860785
2025-05-12 00:00:00,3471.205916543769
2025-05-12 01:00:00,3425.279495343578
2025-05-12 02:00:00,3356.8039174466576
2025-05-12 03:00:00,3330.8729103952055
2025-05-12 04:00:00,3364.2662293301864
2025-05-12 05:00:00,3439.322877867429
2025-05-12 06:00:00,3620.523204000811
2025-05-12 07:00:00,3715.3545316838527
2025-05-12 08:00:00,3762.978931293266
2025-05-12 09:00:00,3924.8647588241165
2025-05-12 10:00:00,3986.7377507298033
2025-05-12 11:00:00,4008.1313736036927
2025-05-12 12:00:00,4059.1582612783345
2025-05-12 13:00:00,4143.560429209266
2025-05-12 14:00:00,4137.6751546464675
2025-05-12 15:00:00,4047.542540405271
2025-05-12 16:00:00,4003.684309495254
2025-05-12 17:00:00,4069.849212104812
2025-05-12 18:00:00,4113.711218781588
2025-05-12 19:00:00,4137.243901509594
2025-05-12 20:00:00,4073.012393374548
2025-05-12 21:00:00,3888.208656059833
2025-05-12 22:00:00,3728.688293008859
2025-05-12 23:00:00,3581.6953260928744
2025-05-13 00:00:00,3453.371158702968
2025-05-13 01:00:00,3399.291595417061
2025-05-13 02:00:00,3351.942189237353
2025-05-13 03:00:00,3374.521302410231
2025-05-13 04:00:00,3343.200602415208
2025-05-13 05:00:00,3495.53240458862
2025-05-13 06:00:00,3576.123112921756
2025-05-13 07:00:00,3710.729384124099
2025-05-13 08:00:00,3815.8328688388165
2025-05-13 09:00:00,3931.117891078246
2025-05-13 10:00:00,4062.8682975199717
2025-05-13 11:00:00,4090.1107729910714
2025-05-13 12:00:00,4145.837056135454
2025-05-13 13:00:00,4172.938539125206
2025-05-13 14:00:00,4073.361019070292
2025-05-13 15:00:00,4043.6078717712057
2025-05-13 16:00:00,4018.81938668624
2025-05-13 17:00:00,4120.313416912955
2025-05-13 18:00:00,4111.413672354951
2025-05-13 19:00:00,4211.933346319622
2025-05-13 20:00:00,4167.696211218467
2025-05-13 21:00:00,4035.6277803751327
2025-05-13 22:00:00,3762.4505206268022
2025-05-13 23:00:00,3635.7716994729703
2025-05-14 00:00:00,3555.8428519526524
2025-05-14 01:00:00,3415.0233762395537
2025-05-14 02:00:00,3358.1881071262846
2025-05-14 03:00:00,3324.9431197296885
2025-05-14 04:00:00,3412.3646212138606
2025-05-14 05:00:00,3440.663829449373
2025-05-14 06:00:00,3619.1455661643554
2025-05-14 07:00:00,3777.963109192436
2025-05-14 08:00:00,3901.027595528578
2025-05-14 09:00:00,3999.181817544541
2025-05-14 10:00:00,4080.4632159012963
2025-05-14 11:00:00,4160.036126969672
2025-05-14 12:00:00,4126.201880484677
2025-05-14 13:00:00,4171.089847490316
2025-05-14 14:00:00,4119.478074874191
2025-05-14 15:00:00,4115.799913014457
2025-05-14 16:00:00,4106.148262640913
2025-05-14 17:00:00,4123.993162523502
2025-05-14 18:00:00,4214.603102521968
2025-05-14 19:00:00,4168.977756690421
2025-05-14 20:00:00,4218.38210288616
2025-05-14 21:00:00,4040.430207108763
2025-05-14 22:00:00,3794.3119054333883
2025-05-14 23:00:00,3653.229366656236
2025-05-15 00:00:00,3433.1226452575856
2025-05-15 01:00:00,3416.441839575819
2025-05-15 02:00:00,3375.4700496890046
2025-05-15 03:00:00,3386.0469932001465
2025-05-15 04:00:00,3350.87724162166
2025-05-15 05:00:00,3493.452374763682
2025-05-15 06:00:00,3642.224783666394
2025-05-15 07:00:00,3758.170892960087
2025-05-15 08:00:00,3880.270720013578
2025-05-15 09:00:00,3931.567521191535
2025-05-15 10:00:00,4024.1463183882224
2025-05-15 11:00:00,4137.015253743317
2025-05-15 12:00:00,4163.217189848025
2025-05-15 13:00:00,4163.774073623261
2025-05-15 14:00:00,4103.679509588799
2025-05-15 15:00:00,3992.3219691127556
2025-05-15 16:00:00,4017.833338163542
2025-05-15 17:00:00,4142.2775026340405
2025-05-15 18:00:00,4105.180488404694
2025-05-15 19:00:00,4193.896791249055
2025-05-15 20:00:00,4168.776984213451
2025-05-15 21:00:00,3926.389380072116
2025-05-15 22:00:00,3759.3042875951705
2025-05-15 23:00:00,3612.629182283514
2025-05-16 00:00:00,3465.3054574528173
2025-05-16 01:00:00,3497.9146874387634
2025-05-16 02:00:00,3337.018036374381
2025-05-16 03:00:00,3379.213370370378
2025-05-16 04:00:00,3356.1788863511224
2025-05-16 05:00:00,3474.1808547406413
2025-05-16 06:00:00,3599.3975716651644
2025-05-16 07:00:00,3692.5247728344666
2025-05-16 08:00:00,3853.964479178904
2025-05-16 09:00:00,3876.2587868844694
2025-05-16 10:00:00,4034.4190509006316
2025-05-16 11:00:00,4070.4198613129
2025-05-16 12:00:00,4120.285086863805
2025-05-16 13:00:00,4150.148698979887
2025-05-16 14:00:00,4069.7051672220496
2025-05-16 15:00:00,3997.389406695313
2025-05-16 16:00:00,3968.4467302562225
2025-05-16 17:00:00,4002.0624062211873
2025-05-16 18:00:00,4134.651304328366
2025-05-16 19:00:00,4177.6704318644415
2025-05-16 20:00:00,4078.202338363493
2025-05-16 21:00:00,3923.2221119740543
2025-05-16 22:00:00,3695.770753107319
2025-05-16 23:00:00,3599.4220331959973
2025-05-17 00:00:00,3428.9194040741063
2025-05-17 01:00:00,3423.9180296125023
2025-05-17 02:00:00,3308.939362630209
2025-05-17 03:00:00,3283.191568731604
2025-05-17 04:00:00,3299.2477528343466
2025-05-17 05:00:00,3388.996021729995
2025-05-17 06:00:00,3444.014572669482
2025-05-17 07:00:00,3510.741675775769
2025-05-17 08:00:00,3647.4712987105145
2025-05-17 09:00:00,3728.6908519953417
2025-05-17 10:00:00,3762.164471683664
2025-05-17 11:00:00,3874.792664920622
2025-05-17 12:00:00,3906.672970869181
2025-05-17 13:00:00,3918.0198910006416
2025-05-17 14:00:00,3910.8700902802107
2025-05-17 15:00:00,3872.9307358992464
2025-05-17 16:00:00,3824.680531163069
2025-05-17 17:00:00,3884.4745658943616
2025-05-17 18:00:00,3852.9110520676745
2025-05-17 19:00:00,3987.3846083212793
2025-05-17 20:00:00,3871.443343686576
2025-05-17 21:00:00,3848.542163791611
2025-05-17 22:00:00,3636.3588807734654
2025-05-17 23:00:00,3483.2627736804184
2025-05-18 00:00:00,3395.1552930872367
2025-05-18 01:00:00,3365.2970396051064
2025-05-18 02:00:00,3371.6812430220793
2025-05-18 03:00:00,3229.054965161519
2025-05-18 04:00:00,3328.2831495710398
2025-05-18 05:00:00,3382.1910549902045
2025-05-18 06:00:00,3420.9192604082423
2025-05-18 07:00:00,3510.0889229193253
2025-05-18 08:00:00,3676.539536427265
2025-05-18 09:00:00,3686.032348477093
2025-05-18 10:00:00,3764.1203846022554
2025-05-18 11:00:00,3878.2832329938906
2025-05-18 12:00:00,3896.536520052938
2025-05-18 13:00:00,3896.208885199223
2025-05-18 14:00:00,3928.5782308847765
2025-05-18 15:00:00,3845.73604733919
2025-05-18 16:00:00,3903.1726396713116
2025-05-18 17:00:00,3935.501894934846
2025-05-18 18:00:00,3950.683569182104
2025-05-18 19:00:00,3979.2137734629105
2025-05-18 20:00:00,3977.4354914221626
2025-05-18 21:00:00,3804.4992342267888
2025-05-18 22:00:00,3613.133582341629
2025-05-18 23:00:00,3503.2868151438165
2025-05-19 00:00:00,3510.6704160842664
2025-05-19 01:00:00,3386.09202910737
2025-05-19 02:00:00,3364.808176622879
2025-05-19 03:00:00,3346.4391437717345
2025-05-19 04:00:00,3341.223506329415
2025-05-19 05:00:00,3412.719450462971
2025-05-19 06:00:00,3600.9880396779436
2025-05-19 07:00:00,3765.292149198423
2025-05-19 08:00:00,3830.9705865225537
2025-05-19 09:00:00,3883.2869854507553
2025-05-19 10:00:00,3947.3709342996
2025-05-19 11:00:00,4049.1708931649255
2025-05-19 12:00:00,4117.685144053771
2025-05-19 13:00:00,4135.7012096740245
2025-05-19 14:00:00,4074.3574425067877
2025-05-19 15:00:00,3999.693179186728
2025-05-19 16:00:00,3972.525780063196
2025-05-19 17:00:00,4065.382835614541
2025-05-19 18:00:00,4140.299950359115
2025-05-19 19:00:00,4091.135017281528
2025-05-19 20:00:00,4147.652426987398
2025-05-19 21:00:00,3952.9727086238877
2025-05-19 22:00:00,3775.488209606559
2025-05-19 23:00:00,3533.8357569918617
2025-05-20 00:00:00,3416.81465873971
2025-05-20 01:00:00,3411.234661645317
2025-05-20 02:00:00,3393.695439037502
2025-05-20 03:00:00,3403.699342664087
2025-05-20 04:00:00,3390.539079718134
2025-05-20 05:00:00,3461.8495400140455
2025-05-20 06:00:00,3571.3421235321166
2025-05-20 07:00:00,3765.664269679423
2025-05-20 08:00:00,3827.0324034749146
2025-05-20 09:00:00,3993.116611264547
2025-05-20 10:00:00,4013.8409734971633
2025-05-20 11:00:00,4117.3358621114185
2025-05-20 12:00:00,4129.7670688996595
2025-05-20 13:00:00,4145.6044356078855
2025-05-20 14:00:00,4088.7954231995054
2025-05-20 15:00:00,4042.6522571295754
2025-05-20 16:00:00,4054.0711181459724
2025-05-20 17:00:00,4072.33070544682
2025-05-20 18:00:00,4121.779700724335
2025-05-20 19:00:00,4165.855406480548
2025-05-20 20:00:00,4125.264968371184
2025-05-20 21:00:00,3888.111429226304
2025-05-20 22:00:00,3763.23760080533
2025-05-20 23:00:00,3558.5085995749764
2025-05-21 00:00:00,3433.0772300368176
2025-05-21 01:00:00,3370.666455747464
2025-05-21 02:00:00,3329.044218979261
2025-05-21 03:00:00,3309.307982050386
2025-05-21 04:00:00,3339.886615087358
2025-05-21 05:00:00,3506.2697132788667
2025-05-21 06:00:00,3571.831058877327
2025-05-21 07:00:00,3724.923485973011
2025-05-21 08:00:00,3864.0273932073537
2025-05-21 09:00:00,3943.759021753215
2025-05-21 10:00:00,4021.4631239300206
2025-05-21 11:00:00,4028.4754052621383
2025-05-21 12:00:00,4156.129573958495
2025-05-21 13:00:00,4208.700428115732
2025-05-21 14:00:00,4045.232404117405
2025-05-21 15:00:00,4006.5093439550183
2025-05-21 16:00:00,4015.520708878938
2025-05-21 17:00:00,4022.679471743779
2025-05-21 18:00:00,4142.799816284965
2025-05-21 19:00:00,4134.942503648247
2025-05-21 20:00:00,4185.098838837745
2025-05-21 21:00:00,3989.3304968525595
2025-05-21 22:00:00,3753.7654137747213
2025-05-21 23:00:00,3613.334304050304
2025-05-22 00:00:00,3492.3227749191883
2025-05-22 01:00:00,3402.83533441515
2025-05-22 02:00:00,3356.902995614253
2025-05-22 03:00:00,3350.452819323709
2025-05-22 04:00:00,3384.2184006316734
2025-05-22 05:00:00,3455.5960141848445
2025-05-22 06:00:00,3534.112815566575
2025-05-22 07:00:00,3684.988745951248
2025-05-22 08:00:00,3833.721588706816
2025-05-22 09:00:00,3918.155503202718
2025-05-22 10:00:00,4063.669349247164
2025-05-22 11:00:00,3993.389116649165
2025-05-22 12:00:00,4091.42158466325
2025-05-22 13:00:00,4163.091278748035
2025-05-22 14:00:00,4144.907347641582
2025-05-22 15:00:00,4011.6510608735434
2025-05-22 16:00:00,4028.542564834608
2025-05-22 17:00:00,4062.111677630699
2025-05-22 18:00:00,4124.504716464377
2025-05-22 19:00:00,4148.602613181819
2025-05-22 20:00:00,4120.946420186553
2025-05-22 21:00:00,3862.525016117751
2025-05-22 22:00:00,3760.4524862389617
2025-05-22 23:00:00,3580.4590404148475
2025-05-23 00:00:00,3452.8597499468106
2025-05-23 01:00:00,3475.7064890335437
2025-05-23 02:00:00,3362.1497145852763
2025-05-23 03:00:00,3330.321378711172
2025-05-23 04:00:00,3401.115505954521
2025-05-23 05:00:00,3415.9687385391344
2025-05-23 06:00:00,3550.9421736439326
2025-05-23 07:00:00,3688.4942029304916
2025-05-23 08:00:00,3844.438242607844
2025-05-23 09:00:00,3909.421967685288
2025-05-23 10:00:00,3945.291486159111
2025-05-23 11:00:00,4009.239512333716
2025-05-23 12:00:00,4045.691192168237
2025-05-23 13:00:00,4098.71957178481
2025-05-23 14:00:00,4069.6393334813424
2025-05-23 15:00:00,4022.32559364229
2025-05-23 16:00:00,3940.9960910423956
2025-05-23 17:00:00,4061.2306433302365
2025-05-23 18:00:00,4105.199602736872
2025-05-23 19:00:00,4176.287797962116
2025-05-23 20:00:00,4102.454929526715
2025-05-23 21:00:00,3965.3318803681163
2025-05-23 22:00:00,3748.102370023488
2025-05-23 23:00:00,3615.460026395515
2025-05-24 00:00:00,3435.438064742743
2025-05-24 01:00:00,3379.1719508293922
2025-05-24 02:00:00,3403.2623645379444
2025-05-24 03:00:00,3326.6671598955095
2025-05-24 04:00:00,3328.2904329359167
2025-05-24 05:00:00,3372.061095286729
2025-05-24 06:00:00,3459.7358161606658
2025-05-24 07:00:00,3590.6809479831772
2025-05-24 08:00:00,3672.6813261167003
2025-05-24 09:00:00,3735.6292990814572
2025-05-24 10:00:00,3842.806217812328
2025-05-24 11:00:00,3929.2976462572756
2025-05-24 12:00:00,3941.0194172057145
2025-05-24 13:00:00,3920.753542786958
2025-05-24 14:00:00,3947.8969565812777
2025-05-24 15:00:00,3878.661712820353
2025-05-24 16:00:00,3882.4729174852805
2025-05-24 17:00:00,3911.185930543273
2025-05-24 18:00:00,3940.8277926452756
2025-05-24 19:00:00,3951.4525712757195
2025-05-24 20:00:00,3942.47614624103
2025-05-24 21:00:00,3804.8670890735134
2025-05-24 22:00:00,3579.236586231712
2025-05-24 23:00:00,3557.271298142293
2025-05-25 00:00:00,3452.373918090405
2025-05-25 01:00:00,3373.0381801963595
2025-05-25 02:00:00,3344.386681182885
2025-05-25 03:00:00,3273.569187002235
2025-05-25 04:00:00,3350.0420424271174
2025-05-25 05:00:00,3448.3129599711874
2025-05-25 06:00:00,3490.5060241916776
2025-05-25 07:00:00,3596.7021799269532
2025-05-25 08:00:00,3656.9561765824897
2025-05-25 09:00:00,3699.3704585003848
2025-05-25 10:00:00,3809.3488216787214
2025-05-25 11:00:00,3866.5922005229813
2025-05-25 12:00:00,3888.913233619523
2025-05-25 13:00:00,3939.1472137968226
2025-05-25 14:00:00,3936.93754147885
2025-05-25 15:00:00,3879.775846001016
2025-05-25 16:00:00,3872.3401174380215
2025-05-25 17:00:00,3868.545960623187
2025-05-25 18:00:00,3915.3258911870143
2025-05-25 19:00:00,3932.4875830368896
2025-05-25 20:00:00,3964.7539527747313
2025-05-25 21:00:00,3751.680356076615
2025-05-25 22:00:00,3692.3658957160037
2025-05-25 23:00:00,3540.0740264084116
2025-05-26 00:00:00,3454.9472594223193
2025-05-26 01:00:00,3352.659362136219
2025-05-26 02:00:00,3374.824676587074
2025-05-26 03:00:00,3343.5342305027743
2025-05-26 04:00:00,3320.860847894122
2025-05-26 05:00:00,3428.9461910491214
2025-05-26 06:00:00,3621.9624421695994
2025-05-26 07:00:00,3728.874984556867
2025-05-26 08:00:00,3810.225169231536
2025-05-26 09:00:00,3876.1212489252807
2025-05-26 10:00:00,4002.2302248417864
2025-05-26 11:00:00,4047.52174600772
2025-05-26 12:00:00,4109.230116242353
2025-05-26 13:00:00,4107.337140640978
2025-05-26 14:00:00,4095.2204862517497
2025-05-26 15:00:00,4089.765059299533
2025-05-26 16:00:00,4040.887781382688
2025-05-26 17:00:00,4045.662594599914
2025-05-26 18:00:00,4111.539126117183
2025-05-26 19:00:00,4137.061100912274
2025-05-26 20:00:00,4139.936509455254
2025-05-26 21:00:00,3915.8397128245338
2025-05-26 22:00:00,3740.1636116591794
2025-05-26 23:00:00,3582.8542343786667
2025-05-27 00:00:00,3450.8102059443295
2025-05-27 01:00:00,3387.737369327817
2025-05-27 02:00:00,3394.723599424617
2025-05-27 03:00:00,3344.9698806578635
2025-05-27 04:00:00,3359.9959798862046
2025-05-27 05:00:00,3410.7246038372455
2025-05-27 06:00:00,3578.069609316397
2025-05-27 07:00:00,3635.8945400042658
2025-05-27 08:00:00,3840.6563447505846
2025-05-27 09:00:00,3822.752951112672
2025-05-27 10:00:00,3976.950067053978
2025-05-27 11:00:00,4022.811629248045
2025-05-27 12:00:00,4021.4894267124373
2025-05-27 13:00:00,4100.802597928974
2025-05-27 14:00:00,4078.1279135789714
2025-05-27 15:00:00,3909.9356209647904
2025-05-27 16:00:00,3992.545480437255
2025-05-27 17:00:00,3935.8214710634834
2025-05-27 18:00:00,4063.0347490303766
2025-05-27 19:00:00,4187.919460153654
2025-05-27 20:00:00,4075.6097270163214
2025-05-27 21:00:00,3900.2059369694575
2025-05-27 22:00:00,3734.3983391530196
2025-05-27 23:00:00,3642.105658530718
2025-05-28 00:00:00,3415.3085833436494
2025-05-28 01:00:00,3397.8911449514662
2025-05-28 02:00:00,3427.902232319154
2025-05-28 03:00:00,3397.692210256407
2025-05-28 04:00:00,3345.1662057365006
2025-05-28 05:00:00,3399.529910855298
2025-05-28 06:00:00,3621.6105884425415
2025-05-28 07:00:00,3736.470634912766
2025-05-28 08:00:00,3835.9523184260884
2025-05-28 09:00:00,3874.769805632362
2025-05-28 10:00:00,3983.662862128322
2025-05-28 11:00:00,4021.503784321194
2025-05-28 12:00:00,4077.3008897752275
2025-05-28 13:00:00,4153.251952937413
2025-05-28 14:00:00,4087.864575964192
2025-05-28 15:00:00,3967.511759694565
2025-05-28 16:00:00,4031.596045989769
2025-05-28 17:00:00,4028.3933901210007
2025-05-28 18:00:00,4118.814135423812
2025-05-28 19:00:00,4184.207431656804
2025-05-28 20:00:00,4059.8718034551694
2025-05-28 21:00:00,3937.6199070351154
2025-05-28 22:00:00,3725.90251083211
2025-05-28 23:00:00,3539.304437390466
2025-05-29 00:00:00,3477.0780118927164
2025-05-29 01:00:00,3496.9355087856325
2025-05-29 02:00:00,3338.7713677223705
2025-05-29 03:00:00,3348.3865830761897
2025-05-29 04:00:00,3366.414225299605
2025-05-29 05:00:00,3441.040792979406
2025-05-29 06:00:00,3565.023799720733
2025-05-29 07:00:00,3658.2998237390784
2025-05-29 08:00:00,3829.8996505429022
2025-05-29 09:00:00,3884.9370517528596
2025-05-29 10:00:00,3922.365068073786
2025-05-29 11:00:00,4072.3729439332624
2025-05-29 12:00:00,4104.995479618757
2025-05-29 13:00:00,4121.896869647529
2025-05-29 14:00:00,4083.643042502002
2025-05-29 15:00:00,4056.449917589005
2025-05-29 16:00:00,4014.7491764579877
2025-05-29 17:00:00,4064.361195014839
2025-05-29 18:00:00,4093.8787106027544
2025-05-29 19:00:00,4180.735363782871
2025-05-29 20:00:00,4108.424132524436
2025-05-29 21:00:00,3946.412870917658
2025-05-29 22:00:00,3705.247534239474
2025-05-29 23:00:00,3593.9006941116327
2025-05-30 00:00:00,3445.7154382279314
2025-05-30 01:00:00,3411.87299198431
2025-05-30 02:00:00,3367.8533495510283
2025-05-30 03:00:00,3321.968135178739
2025-05-30 04:00:00,3421.1310962665643
2025-05-30 05:00:00,3497.1029001194474
2025-05-30 06:00:00,3649.6893854826008
2025-05-30 07:00:00,3692.4660745116594
2025-05-30 08:00:00,3860.5168839122975
2025-05-30 09:00:00,3903.293457672268
2025-05-30 10:00:00,4006.1200446262706
2025-05-30 11:00:00,4040.5217426205313
2025-05-30 12:00:00,4149.860666226661
2025-05-30 13:00:00,4137.053888005173
2025-05-30 14:00:00,4140.1776507075665
2025-05-30 15:00:00,4072.489122282394
2025-05-30 16:00:00,4113.807277449934
2025-05-30 17:00:00,4017.5691706872394
2025-05-30 18:00:00,4177.230625746389
2025-05-30 19:00:00,4206.945742211017
2025-05-30 20:00:00,4093.603476807433
2025-05-30 21:00:00,3987.885469899634
2025-05-30 22:00:00,3760.056908690836
2025-05-30 23:00:00,3580.529406001021
2025-05-31 00:00:00,3408.078382482886
2025-05-31 01:00:00,3371.7490052081466
2025-05-31 02:00:00,3406.7901507999904
2025-05-31 03:00:00,3313.072593029911
2025-05-31 04:00:00,3353.116492998863
2025-05-31 05:00:00,3410.238955597627
2025-05-31 06:00:00,3507.789250756477
2025-05-31 07:00:00,3652.7371914820556
2025-05-31 08:00:00,3667.640523108622
2025-05-31 09:00:00,3779.3832057455975
2025-05-31 10:00:00,3877.5003006022566
2025-05-31 11:00:00,3921.8458820136543
2025-05-31 12:00:00,3953.0782279610958
2025-05-31 13:00:00,4011.809049009466
2025-05-31 14:00:00,4013.4611112026314
2025-05-31 15:00:00,3958.6930692437536
2025-05-31 16:00:00,3891.4902875102925
2025-05-31 17:00:00,3941.7563013308995
2025-05-31 18:00:00,4016.8436552701232
2025-05-31 19:00:00,4043.352466148131
2025-05-31 20:00:00,3923.4148832861133
2025-05-31 21:00:00,3851.1225853756214
2025-05-31 22:00:00,3617.1936951247653
2025-05-31 23:00:00,3514.3868505178825
2025-06-01 00:00:00,3553.7657143263773
2025-06-01 01:00:00,3434.1412783230053
2025-06-01 02:00:00,3397.316800814514
2025-06-01 03:00:00,3410.768349925422
2025-06-01 04:00:00,3365.5648037298242
2025-06-01 05:00:00,3491.0653657085654
2025-06-01 06:00:00,3626.771509446338
2025-06-01 07:00:00,3678.6162085417027
2025-06-01 08:00:00,3777.57958868154
2025-06-01 09:00:00,3894.5887421167427
2025-06-01 10:00:00,3970.3474436124575
2025-06-01 11:00:00,4006.7561446456557
2025-06-01 12:00:00,4026.908607246585
2025-06-01 13:00:00,4092.7400603031706
2025-06-01 14:00:00,4069.456890762411
2025-06-01 15:00:00,4027.322620804373
2025-06-01 16:00:00,3980.9643769793815
2025-06-01 17:00:00,4019.0122725865913
2025-06-01 18:00:00,4023.7681428476944
2025-06-01 19:00:00,4090.4256983796186
2025-06-01 20:00:00,4020.7800721025487
2025-06-01 21:00:00,3884.450394182909
2025-06-01 22:00:00,3758.0337214911297
2025-06-01 23:00:00,3588.6224410151244
2025-06-02 00:00:00,3564.3478405554206
2025-06-02 01:00:00,3489.8333432855406
2025-06-02 02:00:00,3475.738284428325
2025-06-02 03:00:00,3459.851854521598
2025-06-02 04:00:00,3478.2183235826124
2025-06-02 05:00:00,3541.3985725598604
2025-06-02 06:00:00,3704.6134819633476
2025-06-02 07:00:00,3842.178901168266
2025-06-02 08:00:00,3961.7829463860376
2025-06-02 09:00:00,3982.015029861297
2025-06-02 10:00:00,4142.397410535854
2025-06-02 11:00:00,4255.726229843674
2025-06-02 12:00:00,4212.5856581997505
2025-06-02 13:00:00,4241.324611910464
2025-06-02 14:00:00,4231.607592164833
2025-06-02 15:00:00,4173.411394718961
2025-06-02 16:00:00,4184.6722494452815
2025-06-02 17:00:00,4129.403945242376
2025-06-02 18:00:00,4267.951928687417
2025-06-02 19:00:00,4293.967714930745
2025-06-02 20:00:00,4220.738043422838
2025-06-02 21:00:00,4068.380545774796
2025-06-02 22:00:00,3884.7200375707857
2025-06-02 23:00:00,3712.824610891165
2025-06-03 00:00:00,3531.411709539052
2025-06-03 01:00:00,3529.694493529438
2025-06-03 02:00:00,3477.7378474347784
2025-06-03 03:00:00,3462.316548832051
2025-06-03 04:00:00,3476.024104443203
2025-06-03 05:00:00,3571.0512129719928
2025-06-03 06:00:00,3751.4589607271314
2025-06-03 07:00:00,3847.057462080861
2025-06-03 08:00:00,3945.122280251325
2025-06-03 09:00:00,4057.2087805721308
2025-06-03 10:00:00,4163.05333633033
2025-06-03 11:00:00,4242.434407912282
2025-06-03 12:00:00,4261.536307246876
2025-06-03 13:00:00,4251.865239082038
2025-06-03 14:00:00,4317.015476648092
2025-06-03 15:00:00,4187.197628969355
2025-06-03 16:00:00,4208.654018297563
2025-06-03 17:00:00,4192.443427278774
2025-06-03 18:00:00,4289.693098136762
2025-06-03 19:00:00,4329.583166422397
2025-06-03 20:00:00,4289.4153785905555
2025-06-03 21:00:00,4115.933965345202
2025-06-03 22:00:00,3898.230281662321
2025-06-03 23:00:00,3684.2525468942126
2025-06-04 00:00:00,3545.4373783492238
2025-06-04 01:00:00,3514.4607022294326
2025-06-04 02:00:00,3493.5022980102076
2025-06-04 03:00:00,3425.973576704354
2025-06-04 04:00:00,3472.3846243905123
2025-06-04 05:00:00,3577.7733834857822
2025-06-04 06:00:00,3644.763703488524
2025-06-04 07:00:00,3778.3405208349823
2025-06-04 08:00:00,3932.917761976307
2025-06-04 09:00:00,4032.4243559375714
2025-06-04 10:00:00,4093.8103832398083
2025-06-04 11:00:00,4196.267395125675
2025-06-04 12:00:00,4206.685202940051
2025-06-04 13:00:00,4219.12981540405
2025-06-04 14:00:00,4123.182625733304
2025-06-04 15:00:00,4077.8711726435527
2025-06-04 16:00:00,4124.810026570237
2025-06-04 17:00:00,4078.934606889175
2025-06-04 18:00:00,4257.774408194145
2025-06-04 19:00:00,4253.705958038502
2025-06-04 20:00:00,4322.823143480241
2025-06-04 21:00:00,4119.686234400105
2025-06-04 22:00:00,3828.767340467101
2025-06-04 23:00:00,3662.438233000226
2025-06-05 00:00:00,3574.198749333751
2025-06-05 01:00:00,3553.427453245242
2025-06-05 02:00:00,3419.9555523515305
2025-06-05 03:00:00,3376.123850820376
2025-06-05 04:00:00,3412.7986899043804
2025-06-05 05:00:00,3537.501345843471
2025-06-05 06:00:00,3670.0895345770805
2025-06-05 07:00:00,3821.832824196807
2025-06-05 08:00:00,3885.5925348862197
2025-06-05 09:00:00,3937.747938045846
2025-06-05 10:00:00,4125.315074099707
2025-06-05 11:00:00,4111.554274512852
2025-06-05 12:00:00,4112.459788145153
2025-06-05 13:00:00,4217.525352245049
2025-06-05 14:00:00,4195.726825939212
2025-06-05 15:00:00,4116.233067931369
2025-06-05 16:00:00,4095.4329777067023
2025-06-05 17:00:00,4130.295978620726
2025-06-05 18:00:00,4197.471813432368
2025-06-05 19:00:00,4197.898396018113
2025-06-05 20:00:00,4171.7158914912025
2025-06-05 21:00:00,4046.299916562536
2025-06-05 22:00:00,3837.8722947911388
2025-06-05 23:00:00,3671.771307642175
2025-06-06 00:00:00,3518.9367406357123
2025-06-06 01:00:00,3501.775594765417
2025-06-06 02:00:00,3406.1834391788766
2025-06-06 03:00:00,3431.1420534344707
2025-06-06 04:00:00,3472.345827925083
2025-06-06 05:00:00,3481.452315405163
2025-06-06 06:00:00,3636.7868081244974
2025-06-06 07:00:00,3795.4246181731655
2025-06-06 08:00:00,3953.769344395515
2025-06-06 09:00:00,3988.0563863506513
2025-06-06 10:00:00,4063.0757321133588
2025-06-06 11:00:00,4057.553295707247
2025-06-06 12:00:00,4164.2811241958725
2025-06-06 13:00:00,4266.051296425708
2025-06-06 14:00:00,4160.180863920067
2025-06-06 15:00:00,4107.099760316893
2025-06-06 16:00:00,4112.702032913787
2025-06-06 17:00:00,4135.801982513196
2025-06-06 18:00:00,4185.67589989376
2025-06-06 19:00:00,4268.822858788667
2025-06-06 20:00:00,4199.689007865969
2025-06-06 21:00:00,4031.4503380029346
2025-06-06 22:00:00,3799.458192865247
2025-06-06 23:00:00,3706.3541601335437
2025-06-07 00:00:00,3526.7058025786027
2025-06-07 01:00:00,3452.3898465422426
2025-06-07 02:00:00,3454.8757418874834
2025-06-07 03:00:00,3373.6015113549465
2025-06-07 04:00:00,3365.8943329625317
2025-06-07 05:00:00,3454.2359647807243
2025-06-07 06:00:00,3516.288547438794
2025-06-07 07:00:00,3671.121613239883
2025-06-07 08:00:00,3691.8732063944576
2025-06-07 09:00:00,3797.34496167731
2025-06-07 10:00:00,3856.925278075949
2025-06-07 11:00:00,3963.30261675489
2025-06-07 12:00:00,4002.1018249298927
2025-06-07 13:00:00,4033.246630813024
2025-06-07 14:00:00,4007.7123149823406
2025-06-07 15:00:00,3956.8174936816
2025-06-07 16:00:00,3997.21502259129
2025-06-07 17:00:00,3996.59467712583
2025-06-07 18:00:00,4057.8092581814753
2025-06-07 19:00:00,4053.428387607825
2025-06-07 20:00:00,4042.9292991863344
2025-06-07 21:00:00,3953.6362594779553
2025-06-07 22:00:00,3767.570792931723
2025-06-07 23:00:00,3576.8559465028416
2025-06-08 00:00:00,3516.432625193976
2025-06-08 01:00:00,3462.1976262129924
2025-06-08 02:00:00,3428.7566970346847
2025-06-08 03:00:00,3379.3788901151247
2025-06-08 04:00:00,3383.7503748678987
2025-06-08 05:00:00,3480.321752335427
2025-06-08 06:00:00,3536.129704807517
2025-06-08 07:00:00,3620.8805211893923
2025-06-08 08:00:00,3683.6138581686937
2025-06-08 09:00:00,3750.5083193743053
2025-06-08 10:00:00,3838.3597379797598
2025-06-08 11:00:00,3917.561077367774
2025-06-08 12:00:00,3924.672745065879
2025-06-08 13:00:00,4009.649246508228
2025-06-08 14:00:00,3994.350317374783
2025-06-08 15:00:00,3890.6550927366993
2025-06-08 16:00:00,3973.618036251295
2025-06-08 17:00:00,4019.143071811191
2025-06-08 18:00:00,4001.506551604532
2025-06-08 19:00:00,4087.607486836446
2025-06-08 20:00:00,4005.9391120259156
2025-06-08 21:00:00,3915.6269491864473
2025-06-08 22:00:00,3713.27936505972
2025-06-08 23:00:00,3538.3872936210573
2025-06-09 00:00:00,3539.82437296482
2025-06-09 01:00:00,3506.875018642738
2025-06-09 02:00:00,3458.961235824415
2025-06-09 03:00:00,3397.165477940327
2025-06-09 04:00:00,3418.6798630450694
2025-06-09 05:00:00,3517.9122235466075
2025-06-09 06:00:00,3630.092019003089
2025-06-09 07:00:00,3761.679273219647
2025-06-09 08:00:00,3864.2819940008008
2025-06-09 09:00:00,4011.2087850954754
2025-06-09 10:00:00,4023.298556719321
2025-06-09 11:00:00,4123.03971111462
2025-06-09 12:00:00,4188.562602176036
2025-06-09 13:00:00,4201.123631730912
2025-06-09 14:00:00,4136.8549522718695
2025-06-09 15:00:00,4078.3001086783142
2025-06-09 16:00:00,4122.160760317309
2025-06-09 17:00:00,4072.800143133637
2025-06-09 18:00:00,4163.712764766824
2025-06-09 19:00:00,4223.154478578382
2025-06-09 20:00:00,4237.828403922709
2025-06-09 21:00:00,4047.143231206611
2025-06-09 22:00:00,3803.4552053325447
2025-06-09 23:00:00,3662.63009458599
2025-06-10 00:00:00,3534.3696012216205
2025-06-10 01:00:00,3491.5245114178515
2025-06-10 02:00:00,3498.284650350232
2025-06-10 03:00:00,3393.0916377444537
2025-06-10 04:00:00,3481.8446597355255
2025-06-10 05:00:00,3557.3523581225013
2025-06-10 06:00:00,3700.1591627493835
2025-06-10 07:00:00,3785.3566953258814
2025-06-10 08:00:00,3923.4777144130007
2025-06-10 09:00:00,3968.7432549687514
2025-06-10 10:00:00,4084.3356083101153
2025-06-10 11:00:00,4161.382116014162
2025-06-10 12:00:00,4230.287215390211
2025-06-10 13:00:00,4188.827412105255
2025-06-10 14:00:00,4171.34907370816
2025-06-10 15:00:00,4129.40923396359
2025-06-10 16:00:00,4077.7667261691136
2025-06-10 17:00:00,4178.55554329068
2025-06-10 18:00:00,4208.355249845909
2025-06-10 19:00:00,4257.583318791578
2025-06-10 20:00:00,4199.164652105543
2025-06-10 21:00:00,4023.51213453144
2025-06-10 22:00:00,3841.8090889332802
2025-06-10 23:00:00,3668.0416172922496
2025-06-11 00:00:00,3542.358549173212
2025-06-11 01:00:00,3492.083756073206
2025-06-11 02:00:00,3481.055235828807
2025-06-11 03:00:00,3487.6362334963414
2025-06-11 04:00:00,3463.818300646081
2025-06-11 05:00:00,3582.323625581239
2025-06-11 06:00:00,3643.569143374962
2025-06-11 07:00:00,3820.4423467050565
2025-06-11 08:00:00,3909.5123241861675
2025-06-11 09:00:00,3983.4267097095226
2025-06-11 10:00:00,4092.2023209735103
2025-06-11 11:00:00,4199.008433594511
2025-06-11 12:00:00,4232.454463327615
2025-06-11 13:00:00,4249.124292378179
2025-06-11 14:00:00,4144.956996615359
2025-06-11 15:00:00,4144.674263252832
2025-06-11 16:00:00,4153.854230330915
2025-06-11 17:00:00,4184.159337368913
2025-06-11 18:00:00,4189.932814829169
2025-06-11 19:00:00,4255.3946414324455
2025-06-11 20:00:00,4231.175932552016
2025-06-11 21:00:00,4079.87944232135
2025-06-11 22:00:00,3787.0012834566883
2025-06-11 23:00:00,3685.4302118462742
2025-06-12 00:00:00,3565.9011472865877
2025-06-12 01:00:00,3541.746491530555
2025-06-12 02:00:00,3503.660948072091
2025-06-12 03:00:00,3477.1264752013913
2025-06-12 04:00:00,3455.219745132937
2025-06-12 05:00:00,3516.7316298051746
2025-06-12 06:00:00,3691.4687814586714
2025-06-12 07:00:00,3864.0272463405036
2025-06-12 08:00:00,4008.9173554586678
2025-06-12 09:00:00,4077.4896448737213
2025-06-12 10:00:00,4154.638442917766
2025-06-12 11:00:00,4193.70381219242
2025-06-12 12:00:00,4204.436667226307
2025-06-12 13:00:00,4259.361392115269
2025-06-12 14:00:00,4276.276906781622
2025-06-12 15:00:00,4137.334069483355
2025-06-12 16:00:00,4211.052804128412
2025-06-12 17:00:00,4181.118697744076
2025-06-12 18:00:00,4307.547629342852
2025-06-12 19:00:00,4247.3570049665595
2025-06-12 20:00:00,4269.670974198881
2025-06-12 21:00:00,4050.9725635608497
2025-06-12 22:00:00,3823.617655359592
2025-06-12 23:00:00,3704.4165715361555
2025-06-13 00:00:00,3601.688314036312
2025-06-13 01:00:00,3504.867354839777
2025-06-13 02:00:00,3453.8811090781783
2025-06-13 03:00:00,3469.0860887060635
2025-06-13 04:00:00,3488.424742185128
2025-06-13 05:00:00,3605.6221439459614
2025-06-13 06:00:00,3751.400584241395
2025-06-13 07:00:00,3852.1516818385385
2025-06-13 08:00:00,4043.6569923626366
2025-06-13 09:00:00,4080.3706911401296
2025-06-13 10:00:00,4147.086546095701
2025-06-13 11:00:00,4146.046676016827
2025-06-13 12:00:00,4232.870848700243
2025-06-13 13:00:00,4269.353264950552
2025-06-13 14:00:00,4268.558041207231
2025-06-13 15:00:00,4201.813932794486
2025-06-13 16:00:00,4137.935465785723
2025-06-13 17:00:00,4217.094599687655
2025-06-13 18:00:00,4308.485338059479
2025-06-13 19:00:00,4370.113316547014
2025-06-13 20:00:00,4298.9646274615925
2025-06-13 21:00:00,4121.332076834761
2025-06-13 22:00:00,3888.8413211794614
2025-06-13 23:00:00,3728.2395186309227
2025-06-14 00:00:00,3584.908527739594
2025-06-14 01:00:00,3465.031707202681
2025-06-14 02:00:00,3461.5631299888782
2025-06-14 03:00:00,3424.0699945663287
2025-06-14 04:00:00,3470.114728596156
2025-06-14 05:00:00,3592.294022221531
2025-06-14 06:00:00,3633.244927928471
2025-06-14 07:00:00,3669.3880670827302
2025-06-14 08:00:00,3816.6320882379387
2025-06-14 09:00:00,3944.9229472916945
2025-06-14 10:00:00,4023.0652772415037
2025-06-14 11:00:00,4074.801265988988
2025-06-14 12:00:00,4080.131143896551
2025-06-14 13:00:00,4082.413336995493
2025-06-14 14:00:00,4141.620572362611
2025-06-14 15:00:00,4042.3291807434402
2025-06-14 16:00:00,4131.730625569383
2025-06-14 17:00:00,4113.702880660902
2025-06-14 18:00:00,4110.726951318269
2025-06-14 19:00:00,4139.436460563355
2025-06-14 20:00:00,4105.842725898419
2025-06-14 21:00:00,3970.9523613553374
2025-06-14 22:00:00,3841.00836948704
2025-06-14 23:00:00,3643.643132510286
2025-06-15 00:00:00,3530.347648850654
2025-06-15 01:00:00,3558.4629923450493
2025-06-15 02:00:00,3474.3031695131795
2025-06-15 03:00:00,3468.216571406491
2025-06-15 04:00:00,3448.488399933877
2025-06-15 05:00:00,3576.9910105194585
2025-06-15 06:00:00,3670.7826694819014
2025-06-15 07:00:00,3694.0094564091874
2025-06-15 08:00:00,3901.162456734844
2025-06-15 09:00:00,3967.0689598831
2025-06-15 10:00:00,3999.648715386214
2025-06-15 11:00:00,4020.7754393132373
2025-06-15 12:00:00,4110.556721747035
2025-06-15 13:00:00,4140.655702972224
2025-06-15 14:00:00,4145.5461529079785
2025-06-15 15:00:00,4087.9850310037414
2025-06-15 16:00:00,4083.9415488685354
2025-06-15 17:00:00,4148.452778787207
2025-06-15 18:00:00,4156.347694772684
2025-06-15 19:00:00,4136.540396821821
2025-06-15 20:00:00,4167.934228094802
2025-06-15 21:00:00,4047.0254884386673
2025-06-15 22:00:00,3917.9680869539784
2025-06-15 23:00:00,3619.3686691089815
2025-06-16 00:00:00,3614.891157337784
2025-06-16 01:00:00,3496.400453205683
2025-06-16 02:00:00,3540.787748656985
2025-06-16 03:00:00,3484.657055468128
2025-06-16 04:00:00,3569.915685212761
2025-06-16 05:00:00,3591.622726838261
2025-06-16 06:00:00,3701.758943701904
2025-06-16 07:00:00,3872.670994003233
2025-06-16 08:00:00,3955.4198709999837
2025-06-16 09:00:00,4129.70631138957
2025-06-16 10:00:00,4121.204847587089
2025-06-16 11:00:00,4234.118391566363
2025-06-16 12:00:00,4204.81592600838
2025-06-16 13:00:00,4301.763875718393
2025-06-16 14:00:00,4322.079149222261
2025-06-16 15:00:00,4224.071631738446
2025-06-16 16:00:00,4169.84620728852
2025-06-16 17:00:00,4227.821255128093
2025-06-16 18:00:00,4304.847464634607
2025-06-16 19:00:00,4350.964993169415
2025-06-16 20:00:00,4234.702279795502
2025-06-16 21:00:00,4130.67495170194
2025-06-16 22:00:00,3816.6180932480756
2025-06-16 23:00:00,3716.4695971127826
2025-06-17 00:00:00,3593.3304144223307
2025-06-17 01:00:00,3586.6198225942494
2025-06-17 02:00:00,3527.4646085476643
2025-06-17 03:00:00,3441.1817493723297
2025-06-17 04:00:00,3463.1232800940697
2025-06-17 05:00:00,3589.717728324371
2025-06-17 06:00:00,3718.3582440892114
2025-06-17 07:00:00,3839.6517858118477
2025-06-17 08:00:00,3975.9249407912566
2025-06-17 09:00:00,4099.512914774509
2025-06-17 10:00:00,4146.806676896248
2025-06-17 11:00:00,4205.994436990203
2025-06-17 12:00:00,4324.4223361539225
2025-06-17 13:00:00,4233.5355753297845
2025-06-17 14:00:00,4172.2178298007775
2025-06-17 15:00:00,4211.505142477152
2025-06-17 16:00:00,4150.3586265555
2025-06-17 17:00:00,4196.19572982592
2025-06-17 18:00:00,4255.06525407766
2025-06-17 19:00:00,4307.229536375933
2025-06-17 20:00:00,4324.652980436573
2025-06-17 21:00:00,4126.46248625915
2025-06-17 22:00:00,3914.2747431534954
2025-06-17 23:00:00,3677.948982575839
2025-06-18 00:00:00,3561.0202771399518
2025-06-18 01:00:00,3461.566248106742
2025-06-18 02:00:00,3482.7786205168227
2025-06-18 03:00:00,3499.548781678065
2025-06-18 04:00:00,3501.1419056433865
2025-06-18 05:00:00,3575.0863237078174
2025-06-18 06:00:00,3716.646412071982
2025-06-18 07:00:00,3833.5199476558055
2025-06-18 08:00:00,3994.9650131782046
2025-06-18 09:00:00,4102.054622552124
2025-06-18 10:00:00,4109.694025243389
2025-06-18 11:00:00,4216.870120307258
2025-06-18 12:00:00,4279.296745922351
2025-06-18 13:00:00,4263.383096388181
2025-06-18 14:00:00,4251.504949408679
2025-06-18 15:00:00,4271.43038017417
2025-06-18 16:00:00,4164.899229139126
2025-06-18 17:00:00,4216.272456874212
2025-06-18 18:00:00,4243.427675248553
2025-06-18 19:00:00,4311.671411631942
2025-06-18 20:00:00,4275.904069690432
2025-06-18 21:00:00,4097.075488791754
2025-06-18 22:00:00,3849.12609312883
2025-06-18 23:00:00,3717.6195976267422
2025-06-19 00:00:00,3631.31533583128
2025-06-19 01:00:00,3554.2110834206696
2025-06-19 02:00:00,3528.436519832713
2025-06-19 03:00:00,3460.391734177612
2025-06-19 04:00:00,3496.7606761476864
2025-06-19 05:00:00,3577.6384956192055
2025-06-19 06:00:00,3674.7827398720065
2025-06-19 07:00:00,3842.9251164884495
2025-06-19 08:00:00,3933.123679988495
2025-06-19 09:00:00,4033.783021299519
2025-06-19 10:00:00,4153.853880677514
2025-06-19 11:00:00,4190.815752238109
2025-06-19 12:00:00,4178.82808656102
2025-06-19 13:00:00,4292.8894168531015
2025-06-19 14:00:00,4230.809739971168
2025-06-19 15:00:00,4140.234675195481
2025-06-19 16:00:00,4102.804652919586
2025-06-19 17:00:00,4181.095521632473
2025-06-19 18:00:00,4244.412535627971
2025-06-19 19:00:00,4295.9540691269385
2025-06-19 20:00:00,4229.611640600475
2025-06-19 21:00:00,4005.3161616140173
2025-06-19 22:00:00,3849.776145175605
2025-06-19 23:00:00,3684.2513330939387
2025-06-20 00:00:00,3585.4966316027776
2025-06-20 01:00:00,3501.571402600114
2025-06-20 02:00:00,3534.5652157673685
2025-06-20 03:00:00,3408.682393206536
2025-06-20 04:00:00,3509.7512088060967
2025-06-20 05:00:00,3559.911566167943
2025-06-20 06:00:00,3724.193851690585
2025-06-20 07:00:00,3833.5302422801674
2025-06-20 08:00:00,3998.5621655633545
2025-06-20 09:00:00,4038.7812800049846
2025-06-20 10:00:00,4100.892018880321
2025-06-20 11:00:00,4227.766526339183
2025-06-20 12:00:00,4219.467854126845
2025-06-20 13:00:00,4266.419236883644
2025-06-20 14:00:00,4254.180062295947
2025-06-20 15:00:00,4131.156281273875
2025-06-20 16:00:00,4173.889308605694
2025-06-20 17:00:00,4166.391720784408
2025-06-20 18:00:00,4255.305393054354
2025-06-20 19:00:00,4297.302950403078
2025-06-20 20:00:00,4197.039667389503
2025-06-20 21:00:00,4053.5567741307405
2025-06-20 22:00:00,3912.242626433795
2025-06-20 23:00:00,3729.2773396693847
2025-06-21 00:00:00,3535.798808071924
2025-06-21 01:00:00,3495.339178630107
2025-06-21 02:00:00,3446.7390566668287
2025-06-21 03:00:00,3466.404657167001
2025-06-21 04:00:00,3442.026372178742
2025-06-21 05:00:00,3553.6235437652176
2025-06-21 06:00:00,3672.877182766122
2025-06-21 07:00:00,3705.5945482468037
2025-06-21 08:00:00,3864.4573395569773
2025-06-21 09:00:00,3858.100925086313
2025-06-21 10:00:00,4045.758640171951
2025-06-21 11:00:00,4026.3946077341093
2025-06-21 12:00:00,4072.146345304171
2025-06-21 13:00:00,4059.3810511381903
2025-06-21 14:00:00,4103.5106522493015
2025-06-21 15:00:00,4036.685772763719
2025-06-21 16:00:00,4034.966365572909
2025-06-21 17:00:00,4081.9432932954796
2025-06-21 18:00:00,4152.810154346863
2025-06-21 19:00:00,4161.166049727514
2025-06-21 20:00:00,4115.954319062181
2025-06-21 21:00:00,3942.318432778522
2025-06-21 22:00:00,3780.318572749577
2025-06-21 23:00:00,3692.1685583560875
2025-06-22 00:00:00,3534.3818561485014
2025-06-22 01:00:00,3551.81807186044
2025-06-22 02:00:00,3463.372320071555
2025-06-22 03:00:00,3445.6847954003433
2025-06-22 04:00:00,3492.278963296038
2025-06-22 05:00:00,3600.8437013370544
2025-06-22 06:00:00,3657.766066276608
2025-06-22 07:00:00,3738.399901606663
2025-06-22 08:00:00,3837.6246983239603
2025-06-22 09:00:00,3937.9921262885414
2025-06-22 10:00:00,4042.6667057602413
2025-06-22 11:00:00,4059.1374100443477
2025-06-22 12:00:00,4123.541846705381
2025-06-22 13:00:00,4199.425326841965
2025-06-22 14:00:00,4151.3069377260645
2025-06-22 15:00:00,4101.52206594829
2025-06-22 16:00:00,4031.4144511682402
2025-06-22 17:00:00,4028.033369818963
2025-06-22 18:00:00,4160.1683070778
2025-06-22 19:00:00,4178.221913705947
2025-06-22 20:00:00,4114.072626147684
2025-06-22 21:00:00,4005.5147405145635
2025-06-22 22:00:00,3819.7272977864914
2025-06-22 23:00:00,3690.2014128940136
2025-06-23 00:00:00,3612.985912097344
2025-06-23 01:00:00,3537.633506405396
2025-06-23 02:00:00,3552.8810986268277
2025-06-23 03:00:00,3487.541719408935
2025-06-23 04:00:00,3512.474994594656
2025-06-23 05:00:00,3576.898694672192
2025-06-23 06:00:00,3703.8195354938357
2025-06-23 07:00:00,3861.932741271231
2025-06-23 08:00:00,3995.903314882659
2025-06-23 09:00:00,4102.358232351168
2025-06-23 10:00:00,4167.576714400198
2025-06-23 11:00:00,4159.57202110596
2025-06-23 12:00:00,4250.274917181467
2025-06-23 13:00:00,4335.045963603822
2025-06-23 14:00:00,4252.421917454374
2025-06-23 15:00:00,4205.9211331738215
2025-06-23 16:00:00,4235.937868513126
2025-06-23 17:00:00,4211.173388810696
2025-06-23 18:00:00,4253.394377089229
2025-06-23 19:00:00,4330.477147854806
2025-06-23 20:00:00,4271.404808361304
2025-06-23 21:00:00,4082.3774504374555
2025-06-23 22:00:00,3896.071147812832
2025-06-23 23:00:00,3747.5244571574904
2025-06-24 00:00:00,3606.0113731085
2025-06-24 01:00:00,3567.695209379688
2025-06-24 02:00:00,3570.4984398150223
2025-06-24 03:00:00,3472.4095253192
2025-06-24 04:00:00,3493.165305240356
2025-06-24 05:00:00,3572.5372815006626
2025-06-24 06:00:00,3702.3772395001406
2025-06-24 07:00:00,3847.3459091985533
2025-06-24 08:00:00,3981.0408106911764
2025-06-24 09:00:00,4094.5216361738117
2025-06-24 10:00:00,4246.870629916088
2025-06-24 11:00:00,4187.728016440902
2025-06-24 12:00:00,4239.379405603766
2025-06-24 13:00:00,4288.084444956478
2025-06-24 14:00:00,4252.931407194455
2025-06-24 15:00:00,4200.234339233832
2025-06-24 16:00:00,4227.013943564771
2025-06-24 17:00:00,4138.575230887318
2025-06-24 18:00:00,4210.3374183976675
2025-06-24 19:00:00,4308.755399554966
2025-06-24 20:00:00,4317.230089192531
2025-06-24 21:00:00,4056.3167006795506
2025-06-24 22:00:00,3804.7276118703485
2025-06-24 23:00:00,3749.2237665103266
2025-06-25 00:00:00,3614.0524968879017
2025-06-25 01:00:00,3529.339818541143
2025-06-25 02:00:00,3490.336863275602
2025-06-25 03:00:00,3444.7231356961993
2025-06-25 04:00:00,3477.483712942574
2025-06-25 05:00:00,3546.060429235241
2025-06-25 06:00:00,3705.0444989760317
2025-06-25 07:00:00,3725.648408638397
2025-06-25 08:00:00,3917.2308441010614
2025-06-25 09:00:00,4001.1866271498725
2025-06-25 10:00:00,4115.55253052092
2025-06-25 11:00:00,4147.321012863977
2025-06-25 12:00:00,4227.515887017182
2025-06-25 13:00:00,4168.100892957128
2025-06-25 14:00:00,4183.21424453749
2025-06-25 15:00:00,4151.791385744942
2025-06-25 16:00:00,4188.077054669046
2025-06-25 17:00:00,4145.814040518394
2025-06-25 18:00:00,4246.024162253054
2025-06-25 19:00:00,4209.018205552732
2025-06-25 20:00:00,4141.591371502301
2025-06-25 21:00:00,4079.269605232354
2025-06-25 22:00:00,3849.120634400614
2025-06-25 23:00:00,3721.9798638747206
2025-06-26 00:00:00,3527.18074565953
2025-06-26 01:00:00,3540.5030456223335
2025-06-26 02:00:00,3537.41873892526
2025-06-26 03:00:00,3462.5723589678246
2025-06-26 04:00:00,3471.740151071735
2025-06-26 05:00:00,3555.6987265219814
2025-06-26 06:00:00,3641.919362306416
2025-06-26 07:00:00,3862.449057322213
2025-06-26 08:00:00,3932.738254702745
2025-06-26 09:00:00,4057.0482860502916
2025-06-26 10:00:00,4076.4492224402725
2025-06-26 11:00:00,4134.062357546665
2025-06-26 12:00:00,4264.823713735762
2025-06-26 13:00:00,4241.761229818721
2025-06-26 14:00:00,4257.0736193696475
2025-06-26 15:00:00,4157.73958791967
2025-06-26 16:00:00,4093.393841892422
2025-06-26 17:00:00,4218.196887214488
2025-06-26 18:00:00,4240.210003043935
2025-06-26 19:00:00,4316.763420253499
2025-06-26 20:00:00,4244.311688554501
2025-06-26 21:00:00,4022.6707996453365
2025-06-26 22:00:00,3869.763117215744
2025-06-26 23:00:00,3760.998276158019
2025-06-27 00:00:00,3584.6912378388593
2025-06-27 01:00:00,3524.8848364605237
2025-06-27 02:00:00,3521.587444691331
2025-06-27 03:00:00,3471.9526248025263
2025-06-27 04:00:00,3489.1772431806276
2025-06-27 05:00:00,3546.0487673636953
2025-06-27 06:00:00,3716.338993555561
2025-06-27 07:00:00,3871.639071870581
2025-06-27 08:00:00,3942.597412268485
2025-06-27 09:00:00,4103.634851404493
2025-06-27 10:00:00,4141.213942470201
2025-06-27 11:00:00,4158.408387255323
2025-06-27 12:00:00,4265.877522599058
2025-06-27 13:00:00,4261.287649463711
2025-06-27 14:00:00,4252.824057320311
2025-06-27 15:00:00,4171.842769382212
2025-06-27 16:00:00,4170.599095383121
2025-06-27 17:00:00,4220.585470489549
2025-06-27 18:00:00,4286.2514844005345
2025-06-27 19:00:00,4238.442046729382
2025-06-27 20:00:00,4220.3949029069845
2025-06-27 21:00:00,4120.347878355387
2025-06-27 22:00:00,3873.6404436851435
2025-06-27 23:00:00,3692.2915267104254
2025-06-28 00:00:00,3502.0707579282844
2025-06-28 01:00:00,3465.4764168623647
2025-06-28 02:00:00,3407.95624283837
2025-06-28 03:00:00,3436.7909204795133
2025-06-28 04:00:00,3444.1239984113035
2025-06-28 05:00:00,3517.7676221242705
2025-06-28 06:00:00,3632.7820189715353
2025-06-28 07:00:00,3736.977835162521
2025-06-28 08:00:00,3878.0230913080936
2025-06-28 09:00:00,3853.6987762418216
2025-06-28 10:00:00,4023.185167976277
2025-06-28 11:00:00,4059.8837067539866
2025-06-28 12:00:00,4040.737634229378
2025-06-28 13:00:00,4104.601104679527
2025-06-28 14:00:00,4074.1377885537813
2025-06-28 15:00:00,4042.6759748256295
2025-06-28 16:00:00,4076.5681079008646
2025-06-28 17:00:00,4080.6877193323235
2025-06-28 18:00:00,4109.76816280683
2025-06-28 19:00:00,4111.652341772204
2025-06-28 20:00:00,4028.49428286362
2025-06-28 21:00:00,3940.1428721077714
2025-06-28 22:00:00,3815.1701316891827
2025-06-28 23:00:00,3568.426244562137
2025-06-29 00:00:00,3498.6835248396083
2025-06-29 01:00:00,3490.734355494141
2025-06-29 02:00:00,3423.6160336298117
2025-06-29 03:00:00,3405.502442173936
2025-06-29 04:00:00,3431.9115121208783
2025-06-29 05:00:00,3498.781444524212
2025-06-29 06:00:00,3600.6905110553957
2025-06-29 07:00:00,3739.673379563054
2025-06-29 08:00:00,3768.2713782321644
2025-06-29 09:00:00,3847.168439340451
2025-06-29 10:00:00,3964.4862487164232
2025-06-29 11:00:00,4051.232980134091
2025-06-29 12:00:00,4062.760186246046
2025-06-29 13:00:00,4093.8150311498102
2025-06-29 14:00:00,4105.726329607118
2025-06-29 15:00:00,3999.0197728325293
2025-06-29 16:00:00,4062.1357347528674
2025-06-29 17:00:00,4091.8943057776833
2025-06-29 18:00:00,4098.202460869713
2025-06-29 19:00:00,4178.770597941175
2025-06-29 20:00:00,4060.1129193618763
2025-06-29 21:00:00,4001.2849597681434
2025-06-29 22:00:00,3801.3902931346465
2025-06-29 23:00:00,3617.857672405373
2025-06-30 00:00:00,3582.605984614311
2025-06-30 01:00:00,3529.5470312383613
2025-06-30 02:00:00,3534.516030838509
2025-06-30 03:00:00,3444.197327550702
2025-06-30 04:00:00,3468.689304482655
2025-06-30 05:00:00,3621.6325808750817
2025-06-30 06:00:00,3711.0863908225733
2025-06-30 07:00:00,3888.503528486335
2025-06-30 08:00:00,4046.512910548307
2025-06-30 09:00:00,4067.062289675567
2025-06-30 10:00:00,4191.034111073231
2025-06-30 11:00:00,4170.328205202565
2025-06-30 12:00:00,4279.847385839759
2025-06-30 13:00:00,4303.5591663134355
2025-06-30 14:00:00,4266.108043406323
2025-06-30 15:00:00,4179.288409849486
2025-06-30 16:00:00,4132.225814645255
2025-06-30 17:00:00,4238.061980201278
2025-06-30 18:00:00,4223.663604941669
2025-06-30 19:00:00,4318.894164831982
2025-06-30 20:00:00,4315.841618259878
2025-06-30 21:00:00,4118.659416618443
2025-06-30 22:00:00,3961.361530913401
2025-06-30 23:00:00,3762.5063205401743
2025-07-01 00:00:00,3657.340191138961
2025-07-01 01:00:00,3627.670486812749
2025-07-01 02:00:00,3588.097537612318
2025-07-01 03:00:00,3512.533448721981
2025-07-01 04:00:00,3546.8478549999286
2025-07-01 05:00:00,3657.8892621667956
2025-07-01 06:00:00,3753.070532552094
2025-07-01 07:00:00,3954.6650048230913
2025-07-01 08:00:00,4081.2706051489226
2025-07-01 09:00:00,4126.7433659099925
2025-07-01 10:00:00,4286.033844335086
2025-07-01 11:00:00,4343.013349705205
2025-07-01 12:00:00,4370.6491906692445
2025-07-01 13:00:00,4399.17416474976
2025-07-01 14:00:00,4385.063040765471
2025-07-01 15:00:00,4338.421831117136
2025-07-01 16:00:00,4307.965421040541
2025-07-01 17:00:00,4299.581695948011
2025-07-01 18:00:00,4416.729476552642
2025-07-01 19:00:00,4484.89090102318
2025-07-01 20:00:00,4370.532740199549
2025-07-01 21:00:00,4290.936694256046
2025-07-01 22:00:00,3987.5496343497985
2025-07-01 23:00:00,3832.259506740964
2025-07-02 00:00:00,3684.85336988516
2025-07-02 01:00:00,3662.737921681128
2025-07-02 02:00:00,3565.211378909912
2025-07-02 03:00:00,3567.753947617905
2025-07-02 04:00:00,3560.463788729716
2025-07-02 05:00:00,3691.147645881757
2025-07-02 06:00:00,3858.9026656670985
2025-07-02 07:00:00,3988.8785320213046
2025-07-02 08:00:00,4031.1257457191064
2025-07-02 09:00:00,4273.93310689357
2025-07-02 10:00:00,4309.483916472788
2025-07-02 11:00:00,4320.328804309508
2025-07-02 12:00:00,4398.430769282682
2025-07-02 13:00:00,4443.9356853443405
2025-07-02 14:00:00,4368.634220759975
2025-07-02 15:00:00,4345.849027832647
2025-07-02 16:00:00,4298.768387194715
2025-07-02 17:00:00,4338.326008441485
2025-07-02 18:00:00,4399.692395332313
2025-07-02 19:00:00,4399.012030645552
2025-07-02 20:00:00,4404.162899201442
2025-07-02 21:00:00,4239.669136092391
2025-07-02 22:00:00,4016.7467584893825
2025-07-02 23:00:00,3850.9095006015036
2025-07-03 00:00:00,3704.7002329414618
2025-07-03 01:00:00,3630.3860448917485
2025-07-03 02:00:00,3634.673383876732
2025-07-03 03:00:00,3541.5115777836345
2025-07-03 04:00:00,3565.7684873750795
2025-07-03 05:00:00,3660.6575344334024
2025-07-03 06:00:00,3864.3211225005675
2025-07-03 07:00:00,4000.413480279824
2025-07-03 08:00:00,4124.890571164056
2025-07-03 09:00:00,4238.621263528991
2025-07-03 10:00:00,4263.93485964126
2025-07-03 11:00:00,4353.3674282128295
2025-07-03 12:00:00,4380.696197742668
2025-07-03 13:00:00,4457.22095753908
2025-07-03 14:00:00,4377.672628426306
2025-07-03 15:00:00,4319.560711550394
2025-07-03 16:00:00,4337.385997138039
2025-07-03 17:00:00,4383.529706154827
2025-07-03 18:00:00,4404.369658979767
2025-07-03 19:00:00,4460.623359389301
2025-07-03 20:00:00,4371.78044680554
2025-07-03 21:00:00,4145.889117283303
2025-07-03 22:00:00,4019.0573369254726
2025-07-03 23:00:00,3857.0971824291405
2025-07-04 00:00:00,3714.2952774359096
2025-07-04 01:00:00,3592.3703825308476
2025-07-04 02:00:00,3599.3445171578696
2025-07-04 03:00:00,3513.174765675087
2025-07-04 04:00:00,3626.506485834382
2025-07-04 05:00:00,3653.9768971874005
2025-07-04 06:00:00,3866.4464661258885
2025-07-04 07:00:00,3999.489991065903
2025-07-04 08:00:00,4079.020267267735
2025-07-04 09:00:00,4164.244837984762
2025-07-04 10:00:00,4302.598090073946
2025-07-04 11:00:00,4306.697005561224
2025-07-04 12:00:00,4382.505530508563
2025-07-04 13:00:00,4396.275690206429
2025-07-04 14:00:00,4298.214585560332
2025-07-04 15:00:00,4229.063700551184
2025-07-04 16:00:00,4301.983631428707
2025-07-04 17:00:00,4308.827943649608
2025-07-04 18:00:00,4383.332260000395
2025-07-04 19:00:00,4461.156871009777
2025-07-04 20:00:00,4427.640211141192
2025-07-04 21:00:00,4201.124605323926
2025-07-04 22:00:00,3982.618921385407
2025-07-04 23:00:00,3834.610493511831
2025-07-05 00:00:00,3607.9825922382724
2025-07-05 01:00:00,3603.533458956141
2025-07-05 02:00:00,3573.101516956272
2025-07-05 03:00:00,3543.0622270514077
2025-07-05 04:00:00,3478.86840983162
2025-07-05 05:00:00,3607.74279199158
2025-07-05 06:00:00,3699.740696944706
2025-07-05 07:00:00,3824.0805085914712
2025-07-05 08:00:00,3930.1327666599195
2025-07-05 09:00:00,4053.5936618996475
2025-07-05 10:00:00,4079.4071319404375
2025-07-05 11:00:00,4122.614223586138
2025-07-05 12:00:00,4218.58545315191
2025-07-05 13:00:00,4227.063815285018
2025-07-05 14:00:00,4254.031012972381
2025-07-05 15:00:00,4170.284424349566
2025-07-05 16:00:00,4111.71290259449
2025-07-05 17:00:00,4139.659898626422
2025-07-05 18:00:00,4165.099959492188
2025-07-05 19:00:00,4273.779498810641
2025-07-05 20:00:00,4243.3471117890385
2025-07-05 21:00:00,4131.082495292127
2025-07-05 22:00:00,3923.885329421827
2025-07-05 23:00:00,3759.452891292186
2025-07-06 00:00:00,3619.605115558059
2025-07-06 01:00:00,3554.372358239907
2025-07-06 02:00:00,3573.5018603685967
2025-07-06 03:00:00,3529.7909960211077
2025-07-06 04:00:00,3534.2809849684936
2025-07-06 05:00:00,3640.8072228701494
2025-07-06 06:00:00,3735.254159989264
2025-07-06 07:00:00,3859.2121042886433
2025-07-06 08:00:00,3952.2455881894157
2025-07-06 09:00:00,4019.628900854704
2025-07-06 10:00:00,4118.214180330869
2025-07-06 11:00:00,4153.367860753418
2025-07-06 12:00:00,4163.582120800785
2025-07-06 13:00:00,4243.896859055864
2025-07-06 14:00:00,4166.443554627731
2025-07-06 15:00:00,4197.874046342433
2025-07-06 16:00:00,4113.356180541952
2025-07-06 17:00:00,4196.801023811391
2025-07-06 18:00:00,4192.704691176733
2025-07-06 19:00:00,4274.775712606061
2025-07-06 20:00:00,4205.205386252652
2025-07-06 21:00:00,4021.760783439857
2025-07-06 22:00:00,3911.9386920658567
2025-07-06 23:00:00,3708.7427370112246
2025-07-07 00:00:00,3706.070287843715
2025-07-07 01:00:00,3628.2648535742733
2025-07-07 02:00:00,3602.1529901048116
2025-07-07 03:00:00,3530.929901333856
2025-07-07 04:00:00,3554.017325675608
2025-07-07 05:00:00,3657.965790721575
2025-07-07 06:00:00,3837.570272455135
2025-07-07 07:00:00,4000.7091067351907
2025-07-07 08:00:00,4050.4106524951017
2025-07-07 09:00:00,4203.179446559397
2025-07-07 10:00:00,4183.3968391371745
2025-07-07 11:00:00,4256.302321546977
2025-07-07 12:00:00,4300.752175408408
2025-07-07 13:00:00,4322.384040525387
2025-07-07 14:00:00,4268.251433712212
2025-07-07 15:00:00,4293.101490449035
2025-07-07 16:00:00,4266.628148185488
2025-07-07 17:00:00,4325.1301709849195
2025-07-07 18:00:00,4413.086876733957
2025-07-07 19:00:00,4436.104869267624
2025-07-07 20:00:00,4405.015018497801
2025-07-07 21:00:00,4206.9395374722835
2025-07-07 22:00:00,3956.170818867501
2025-07-07 23:00:00,3849.9467086022732
2025-07-08 00:00:00,3677.6475233353135
2025-07-08 01:00:00,3620.726254411707
2025-07-08 02:00:00,3608.076331760575
2025-07-08 03:00:00,3552.11179667986
2025-07-08 04:00:00,3569.0978708800235
2025-07-08 05:00:00,3681.905322772748
2025-07-08 06:00:00,3823.940977084201
2025-07-08 07:00:00,3906.7714118466633
2025-07-08 08:00:00,4049.2902165725695
2025-07-08 09:00:00,4203.510309998454
2025-07-08 10:00:00,4272.127283162945
2025-07-08 11:00:00,4367.426558141532
2025-07-08 12:00:00,4371.081950162507
2025-07-08 13:00:00,4421.287213200044
2025-07-08 14:00:00,4285.462615352733
2025-07-08 15:00:00,4313.108141352864
2025-07-08 16:00:00,4277.567914724579
2025-07-08 17:00:00,4294.299509675694
2025-07-08 18:00:00,4400.349454964293
2025-07-08 19:00:00,4463.239324718248
2025-07-08 20:00:00,4398.2189136411225
2025-07-08 21:00:00,4177.645303181395
2025-07-08 22:00:00,4012.680627756688
2025-07-08 23:00:00,3792.545882820266
2025-07-09 00:00:00,3685.744313623631
2025-07-09 01:00:00,3621.542060479155
2025-07-09 02:00:00,3585.8944947550685
2025-07-09 03:00:00,3582.0913000054256
2025-07-09 04:00:00,3545.2958741375664
2025-07-09 05:00:00,3730.737172475903
2025-07-09 06:00:00,3758.0981640409195
2025-07-09 07:00:00,3934.198730772305
2025-07-09 08:00:00,4101.473693799867
2025-07-09 09:00:00,4199.777539668124
2025-07-09 10:00:00,4266.25562622279
2025-07-09 11:00:00,4307.897068756437
2025-07-09 12:00:00,4365.148847116159
2025-07-09 13:00:00,4383.69030193317
2025-07-09 14:00:00,4389.104227706207
2025-07-09 15:00:00,4318.6117354529215
2025-07-09 16:00:00,4307.1296749665835
2025-07-09 17:00:00,4271.141549447312
2025-07-09 18:00:00,4376.55867496887
2025-07-09 19:00:00,4402.148630184456
2025-07-09 20:00:00,4326.172317331747
2025-07-09 21:00:00,4197.29670690442
2025-07-09 22:00:00,3951.042905072461
2025-07-09 23:00:00,3814.9027540444185
2025-07-10 00:00:00,3633.714972390641
2025-07-10 01:00:00,3659.4005949914854
2025-07-10 02:00:00,3545.507649687595
2025-07-10 03:00:00,3544.948230729509
2025-07-10 04:00:00,3573.197779797714
2025-07-10 05:00:00,3632.001263470125
2025-07-10 06:00:00,3814.470081663588
2025-07-10 07:00:00,3884.810288639516
2025-07-10 08:00:00,4103.432851511391
2025-07-10 09:00:00,4146.96689475848
2025-07-10 10:00:00,4215.052314470066
2025-07-10 11:00:00,4269.87716225251
2025-07-10 12:00:00,4350.4712978288135
2025-07-10 13:00:00,4341.921134926845
2025-07-10 14:00:00,4289.0305504666685
2025-07-10 15:00:00,4258.344110787536
2025-07-10 16:00:00,4215.7971145075635
2025-07-10 17:00:00,4352.892263617929
2025-07-10 18:00:00,4347.851393012444
2025-07-10 19:00:00,4432.8491075993825
2025-07-10 20:00:00,4361.159846528186
2025-07-10 21:00:00,4144.397878141196
2025-07-10 22:00:00,3961.1662784646905
2025-07-10 23:00:00,3813.0531745158887
2025-07-11 00:00:00,3654.7482200266545
2025-07-11 01:00:00,3637.9336467646176
2025-07-11 02:00:00,3596.97197912933
2025-07-11 03:00:00,3566.4329453231776
2025-07-11 04:00:00,3547.022871687023
2025-07-11 05:00:00,3632.4006543321875
2025-07-11 06:00:00,3783.659840813733
2025-07-11 07:00:00,3942.949935727152
2025-07-11 08:00:00,4087.8929686935753
2025-07-11 09:00:00,4086.721296775275
2025-07-11 10:00:00,4246.886973771072
2025-07-11 11:00:00,4297.571644881816
2025-07-11 12:00:00,4325.015345433995
2025-07-11 13:00:00,4420.629458803193
2025-07-11 14:00:00,4341.638580499576
2025-07-11 15:00:00,4321.074373356037
2025-07-11 16:00:00,4260.515625052217
2025-07-11 17:00:00,4334.812154807117
2025-07-11 18:00:00,4436.43843179045
2025-07-11 19:00:00,4463.265778184039
2025-07-11 20:00:00,4327.236793829968
2025-07-11 21:00:00,4181.522646631542
2025-07-11 22:00:00,3960.9037125563455
2025-07-11 23:00:00,3812.7176776399638
2025-07-12 00:00:00,3646.740090234441
2025-07-12 01:00:00,3547.637090964301
2025-07-12 02:00:00,3539.739280660254
2025-07-12 03:00:00,3449.282689825569
2025-07-12 04:00:00,3553.4159962560166
2025-07-12 05:00:00,3602.359648414194
2025-07-12 06:00:00,3714.6264125993075
2025-07-12 07:00:00,3796.8674266253092
2025-07-12 08:00:00,3935.010620200314
2025-07-12 09:00:00,3901.1978847673986
2025-07-12 10:00:00,4081.7669133705763
2025-07-12 11:00:00,4123.749354372302
2025-07-12 12:00:00,4154.659616463931
2025-07-12 13:00:00,4267.18806182928
2025-07-12 14:00:00,4177.555072071252
2025-07-12 15:00:00,4182.472885192148
2025-07-12 16:00:00,4152.3767679748025
2025-07-12 17:00:00,4212.618823596095
2025-07-12 18:00:00,4185.228444295444
2025-07-12 19:00:00,4217.360851980685
2025-07-12 20:00:00,4227.874714850932
2025-07-12 21:00:00,4072.77554055017
2025-07-12 22:00:00,3841.204703346641
2025-07-12 23:00:00,3704.4675573128657
2025-07-13 00:00:00,3645.467599988525
2025-07-13 01:00:00,3606.5002666312325
2025-07-13 02:00:00,3527.1937539282644
2025-07-13 03:00:00,3441.3768174422626
2025-07-13 04:00:00,3559.230347774669
2025-07-13 05:00:00,3613.8112398892736
2025-07-13 06:00:00,3686.9493352045497
2025-07-13 07:00:00,3754.4970548847455
2025-07-13 08:00:00,3958.6150403941415
2025-07-13 09:00:00,4031.210874525942
2025-07-13 10:00:00,4104.531396129976
2025-07-13 11:00:00,4197.70717337437
2025-07-13 12:00:00,4219.837943904333
2025-07-13 13:00:00,4289.470424768063
2025-07-13 14:00:00,4176.18066894602
2025-07-13 15:00:00,4172.118566791606
2025-07-13 16:00:00,4101.671830566396
2025-07-13 17:00:00,4186.023831587569
2025-07-13 18:00:00,4217.736850198457
2025-07-13 19:00:00,4279.713166330818
2025-07-13 20:00:00,4214.4272923944445
2025-07-13 21:00:00,4106.885348024564
2025-07-13 22:00:00,3933.0670219692843
2025-07-13 23:00:00,3799.866599715124
2025-07-14 00:00:00,3677.8130917945937
2025-07-14 01:00:00,3607.045774721328
2025-07-14 02:00:00,3604.699786775858
2025-07-14 03:00:00,3551.148540773434
2025-07-14 04:00:00,3635.6938663769456
2025-07-14 05:00:00,3683.684244256264
2025-07-14 06:00:00,3812.4686084028094
2025-07-14 07:00:00,3950.9757712145015
2025-07-14 08:00:00,4122.1893274288195
2025-07-14 09:00:00,4186.03671891441
2025-07-14 10:00:00,4260.676459614602
2025-07-14 11:00:00,4383.962701963726
2025-07-14 12:00:00,4338.393856415446
2025-07-14 13:00:00,4407.275931170288
2025-07-14 14:00:00,4380.070490726467
2025-07-14 15:00:00,4251.69981409859
2025-07-14 16:00:00,4313.556368520442
2025-07-14 17:00:00,4293.747827434723
2025-07-14 18:00:00,4437.333121307807
2025-07-14 19:00:00,4405.210316679513
2025-07-14 20:00:00,4414.559689624566
2025-07-14 21:00:00,4256.2119096677525
2025-07-14 22:00:00,4028.435118600107
2025-07-14 23:00:00,3829.5384052052427
2025-07-15 00:00:00,3681.1610180428456
2025-07-15 01:00:00,3609.180133359286
2025-07-15 02:00:00,3633.610257164709
2025-07-15 03:00:00,3542.3242599936507
2025-07-15 04:00:00,3550.15821464966
2025-07-15 05:00:00,3702.4288618461383
2025-07-15 06:00:00,3801.8489363899444
2025-07-15 07:00:00,3934.410239882364
2025-07-15 08:00:00,4051.455865405881
2025-07-15 09:00:00,4173.678744595295
2025-07-15 10:00:00,4277.509867351733
2025-07-15 11:00:00,4333.229344044809
2025-07-15 12:00:00,4405.1345746518355
2025-07-15 13:00:00,4422.196128106104
2025-07-15 14:00:00,4346.629678281827
2025-07-15 15:00:00,4292.905570737848
2025-07-15 16:00:00,4301.312564437517
2025-07-15 17:00:00,4364.313045165111
2025-07-15 18:00:00,4401.733208876563
2025-07-15 19:00:00,4408.180808853592
2025-07-15 20:00:00,4338.435565482415
2025-07-15 21:00:00,4150.625419449881
2025-07-15 22:00:00,4008.8971428253567
2025-07-15 23:00:00,3835.8891126253498
2025-07-16 00:00:00,3708.060578105997
2025-07-16 01:00:00,3628.7563988317816
2025-07-16 02:00:00,3639.081514959685
2025-07-16 03:00:00,3561.192583539991
2025-07-16 04:00:00,3622.932266540016
2025-07-16 05:00:00,3700.5245895032317
2025-07-16 06:00:00,3825.5154234333063
2025-07-16 07:00:00,3997.3868103760497
2025-07-16 08:00:00,4125.9099730397575
2025-07-16 09:00:00,4214.981842792739
2025-07-16 10:00:00,4303.146042912587
2025-07-16 11:00:00,4342.036671753873
2025-07-16 12:00:00,4456.391296294402
2025-07-16 13:00:00,4472.185523095018
2025-07-16 14:00:00,4388.779136927911
2025-07-16 15:00:00,4319.607252057872
2025-07-16 16:00:00,4338.714338911321
2025-07-16 17:00:00,4358.723848612166
2025-07-16 18:00:00,4419.883710866566
2025-07-16 19:00:00,4441.936955672719
2025-07-16 20:00:00,4403.184203646108
2025-07-16 21:00:00,4122.661474733395
2025-07-16 22:00:00,4019.7030508711023
2025-07-16 23:00:00,3825.2006396969205
2025-07-17 00:00:00,3756.5756706353973
2025-07-17 01:00:00,3655.4779803112297
2025-07-17 02:00:00,3582.770305863175
2025-07-17 03:00:00,3586.356686108533
2025-07-17 04:00:00,3573.1215294510284
2025-07-17 05:00:00,3719.3879152986347
2025-07-17 06:00:00,3857.738508524115
2025-07-17 07:00:00,4016.8624888615404
2025-07-17 08:00:00,4095.1930470839598
2025-07-17 09:00:00,4213.956473265526
2025-07-17 10:00:00,4254.300256112086
2025-07-17 11:00:00,4369.50479123391
2025-07-17 12:00:00,4405.507834722901
2025-07-17 13:00:00,4449.594595974239
2025-07-17 14:00:00,4383.128831869041
2025-07-17 15:00:00,4346.108603882752
2025-07-17 16:00:00,4371.232944820809
2025-07-17 17:00:00,4341.044345019724
2025-07-17 18:00:00,4430.853048550891
2025-07-17 19:00:00,4420.190725149658
2025-07-17 20:00:00,4379.803221457095
2025-07-17 21:00:00,4233.348623478774
2025-07-17 22:00:00,4047.6757008867653
2025-07-17 23:00:00,3833.1689232540125
2025-07-18 00:00:00,3701.633662504078
2025-07-18 01:00:00,3638.7528763650025
2025-07-18 02:00:00,3599.6201224280844
2025-07-18 03:00:00,3602.6526719874037
2025-07-18 04:00:00,3571.988527693262
2025-07-18 05:00:00,3755.021911486636
2025-07-18 06:00:00,3838.722150013332
2025-07-18 07:00:00,4019.462158965584
2025-07-18 08:00:00,4090.4684597772507
2025-07-18 09:00:00,4246.015634136642
2025-07-18 10:00:00,4336.939775766246
2025-07-18 11:00:00,4372.79731875215
2025-07-18 12:00:00,4367.536304292746
2025-07-18 13:00:00,4447.759532327482
2025-07-18 14:00:00,4350.0135284840935
2025-07-18 15:00:00,4331.380691665982
2025-07-18 16:00:00,4362.404015251244
2025-07-18 17:00:00,4391.509568606405
2025-07-18 18:00:00,4442.0463858056755
2025-07-18 19:00:00,4438.0257425406035
2025-07-18 20:00:00,4441.9332408238615
2025-07-18 21:00:00,4234.891333101472
2025-07-18 22:00:00,3948.627162448336
2025-07-18 23:00:00,3868.935299495097
2025-07-19 00:00:00,3670.837900687353
2025-07-19 01:00:00,3648.4387411258817
2025-07-19 02:00:00,3545.2468236113564
2025-07-19 03:00:00,3455.5326930095002
2025-07-19 04:00:00,3568.2003098110836
2025-07-19 05:00:00,3667.8013084919858
2025-07-19 06:00:00,3706.664074430343
2025-07-19 07:00:00,3825.374527717941
2025-07-19 08:00:00,4035.8947989834433
2025-07-19 09:00:00,4029.4956254727163
2025-07-19 10:00:00,4152.638246761451
2025-07-19 11:00:00,4150.58676350426
2025-07-19 12:00:00,4144.029731641674
2025-07-19 13:00:00,4245.980371053265
2025-07-19 14:00:00,4234.554531027877
2025-07-19 15:00:00,4176.750154692512
2025-07-19 16:00:00,4174.9578559115
2025-07-19 17:00:00,4221.316554314235
2025-07-19 18:00:00,4241.5775530157935
2025-07-19 19:00:00,4238.319193919998
2025-07-19 20:00:00,4246.5645313263785
2025-07-19 21:00:00,4030.5187302418167
2025-07-19 22:00:00,3855.83662854185
2025-07-19 23:00:00,3767.040584904656
2025-07-20 00:00:00,3671.955409476354
2025-07-20 01:00:00,3598.4736319816147
2025-07-20 02:00:00,3519.9341158902307
2025-07-20 03:00:00,3508.24944166043
2025-07-20 04:00:00,3534.006350121988
2025-07-20 05:00:00,3593.5446240139836
2025-07-20 06:00:00,3715.690340210362
2025-07-20 07:00:00,3848.6830970919564
2025-07-20 08:00:00,3964.6399190750462
2025-07-20 09:00:00,3996.3126731838497
2025-07-20 10:00:00,4124.664452902653
2025-07-20 11:00:00,4080.7087487325725
2025-07-20 12:00:00,4208.161962887023
2025-07-20 13:00:00,4195.077187775531
2025-07-20 14:00:00,4223.57203383689
2025-07-20 15:00:00,4155.097644518346
2025-07-20 16:00:00,4194.203413855073
2025-07-20 17:00:00,4155.239680551885
2025-07-20 18:00:00,4238.845236259943
2025-07-20 19:00:00,4242.8080223821735
2025-07-20 20:00:00,4196.609870739059
2025-07-20 21:00:00,4062.6581537457596
2025-07-20 22:00:00,3867.5866173016825
2025-07-20 23:00:00,3719.3954790473113
2025-07-21 00:00:00,3671.0287472908153
2025-07-21 01:00:00,3621.534266968196
2025-07-21 02:00:00,3576.8529143121896
2025-07-21 03:00:00,3565.3464275870556
2025-07-21 04:00:00,3584.507042151423
2025-07-21 05:00:00,3626.3365310231034
2025-07-21 06:00:00,3825.2373210340534
2025-07-21 07:00:00,3901.178070425297
2025-07-21 08:00:00,4096.711247164499
2025-07-21 09:00:00,4192.909989406188
2025-07-21 10:00:00,4198.79935897986
2025-07-21 11:00:00,4315.70189129062
2025-07-21 12:00:00,4341.393993668195
2025-07-21 13:00:00,4373.738162352072
2025-07-21 14:00:00,4400.549887581826
2025-07-21 15:00:00,4279.123735140416
2025-07-21 16:00:00,4260.570256125601
2025-07-21 17:00:00,4324.015012042465
2025-07-21 18:00:00,4424.23486490907
2025-07-21 19:00:00,4429.557729005059
2025-07-21 20:00:00,4427.2475141328105
2025-07-21 21:00:00,4228.043751227399
2025-07-21 22:00:00,3922.223560244339
2025-07-21 23:00:00,3801.5074863678697
2025-07-22 00:00:00,3670.068423287861
2025-07-22 01:00:00,3642.0853269420263
2025-07-22 02:00:00,3513.94738276528
2025-07-22 03:00:00,3631.4182116164434
2025-07-22 04:00:00,3590.9330474001376
2025-07-22 05:00:00,3680.8299465987316
2025-07-22 06:00:00,3857.9876785923875
2025-07-22 07:00:00,4041.351038588186
2025-07-22 08:00:00,4133.073533744489
2025-07-22 09:00:00,4225.885317358739
2025-07-22 10:00:00,4286.605067695278
2025-07-22 11:00:00,4322.559363204148
2025-07-22 12:00:00,4353.670096481311
2025-07-22 13:00:00,4384.83261192789
2025-07-22 14:00:00,4343.764816937423
2025-07-22 15:00:00,4263.325449203982
2025-07-22 16:00:00,4288.046555935388
2025-07-22 17:00:00,4263.0652337824
2025-07-22 18:00:00,4402.413352838154
2025-07-22 19:00:00,4435.806705018258
2025-07-22 20:00:00,4391.380241561884
2025-07-22 21:00:00,4190.008901413031
2025-07-22 22:00:00,4085.114869528568
2025-07-22 23:00:00,3854.5632620079305
2025-07-23 00:00:00,3643.3289225685808
2025-07-23 01:00:00,3626.158107929067
2025-07-23 02:00:00,3566.080776279617
2025-07-23 03:00:00,3527.761489402412
2025-07-23 04:00:00,3536.605271258269
2025-07-23 05:00:00,3691.9442899290184
2025-07-23 06:00:00,3805.361606005927
2025-07-23 07:00:00,4003.7771736987415
2025-07-23 08:00:00,4145.002922471508
2025-07-23 09:00:00,4250.688223897477
2025-07-23 10:00:00,4265.138259366647
2025-07-23 11:00:00,4355.540638408895
2025-07-23 12:00:00,4403.32262300595
2025-07-23 13:00:00,4405.625860806477
2025-07-23 14:00:00,4347.388848921646
2025-07-23 15:00:00,4374.574751338928
2025-07-23 16:00:00,4311.73863920777
2025-07-23 17:00:00,4355.046924970997
2025-07-23 18:00:00,4379.494592769259
2025-07-23 19:00:00,4399.711191730806
2025-07-23 20:00:00,4371.255286963454
2025-07-23 21:00:00,4207.4197432092315
2025-07-23 22:00:00,3956.0329372309398
2025-07-23 23:00:00,3822.4553672257503
2025-07-24 00:00:00,3641.6215531003377
2025-07-24 01:00:00,3598.270165303508
2025-07-24 02:00:00,3615.494561975918
2025-07-24 03:00:00,3589.9371450080644
2025-07-24 04:00:00,3587.44500728083
2025-07-24 05:00:00,3679.8552390702444
2025-07-24 06:00:00,3821.975300500913
2025-07-24 07:00:00,3977.892486424338
2025-07-24 08:00:00,4146.938326712656
2025-07-24 09:00:00,4247.7985012095605
2025-07-24 10:00:00,4289.571585068003
2025-07-24 11:00:00,4311.263946888539
2025-07-24 12:00:00,4401.378495864994
2025-07-24 13:00:00,4402.417190251519
2025-07-24 14:00:00,4364.504459889009
2025-07-24 15:00:00,4374.728551087798
2025-07-24 16:00:00,4344.846547298447
2025-07-24 17:00:00,4356.072033448473
2025-07-24 18:00:00,4378.806539717454
2025-07-24 19:00:00,4461.715347038808
2025-07-24 20:00:00,4440.580714053165
2025-07-24 21:00:00,4211.165074106765
2025-07-24 22:00:00,4048.879991245403
2025-07-24 23:00:00,3871.278936288671
2025-07-25 00:00:00,3747.827040282278
2025-07-25 01:00:00,3650.3312175144843
2025-07-25 02:00:00,3620.7917549581803
2025-07-25 03:00:00,3617.911525800684
2025-07-25 04:00:00,3610.023327928648
2025-07-25 05:00:00,3684.964309129491
2025-07-25 06:00:00,3827.0135823063233
2025-07-25 07:00:00,3984.8847827237114
2025-07-25 08:00:00,4071.8611666923557
2025-07-25 09:00:00,4200.916199834657
2025-07-25 10:00:00,4334.227474233747
2025-07-25 11:00:00,4265.073971658904
2025-07-25 12:00:00,4437.976112657586
2025-07-25 13:00:00,4462.586649879641
2025-07-25 14:00:00,4360.456768790054
2025-07-25 15:00:00,4345.765075768688
2025-07-25 16:00:00,4313.680678810125
2025-07-25 17:00:00,4386.350500864344
2025-07-25 18:00:00,4446.233902555283
2025-07-25 19:00:00,4398.065552799122
2025-07-25 20:00:00,4420.163768353826
2025-07-25 21:00:00,4216.70981991614
2025-07-25 22:00:00,4011.197444973533
2025-07-25 23:00:00,3813.6462033890803
2025-07-26 00:00:00,3711.882784744712
2025-07-26 01:00:00,3639.3840386188594
2025-07-26 02:00:00,3548.3700621088688
2025-07-26 03:00:00,3498.784697069622
2025-07-26 04:00:00,3536.0345252621796
2025-07-26 05:00:00,3655.487662959468
2025-07-26 06:00:00,3744.196926938325
2025-07-26 07:00:00,3867.7909588847897
2025-07-26 08:00:00,3946.1360717529296
2025-07-26 09:00:00,4041.6022677469255
2025-07-26 10:00:00,4107.331344284202
2025-07-26 11:00:00,4090.903684470981
2025-07-26 12:00:00,4168.936016292396
2025-07-26 13:00:00,4248.064748253354
2025-07-26 14:00:00,4205.68779852723
2025-07-26 15:00:00,4175.981696316441
2025-07-26 16:00:00,4142.969459697354
2025-07-26 17:00:00,4156.497476494994
2025-07-26 18:00:00,4221.735784373593
2025-07-26 19:00:00,4272.8479910862125
2025-07-26 20:00:00,4188.9107091294545
2025-07-26 21:00:00,4068.147710850115
2025-07-26 22:00:00,3870.744652585536
2025-07-26 23:00:00,3757.55103519963
2025-07-27 00:00:00,3628.829515214667
2025-07-27 01:00:00,3630.8931200672896
2025-07-27 02:00:00,3592.967459582934
2025-07-27 03:00:00,3513.864132623205
2025-07-27 04:00:00,3498.816532718285
2025-07-27 05:00:00,3563.5987259430863
2025-07-27 06:00:00,3674.7660885553096
2025-07-27 07:00:00,3771.5902478814833
2025-07-27 08:00:00,3949.7091466874995
2025-07-27 09:00:00,3999.9276901723897
2025-07-27 10:00:00,4097.16114484737
2025-07-27 11:00:00,4053.6677882760264
2025-07-27 12:00:00,4127.152171324155
2025-07-27 13:00:00,4237.006999235234
2025-07-27 14:00:00,4211.050710617829
2025-07-27 15:00:00,4150.022818393445
2025-07-27 16:00:00,4167.169410472318
2025-07-27 17:00:00,4234.7997346835655
2025-07-27 18:00:00,4205.761445756848
2025-07-27 19:00:00,4247.663734625266
2025-07-27 20:00:00,4200.628531166781
2025-07-27 21:00:00,4138.829244187618
2025-07-27 22:00:00,3822.193171894177
2025-07-27 23:00:00,3734.6854712165814
2025-07-28 00:00:00,3665.3675923179235
2025-07-28 01:00:00,3633.3616307358197
2025-07-28 02:00:00,3560.8345840659995
2025-07-28 03:00:00,3552.831284273921
2025-07-28 04:00:00,3592.146948621241
2025-07-28 05:00:00,3761.6705793837714
2025-07-28 06:00:00,3830.3739338792047
2025-07-28 07:00:00,3914.36341341434
2025-07-28 08:00:00,4061.572342728592
2025-07-28 09:00:00,4151.6694988582785
2025-07-28 10:00:00,4193.190455469433
2025-07-28 11:00:00,4285.500417741904
2025-07-28 12:00:00,4366.529525812314
2025-07-28 13:00:00,4336.4203224706325
2025-07-28 14:00:00,4373.233482946485
2025-07-28 15:00:00,4307.737486846758
2025-07-28 16:00:00,4252.486447597276
2025-07-28 17:00:00,4306.6378308141675
2025-07-28 18:00:00,4444.420376885737
2025-07-28 19:00:00,4448.633517555468
2025-07-28 20:00:00,4373.11590553304
2025-07-28 21:00:00,4190.017265911292
2025-07-28 22:00:00,3985.034210873993
2025-07-28 23:00:00,3793.2833920897256
2025-07-29 00:00:00,3617.413106609005
2025-07-29 01:00:00,3686.7344979311233
2025-07-29 02:00:00,3594.5090658005906
2025-07-29 03:00:00,3573.7251199655143
2025-07-29 04:00:00,3576.203305361407
2025-07-29 05:00:00,3656.263082898017
2025-07-29 06:00:00,3815.4261212939955
2025-07-29 07:00:00,3909.360504289673
2025-07-29 08:00:00,4169.522013528092
2025-07-29 09:00:00,4145.379489657298
2025-07-29 10:00:00,4241.007075984938
2025-07-29 11:00:00,4306.361984403552
2025-07-29 12:00:00,4408.4907874510845
2025-07-29 13:00:00,4402.5531003761735
2025-07-29 14:00:00,4312.849750057118
2025-07-29 15:00:00,4352.279573170661
2025-07-29 16:00:00,4323.304481236756
2025-07-29 17:00:00,4349.24483930412
2025-07-29 18:00:00,4429.529230551273
2025-07-29 19:00:00,4521.203276104851
2025-07-29 20:00:00,4462.9030925257985
2025-07-29 21:00:00,4185.300157794206
2025-07-29 22:00:00,4041.1729998319556
2025-07-29 23:00:00,3827.7982524816553
2025-07-30 00:00:00,3698.844032314014
2025-07-30 01:00:00,3580.1704789618957
2025-07-30 02:00:00,3583.4092665142553
2025-07-30 03:00:00,3532.602509479414
2025-07-30 04:00:00,3592.737305973666
2025-07-30 05:00:00,3698.9027989980277
2025-07-30 06:00:00,3741.9690861792265
2025-07-30 07:00:00,3939.7301472135873
2025-07-30 08:00:00,4112.059764074001
2025-07-30 09:00:00,4159.846056924275
2025-07-30 10:00:00,4280.880269791719
2025-07-30 11:00:00,4311.532048405724
2025-07-30 12:00:00,4352.196847155301
2025-07-30 13:00:00,4366.565835369686
2025-07-30 14:00:00,4285.547495250547
2025-07-30 15:00:00,4239.333062968318
2025-07-30 16:00:00,4292.739217475361
2025-07-30 17:00:00,4302.159636823709
2025-07-30 18:00:00,4369.7927107485175
2025-07-30 19:00:00,4392.19709236354
2025-07-30 20:00:00,4347.640825961948
2025-07-30 21:00:00,4219.909779762144
2025-07-30 22:00:00,3957.8956410876867
2025-07-30 23:00:00,3755.441920989003
2025-07-31 00:00:00,3688.0994086938367
2025-07-31 01:00:00,3607.180839534934
2025-07-31 02:00:00,3576.0302718744547
2025-07-31 03:00:00,3595.3961195254783
2025-07-31 04:00:00,3569.5618239464784
2025-07-31 05:00:00,3680.6522869093674
2025-07-31 06:00:00,3771.0729369424143
2025-07-31 07:00:00,3936.185903046142
2025-07-31 08:00:00,4098.145796147539
2025-07-31 09:00:00,4117.829220296695
2025-07-31 10:00:00,4266.620241595698
2025-07-31 11:00:00,4307.51615753511
2025-07-31 12:00:00,4345.561841126114
2025-07-31 13:00:00,4421.394850210736
2025-07-31 14:00:00,4349.823534424936
2025-07-31 15:00:00,4338.020238578234
2025-07-31 16:00:00,4242.463314109882
2025-07-31 17:00:00,4317.5762319853675
2025-07-31 18:00:00,4391.809554545765
2025-07-31 19:00:00,4382.800114375429
2025-07-31 20:00:00,4401.600544626646
2025-07-31 21:00:00,4270.699040300151
2025-07-31 22:00:00,3976.2568469276043
2025-07-31 23:00:00,3819.449908098704
2025-08-01 00:00:00,3713.2129955642617
2025-08-01 01:00:00,3637.4742675605667
2025-08-01 02:00:00,3565.757692043557
2025-08-01 03:00:00,3566.7908369341662
2025-08-01 04:00:00,3556.230981869155
2025-08-01 05:00:00,3739.920384890696
2025-08-01 06:00:00,3824.604844906934
2025-08-01 07:00:00,3955.637603269063
2025-08-01 08:00:00,4130.159036256467
2025-08-01 09:00:00,4153.725544018301
2025-08-01 10:00:00,4252.298971632993
2025-08-01 11:00:00,4323.686263622236
2025-08-01 12:00:00,4398.3170287331595
2025-08-01 13:00:00,4417.677508765869
2025-08-01 14:00:00,4358.269174294643
2025-08-01 15:00:00,4301.231021416506
2025-08-01 16:00:00,4301.300868475062
2025-08-01 17:00:00,4328.471635239897
2025-08-01 18:00:00,4361.309795161856
2025-08-01 19:00:00,4434.443260950471
2025-08-01 20:00:00,4344.26276739775
2025-08-01 21:00:00,4209.409965260962
2025-08-01 22:00:00,3974.653958350301
2025-08-01 23:00:00,3894.985083433553
2025-08-02 00:00:00,3642.9611160752206
2025-08-02 01:00:00,3552.5338468818645
2025-08-02 02:00:00,3548.725284278975
2025-08-02 03:00:00,3540.8360932082915
2025-08-02 04:00:00,3590.4603164683786
2025-08-02 05:00:00,3622.4408065737166
2025-08-02 06:00:00,3686.536701880362
2025-08-02 07:00:00,3852.7005033858736
2025-08-02 08:00:00,3877.1342059835097
2025-08-02 09:00:00,3997.9461579640288
2025-08-02 10:00:00,4092.8633489098866
2025-08-02 11:00:00,4144.969701558478
2025-08-02 12:00:00,4215.606551269475
2025-08-02 13:00:00,4212.109530107789
2025-08-02 14:00:00,4220.220274636569
2025-08-02 15:00:00,4182.1883612630245
2025-08-02 16:00:00,4181.113003739696
2025-08-02 17:00:00,4214.579525651563
2025-08-02 18:00:00,4261.951674727071
2025-08-02 19:00:00,4309.221060869284
2025-08-02 20:00:00,4245.390759330414
2025-08-02 21:00:00,4113.523294058892
2025-08-02 22:00:00,3873.755743862939
2025-08-02 23:00:00,3750.2255287039147
2025-08-03 00:00:00,3673.7017175520177
2025-08-03 01:00:00,3628.5765454500424
2025-08-03 02:00:00,3548.666637981644
2025-08-03 03:00:00,3519.026686550854
2025-08-03 04:00:00,3536.1002868880523
2025-08-03 05:00:00,3668.479273073814
2025-08-03 06:00:00,3780.528500456994
2025-08-03 07:00:00,3831.2258299957957
2025-08-03 08:00:00,3964.680153062719
2025-08-03 09:00:00,4031.1322127473404
2025-08-03 10:00:00,4113.556253581598
2025-08-03 11:00:00,4155.933842222384
2025-08-03 12:00:00,4231.012321345222
2025-08-03 13:00:00,4258.216283146076
2025-08-03 14:00:00,4319.427352661984
2025-08-03 15:00:00,4163.392318076932
2025-08-03 16:00:00,4200.303759559186
2025-08-03 17:00:00,4199.5237535904125
2025-08-03 18:00:00,4222.8863213773475
2025-08-03 19:00:00,4288.704235256292
2025-08-03 20:00:00,4245.422663738145
2025-08-03 21:00:00,4203.766969897434
2025-08-03 22:00:00,3928.7894683609375
2025-08-03 23:00:00,3726.1542516015998
2025-08-04 00:00:00,3720.3727279560308
2025-08-04 01:00:00,3594.158818342181
2025-08-04 02:00:00,3610.868959831116
2025-08-04 03:00:00,3581.199108079857
2025-08-04 04:00:00,3616.3641028712036
2025-08-04 05:00:00,3720.638442349346
2025-08-04 06:00:00,3818.7785252981257
2025-08-04 07:00:00,3970.449376889876
2025-08-04 08:00:00,4087.089824013913
2025-08-04 09:00:00,4165.760913476627
2025-08-04 10:00:00,4304.308306059261
2025-08-04 11:00:00,4294.921320544985
2025-08-04 12:00:00,4367.5575878387435
2025-08-04 13:00:00,4388.971606274477
2025-08-04 14:00:00,4393.660988550251
2025-08-04 15:00:00,4384.547386525563
2025-08-04 16:00:00,4266.397194803777
2025-08-04 17:00:00,4281.037241825851
2025-08-04 18:00:00,4418.422255719383
2025-08-04 19:00:00,4457.156980011945
2025-08-04 20:00:00,4413.172326680109
2025-08-04 21:00:00,4215.073437199595
2025-08-04 22:00:00,4005.8798391488876
2025-08-04 23:00:00,3848.580960019451
2025-08-05 00:00:00,3735.967118329547
2025-08-05 01:00:00,3589.996648567762
2025-08-05 02:00:00,3595.193380708545
2025-08-05 03:00:00,3579.959879597671
2025-08-05 04:00:00,3562.4005619721493
2025-08-05 05:00:00,3739.539332617692
2025-08-05 06:00:00,3812.702154257405
2025-08-05 07:00:00,3972.590544386189
2025-08-05 08:00:00,4131.615921331742
2025-08-05 09:00:00,4185.667992280888
2025-08-05 10:00:00,4230.463005230901
2025-08-05 11:00:00,4321.121166871889
2025-08-05 12:00:00,4411.547824098662
2025-08-05 13:00:00,4403.928147628939
2025-08-05 14:00:00,4334.884405756146
2025-08-05 15:00:00,4342.605200852982
2025-08-05 16:00:00,4286.655855704939
2025-08-05 17:00:00,4311.838984532724
2025-08-05 18:00:00,4409.243277846611
2025-08-05 19:00:00,4464.915701450033
2025-08-05 20:00:00,4470.186066039982
2025-08-05 21:00:00,4237.395391412268
2025-08-05 22:00:00,4028.1581781434725
2025-08-05 23:00:00,3800.790650130992
2025-08-06 00:00:00,3654.4933936592524
2025-08-06 01:00:00,3634.501736821667
2025-08-06 02:00:00,3594.013953870147
2025-08-06 03:00:00,3522.0760404302196
2025-08-06 04:00:00,3563.3416522424977
2025-08-06 05:00:00,3680.7380210196197
2025-08-06 06:00:00,3823.0607931659533
2025-08-06 07:00:00,3970.626262145669
2025-08-06 08:00:00,4105.404863386523
2025-08-06 09:00:00,4172.393028363122
2025-08-06 10:00:00,4263.961551208037
2025-08-06 11:00:00,4287.913983176258
2025-08-06 12:00:00,4436.462628887399
2025-08-06 13:00:00,4419.948101409726
2025-08-06 14:00:00,4363.5907545668015
2025-08-06 15:00:00,4282.201760508112
2025-08-06 16:00:00,4401.767464415882
2025-08-06 17:00:00,4297.605165897184
2025-08-06 18:00:00,4395.139057635318
2025-08-06 19:00:00,4460.450685362012
2025-08-06 20:00:00,4417.48373736923
2025-08-06 21:00:00,4252.104444666042
2025-08-06 22:00:00,4060.3099884092258
2025-08-06 23:00:00,3842.565252085528
2025-08-07 00:00:00,3663.9583934184866
2025-08-07 01:00:00,3627.552902378996
2025-08-07 02:00:00,3602.0919544267604
2025-08-07 03:00:00,3624.6522699311577
2025-08-07 04:00:00,3544.029359702309
2025-08-07 05:00:00,3723.5351938473455
2025-08-07 06:00:00,3838.7807535483207
2025-08-07 07:00:00,4001.6594466067145
2025-08-07 08:00:00,4108.704674677685
2025-08-07 09:00:00,4173.501213060676
2025-08-07 10:00:00,4316.68592527875
2025-08-07 11:00:00,4359.052299650694
2025-08-07 12:00:00,4412.480733824107
2025-08-07 13:00:00,4420.027331322289
2025-08-07 14:00:00,4352.336315849892
2025-08-07 15:00:00,4263.952333389523
2025-08-07 16:00:00,4331.669221593955
2025-08-07 17:00:00,4350.551948983904
2025-08-07 18:00:00,4377.230209761459
2025-08-07 19:00:00,4424.937996276891
2025-08-07 20:00:00,4377.5384889042825
2025-08-07 21:00:00,4166.5729821692485
2025-08-07 22:00:00,3971.6843731839513
2025-08-07 23:00:00,3791.005380284697
2025-08-08 00:00:00,3683.837930844165
2025-08-08 01:00:00,3618.721809929064
2025-08-08 02:00:00,3555.807140281936
2025-08-08 03:00:00,3637.1729253857898
2025-08-08 04:00:00,3638.0582403786693
2025-08-08 05:00:00,3681.785734970898
2025-08-08 06:00:00,3855.2888637655897
2025-08-08 07:00:00,3997.758877249232
2025-08-08 08:00:00,4158.646552803693
2025-08-08 09:00:00,4183.365008623198
2025-08-08 10:00:00,4338.6312183014315
2025-08-08 11:00:00,4328.38092682003
2025-08-08 12:00:00,4343.560099845535
2025-08-08 13:00:00,4457.478755679208
2025-08-08 14:00:00,4430.655196408048
2025-08-08 15:00:00,4421.951500761283
2025-08-08 16:00:00,4277.317984425209
2025-08-08 17:00:00,4379.065306584301
2025-08-08 18:00:00,4417.758241823613
2025-08-08 19:00:00,4492.366126261333
2025-08-08 20:00:00,4360.41376259317
2025-08-08 21:00:00,4189.838963147633
2025-08-08 22:00:00,3988.1276498947436
2025-08-08 23:00:00,3839.653354251184
2025-08-09 00:00:00,3648.389174389278
2025-08-09 01:00:00,3625.396068101934
2025-08-09 02:00:00,3595.875414312849
2025-08-09 03:00:00,3564.065972746097
2025-08-09 04:00:00,3623.526831844379
2025-08-09 05:00:00,3699.7634041910183
2025-08-09 06:00:00,3748.15697742699
2025-08-09 07:00:00,3920.842949554613
2025-08-09 08:00:00,3950.8845550439587
2025-08-09 09:00:00,4089.9073086742114
2025-08-09 10:00:00,4200.554089173993
2025-08-09 11:00:00,4207.665324151431
2025-08-09 12:00:00,4183.255578119571
2025-08-09 13:00:00,4240.7958910753505
2025-08-09 14:00:00,4314.045679075123
2025-08-09 15:00:00,4212.683388542588
2025-08-09 16:00:00,4207.161435056503
2025-08-09 17:00:00,4263.195712102031
2025-08-09 18:00:00,4296.564075162196
2025-08-09 19:00:00,4314.976214830546
2025-08-09 20:00:00,4248.963705201392
2025-08-09 21:00:00,4112.406626333927
2025-08-09 22:00:00,3972.8038731591787
2025-08-09 23:00:00,3786.768082676529
2025-08-10 00:00:00,3674.1990119423886
2025-08-10 01:00:00,3655.0386272540895
2025-08-10 02:00:00,3579.96195702284
2025-08-10 03:00:00,3535.4733251744765
2025-08-10 04:00:00,3558.3188199020024
2025-08-10 05:00:00,3654.3985359487574
2025-08-10 06:00:00,3773.87147075895
2025-08-10 07:00:00,3915.3498876297067
2025-08-10 08:00:00,3945.3432691622024
2025-08-10 09:00:00,4068.074749504435
2025-08-10 10:00:00,4128.174929741563
2025-08-10 11:00:00,4185.2813989551
2025-08-10 12:00:00,4186.8731475572895
2025-08-10 13:00:00,4270.463572514291
2025-08-10 14:00:00,4266.432444782087
2025-08-10 15:00:00,4236.675554160422
2025-08-10 16:00:00,4215.326377116599
2025-08-10 17:00:00,4200.175302833097
2025-08-10 18:00:00,4322.507764215235
2025-08-10 19:00:00,4331.2522593042895
2025-08-10 20:00:00,4273.751064133249
2025-08-10 21:00:00,4127.333174643496
2025-08-10 22:00:00,3937.168172585689
2025-08-10 23:00:00,3785.6273410832673
2025-08-11 00:00:00,3744.9270205890407
2025-08-11 01:00:00,3623.1933497870214
2025-08-11 02:00:00,3618.797421686935
2025-08-11 03:00:00,3595.4911213765236
2025-08-11 04:00:00,3632.964479331816
2025-08-11 05:00:00,3762.389060342383
2025-08-11 06:00:00,3847.1917186920373
2025-08-11 07:00:00,3998.1044767378776
2025-08-11 08:00:00,4137.760582645858
2025-08-11 09:00:00,4220.657706572752
2025-08-11 10:00:00,4324.212748301639
2025-08-11 11:00:00,4404.082043154628
2025-08-11 12:00:00,4380.629701733502
2025-08-11 13:00:00,4462.658808013128
2025-08-11 14:00:00,4331.701290167968
2025-08-11 15:00:00,4313.810166098535
2025-08-11 16:00:00,4309.239979649762
2025-08-11 17:00:00,4412.384904368283
2025-08-11 18:00:00,4422.732569417936
2025-08-11 19:00:00,4388.544746123032
2025-08-11 20:00:00,4342.81151151249
2025-08-11 21:00:00,4236.450066621439
2025-08-11 22:00:00,4035.3229234292317
2025-08-11 23:00:00,3851.988599603257
2025-08-12 00:00:00,3712.2072752452195
2025-08-12 01:00:00,3683.072995649422
2025-08-12 02:00:00,3589.484533449729
2025-08-12 03:00:00,3594.3500945650167
2025-08-12 04:00:00,3533.402517573501
2025-08-12 05:00:00,3650.1040949819594
2025-08-12 06:00:00,3762.579613381285
2025-08-12 07:00:00,3947.967073101062
2025-08-12 08:00:00,4092.396263726765
2025-08-12 09:00:00,4190.380488272991
2025-08-12 10:00:00,4279.956224681745
2025-08-12 11:00:00,4291.901180386941
2025-08-12 12:00:00,4360.152813498655
2025-08-12 13:00:00,4349.993702085732
2025-08-12 14:00:00,4400.659520968333
2025-08-12 15:00:00,4290.790307288023
2025-08-12 16:00:00,4275.18368140342
2025-08-12 17:00:00,4381.806945458393
2025-08-12 18:00:00,4360.072550260741
2025-08-12 19:00:00,4397.465486860525
2025-08-12 20:00:00,4348.017718944469
2025-08-12 21:00:00,4210.4824717695565
2025-08-12 22:00:00,4011.179534743263
2025-08-12 23:00:00,3846.3785516647445
2025-08-13 00:00:00,3768.5069449395605
2025-08-13 01:00:00,3574.1870048562446
2025-08-13 02:00:00,3618.253530403721
2025-08-13 03:00:00,3560.632037028125
2025-08-13 04:00:00,3578.8455551032985
2025-08-13 05:00:00,3679.3999855210955
2025-08-13 06:00:00,3809.3548259221534
2025-08-13 07:00:00,4026.4570581830067
2025-08-13 08:00:00,4135.1590496700765
2025-08-13 09:00:00,4200.371997029011
2025-08-13 10:00:00,4335.829982082491
2025-08-13 11:00:00,4284.101885932264
2025-08-13 12:00:00,4332.047468807917
2025-08-13 13:00:00,4344.548545278009
2025-08-13 14:00:00,4349.931324495987
2025-08-13 15:00:00,4328.689671612663
2025-08-13 16:00:00,4316.537819478858
2025-08-13 17:00:00,4352.378180092042
2025-08-13 18:00:00,4364.378331786587
2025-08-13 19:00:00,4477.354953769448
2025-08-13 20:00:00,4407.026879341742
2025-08-13 21:00:00,4246.670727094616
2025-08-13 22:00:00,3946.1821541591617
2025-08-13 23:00:00,3843.904712969649
2025-08-14 00:00:00,3670.470995582091
2025-08-14 01:00:00,3637.4647515859383
2025-08-14 02:00:00,3622.540502264199
2025-08-14 03:00:00,3572.031008501824
2025-08-14 04:00:00,3553.5611444876636
2025-08-14 05:00:00,3674.639116311006
2025-08-14 06:00:00,3766.4476535071944
2025-08-14 07:00:00,3986.7063547651164
2025-08-14 08:00:00,4079.8797248392757
2025-08-14 09:00:00,4216.479099875975
2025-08-14 10:00:00,4249.729192743003
2025-08-14 11:00:00,4292.328406215382
2025-08-14 12:00:00,4323.9115428963
2025-08-14 13:00:00,4416.169691555908
2025-08-14 14:00:00,4308.9030199852405
2025-08-14 15:00:00,4304.674593925416
2025-08-14 16:00:00,4259.411707417117
2025-08-14 17:00:00,4235.696611612888
2025-08-14 18:00:00,4357.73557827553
2025-08-14 19:00:00,4369.43792249159
2025-08-14 20:00:00,4363.282129345372
2025-08-14 21:00:00,4148.600881860207
2025-08-14 22:00:00,4002.9543683742713
2025-08-14 23:00:00,3798.8904491193907
2025-08-15 00:00:00,3666.631562663558
2025-08-15 01:00:00,3645.525084390553
2025-08-15 02:00:00,3613.178390715527
2025-08-15 03:00:00,3556.020652579252
2025-08-15 04:00:00,3553.6646076644597
2025-08-15 05:00:00,3620.790390004626
2025-08-15 06:00:00,3786.922340467225
2025-08-15 07:00:00,3923.034867664316
2025-08-15 08:00:00,4080.373883468777
2025-08-15 09:00:00,4155.214225666264
2025-08-15 10:00:00,4279.345057283169
2025-08-15 11:00:00,4279.078557691307
2025-08-15 12:00:00,4339.060251016555
2025-08-15 13:00:00,4422.520982576019
2025-08-15 14:00:00,4344.385451723603
2025-08-15 15:00:00,4279.585212170245
2025-08-15 16:00:00,4255.157487454206
2025-08-15 17:00:00,4287.746531388181
2025-08-15 18:00:00,4352.983829924448
2025-08-15 19:00:00,4395.340517012732
2025-08-15 20:00:00,4389.2418234163115
2025-08-15 21:00:00,4180.9600317844015
2025-08-15 22:00:00,3929.741894742134
2025-08-15 23:00:00,3854.58221080059
2025-08-16 00:00:00,3638.580478427756
2025-08-16 01:00:00,3543.6507574206203
2025-08-16 02:00:00,3529.7948745344884
2025-08-16 03:00:00,3510.754797771555
2025-08-16 04:00:00,3569.6695227307628
2025-08-16 05:00:00,3587.7410037179875
2025-08-16 06:00:00,3744.022601847572
2025-08-16 07:00:00,3850.328795942042
2025-08-16 08:00:00,3880.3678860634686
2025-08-16 09:00:00,3982.953050220137
2025-08-16 10:00:00,4046.9169519872835
2025-08-16 11:00:00,4118.159036332479
2025-08-16 12:00:00,4164.544477313094
2025-08-16 13:00:00,4221.35500098686
2025-08-16 14:00:00,4229.159370360893
2025-08-16 15:00:00,4118.098762643867
2025-08-16 16:00:00,4068.0421493730014
2025-08-16 17:00:00,4165.480878689002
2025-08-16 18:00:00,4210.634967908703
2025-08-16 19:00:00,4242.808784493961
2025-08-16 20:00:00,4175.659828672566
2025-08-16 21:00:00,4059.390932089874
2025-08-16 22:00:00,3930.5434929809303
2025-08-16 23:00:00,3724.060655243113
2025-08-17 00:00:00,3613.978397597948
2025-08-17 01:00:00,3568.8028351869148
2025-08-17 02:00:00,3536.664413619322
2025-08-17 03:00:00,3545.6384678235754
2025-08-17 04:00:00,3507.2609115687383
2025-08-17 05:00:00,3612.6672812535494
2025-08-17 06:00:00,3689.5765191940372
2025-08-17 07:00:00,3826.646617548999
2025-08-17 08:00:00,3943.0594014277503
2025-08-17 09:00:00,3980.8863292118904
2025-08-17 10:00:00,4054.4656128037213
2025-08-17 11:00:00,4096.001894795545
2025-08-17 12:00:00,4063.7074399738353
2025-08-17 13:00:00,4205.798728384079
2025-08-17 14:00:00,4182.059763557046
2025-08-17 15:00:00,4138.077058674402
2025-08-17 16:00:00,4093.1653611320357
2025-08-17 17:00:00,4140.876923169785
2025-08-17 18:00:00,4174.337272101089
2025-08-17 19:00:00,4257.773331815471
2025-08-17 20:00:00,4163.787618370879
2025-08-17 21:00:00,4113.716091407202
2025-08-17 22:00:00,3888.148105573176
2025-08-17 23:00:00,3670.2911413927145
2025-08-18 00:00:00,3661.8032670247894
2025-08-18 01:00:00,3605.025655930915
2025-08-18 02:00:00,3519.377495031128
2025-08-18 03:00:00,3585.914947215967
2025-08-18 04:00:00,3571.2081316776957
2025-08-18 05:00:00,3669.947762772589
2025-08-18 06:00:00,3802.6418816100595
2025-08-18 07:00:00,3893.0766841270283
2025-08-18 08:00:00,4054.2389692086053
2025-08-18 09:00:00,4186.865746824289
2025-08-18 10:00:00,4210.523093080953
2025-08-18 11:00:00,4204.304447061509
2025-08-18 12:00:00,4327.529509147184
2025-08-18 13:00:00,4369.517035354628
2025-08-18 14:00:00,4329.900047721956
2025-08-18 15:00:00,4294.225029988747
2025-08-18 16:00:00,4279.280020558973
2025-08-18 17:00:00,4300.10297352586
2025-08-18 18:00:00,4409.335827055994
2025-08-18 19:00:00,4349.92649358155
2025-08-18 20:00:00,4372.145116038433
2025-08-18 21:00:00,4202.210004015652
2025-08-18 22:00:00,3926.5307997994914
2025-08-18 23:00:00,3748.7070300484816
2025-08-19 00:00:00,3642.7791958533517
2025-08-19 01:00:00,3603.8302501070584
2025-08-19 02:00:00,3602.9467965142835
2025-08-19 03:00:00,3522.31458654959
2025-08-19 04:00:00,3524.6072968667204
2025-08-19 05:00:00,3636.282157086058
2025-08-19 06:00:00,3837.4419176315546
2025-08-19 07:00:00,3943.764414375145
2025-08-19 08:00:00,4071.90637456326
2025-08-19 09:00:00,4164.752239556789
2025-08-19 10:00:00,4301.663990009616
2025-08-19 11:00:00,4276.13079223492
2025-08-19 12:00:00,4391.087327368961
2025-08-19 13:00:00,4396.20653849737
2025-08-19 14:00:00,4333.84077933787
2025-08-19 15:00:00,4362.242032534399
2025-08-19 16:00:00,4228.8832417277445
2025-08-19 17:00:00,4285.6221953440245
2025-08-19 18:00:00,4327.698887012009
2025-08-19 19:00:00,4437.631869891088
2025-08-19 20:00:00,4414.055144526111
2025-08-19 21:00:00,4236.886336813793
2025-08-19 22:00:00,4007.674911750695
2025-08-19 23:00:00,3791.155293774332
2025-08-20 00:00:00,3656.643998715192
2025-08-20 01:00:00,3573.638493702
2025-08-20 02:00:00,3638.744668960038
2025-08-20 03:00:00,3554.2055252809805
2025-08-20 04:00:00,3552.3638322764377
2025-08-20 05:00:00,3711.793239145038
2025-08-20 06:00:00,3786.2101579143227
2025-08-20 07:00:00,3967.5830345223444
2025-08-20 08:00:00,4083.0381975362466
2025-08-20 09:00:00,4201.753155755866
2025-08-20 10:00:00,4268.531858079872
2025-08-20 11:00:00,4266.668233738282
2025-08-20 12:00:00,4363.850671867848
2025-08-20 13:00:00,4445.248340707098
2025-08-20 14:00:00,4355.099805047597
2025-08-20 15:00:00,4324.080253823546
2025-08-20 16:00:00,4250.646121926616
2025-08-20 17:00:00,4317.840956043706
2025-08-20 18:00:00,4373.674959191444
2025-08-20 19:00:00,4459.144779591659
2025-08-20 20:00:00,4385.482952508369
2025-08-20 21:00:00,4234.835588655299
2025-08-20 22:00:00,4030.2360253084444
2025-08-20 23:00:00,3843.8429048768458
2025-08-21 00:00:00,3699.351406117869
2025-08-21 01:00:00,3598.644112191185
2025-08-21 02:00:00,3587.268264051654
2025-08-21 03:00:00,3545.3093265619773
2025-08-21 04:00:00,3570.4509827945285
2025-08-21 05:00:00,3671.6195450390146
2025-08-21 06:00:00,3798.3594916254146
2025-08-21 07:00:00,3910.041330111139
2025-08-21 08:00:00,4088.794478760121
2025-08-21 09:00:00,4210.253538156189
2025-08-21 10:00:00,4249.040723803039
2025-08-21 11:00:00,4340.547745008455
2025-08-21 12:00:00,4449.604197120288
2025-08-21 13:00:00,4456.981286435316
2025-08-21 14:00:00,4424.257658706238
2025-08-21 15:00:00,4319.847596065666
2025-08-21 16:00:00,4334.714138095859
2025-08-21 17:00:00,4306.938636731857
2025-08-21 18:00:00,4393.340734535209
2025-08-21 19:00:00,4355.736522476485
2025-08-21 20:00:00,4447.522287308312
2025-08-21 21:00:00,4282.568036166183
2025-08-21 22:00:00,3995.6195875083154
2025-08-21 23:00:00,3829.0259303073053
2025-08-22 00:00:00,3679.6635649295813
2025-08-22 01:00:00,3658.7796530073038
2025-08-22 02:00:00,3635.9697026182457
2025-08-22 03:00:00,3525.2339374481094
2025-08-22 04:00:00,3601.692059504049
2025-08-22 05:00:00,3683.6074160216313
2025-08-22 06:00:00,3827.043911703735
2025-08-22 07:00:00,3972.5269818881493
2025-08-22 08:00:00,4097.866627589177
2025-08-22 09:00:00,4195.038614299996
2025-08-22 10:00:00,4280.194800575696
2025-08-22 11:00:00,4364.020984619246
2025-08-22 12:00:00,4387.932228015953
2025-08-22 13:00:00,4420.515002760358
2025-08-22 14:00:00,4318.732905941678
2025-08-22 15:00:00,4298.855210634949
2025-08-22 16:00:00,4332.75545064974
2025-08-22 17:00:00,4336.3904250744345
2025-08-22 18:00:00,4432.095386790891
2025-08-22 19:00:00,4502.610883062939
2025-08-22 20:00:00,4423.648435156652
2025-08-22 21:00:00,4212.44036145518
2025-08-22 22:00:00,3976.192320069574
2025-08-22 23:00:00,3739.60448762694
2025-08-23 00:00:00,3636.6129667487967
2025-08-23 01:00:00,3577.4282262891234
2025-08-23 02:00:00,3550.472079406635
2025-08-23 03:00:00,3499.055863682926
2025-08-23 04:00:00,3504.1488595781643
2025-08-23 05:00:00,3556.8837052062618
2025-08-23 06:00:00,3678.2024211462685
2025-08-23 07:00:00,3818.2825625305995
2025-08-23 08:00:00,3950.2172989727114
2025-08-23 09:00:00,3986.9269116543933
2025-08-23 10:00:00,4090.42561778141
2025-08-23 11:00:00,4156.887008019602
2025-08-23 12:00:00,4140.133841249882
2025-08-23 13:00:00,4218.738100590483
2025-08-23 14:00:00,4174.107075837883
2025-08-23 15:00:00,4173.831529715136
2025-08-23 16:00:00,4141.194077891437
2025-08-23 17:00:00,4180.936003826455
2025-08-23 18:00:00,4179.2901473978545
2025-08-23 19:00:00,4264.942455858417
2025-08-23 20:00:00,4263.073026319534
2025-08-23 21:00:00,4027.3460653648467
2025-08-23 22:00:00,3876.6756368742504
2025-08-23 23:00:00,3721.7481949118783
2025-08-24 00:00:00,3648.0771351686617
2025-08-24 01:00:00,3560.4374972852506
2025-08-24 02:00:00,3454.7454725428524
2025-08-24 03:00:00,3534.0829872493223
2025-08-24 04:00:00,3532.09969653637
2025-08-24 05:00:00,3560.433676452766
2025-08-24 06:00:00,3692.089703586855
2025-08-24 07:00:00,3853.4162064374586
2025-08-24 08:00:00,3943.81564790257
2025-08-24 09:00:00,4020.4146165127004
2025-08-24 10:00:00,4074.395300347256
2025-08-24 11:00:00,4129.418910028478
2025-08-24 12:00:00,4166.483911707876
2025-08-24 13:00:00,4248.94958312644
2025-08-24 14:00:00,4175.7134771374995
2025-08-24 15:00:00,4122.099762372574
2025-08-24 16:00:00,4170.873054716942
2025-08-24 17:00:00,4169.114543400118
2025-08-24 18:00:00,4250.769628105687
2025-08-24 19:00:00,4213.609825442818
2025-08-24 20:00:00,4185.103354775477
2025-08-24 21:00:00,4024.1528117593775
2025-08-24 22:00:00,3882.478521491509
2025-08-24 23:00:00,3665.473854336443
2025-08-25 00:00:00,3648.636732364855
2025-08-25 01:00:00,3575.402540183745
2025-08-25 02:00:00,3595.2356238899115
2025-08-25 03:00:00,3554.7821550202116
2025-08-25 04:00:00,3503.019067050711
2025-08-25 05:00:00,3695.769590561088
2025-08-25 06:00:00,3882.0834440623753
2025-08-25 07:00:00,3954.469595412762
2025-08-25 08:00:00,4069.9263078797862
2025-08-25 09:00:00,4274.660112245862
2025-08-25 10:00:00,4222.9796026900785
2025-08-25 11:00:00,4313.068016937388
2025-08-25 12:00:00,4361.329282125753
2025-08-25 13:00:00,4445.0930921802665
2025-08-25 14:00:00,4359.949647266215
2025-08-25 15:00:00,4267.569137799106
2025-08-25 16:00:00,4237.0555581309245
2025-08-25 17:00:00,4289.030936479948
2025-08-25 18:00:00,4342.0770254672
2025-08-25 19:00:00,4415.005239254981
2025-08-25 20:00:00,4342.946589163272
2025-08-25 21:00:00,4135.668838807606
2025-08-25 22:00:00,4012.3512907243594
2025-08-25 23:00:00,3787.037011652365
2025-08-26 00:00:00,3634.802259215751
2025-08-26 01:00:00,3610.997031003019
2025-08-26 02:00:00,3576.257635807986
2025-08-26 03:00:00,3493.8325637968937
2025-08-26 04:00:00,3571.86769181877
2025-08-26 05:00:00,3637.2054658394823
2025-08-26 06:00:00,3869.860787339894
2025-08-26 07:00:00,3980.8007999568044
2025-08-26 08:00:00,4086.924089237024
2025-08-26 09:00:00,4164.556271171424
2025-08-26 10:00:00,4274.7643628181695
2025-08-26 11:00:00,4343.167949346154
2025-08-26 12:00:00,4363.034183483157
2025-08-26 13:00:00,4398.197463806933
2025-08-26 14:00:00,4358.3277235776895
2025-08-26 15:00:00,4270.188142070865
2025-08-26 16:00:00,4265.739819013728
2025-08-26 17:00:00,4236.081426025491
2025-08-26 18:00:00,4416.197154195683
2025-08-26 19:00:00,4426.898527123803
2025-08-26 20:00:00,4342.919209351023
2025-08-26 21:00:00,4261.4904366965475
2025-08-26 22:00:00,3985.8758237311645
2025-08-26 23:00:00,3779.2661806621836
2025-08-27 00:00:00,3702.7024837929202
2025-08-27 01:00:00,3626.2527746829137
2025-08-27 02:00:00,3584.472567028839
2025-08-27 03:00:00,3532.286200006107
2025-08-27 04:00:00,3581.2339230213975
2025-08-27 05:00:00,3674.2659412263847
2025-08-27 06:00:00,3849.9198509319335
2025-08-27 07:00:00,3913.97567109221
2025-08-27 08:00:00,4095.67123215797
2025-08-27 09:00:00,4259.142728284009
2025-08-27 10:00:00,4263.99711605199
2025-08-27 11:00:00,4313.966021809626
2025-08-27 12:00:00,4359.6041034940245
2025-08-27 13:00:00,4371.850515860063
2025-08-27 14:00:00,4286.332234834077
2025-08-27 15:00:00,4293.40065052852
2025-08-27 16:00:00,4289.206358666209
2025-08-27 17:00:00,4311.5975483915445
2025-08-27 18:00:00,4384.256492734182
2025-08-27 19:00:00,4423.473930585053
2025-08-27 20:00:00,4404.349831144329
2025-08-27 21:00:00,4188.371706250936
2025-08-27 22:00:00,3960.4363104993563
2025-08-27 23:00:00,3795.068338360576
2025-08-28 00:00:00,3687.4942358889048
2025-08-28 01:00:00,3661.724031603286
2025-08-28 02:00:00,3559.7961144934648
2025-08-28 03:00:00,3553.1049849871433
2025-08-28 04:00:00,3581.145666266286
2025-08-28 05:00:00,3647.9953093206086
2025-08-28 06:00:00,3827.048549724122
2025-08-28 07:00:00,3922.879211259694
2025-08-28 08:00:00,4049.699657663384
2025-08-28 09:00:00,4209.801090718485
2025-08-28 10:00:00,4271.651543193839
2025-08-28 11:00:00,4335.501868538446
2025-08-28 12:00:00,4369.0335047665
2025-08-28 13:00:00,4376.33404753941
2025-08-28 14:00:00,4355.371812055474
2025-08-28 15:00:00,4250.075599489275
2025-08-28 16:00:00,4329.155983197202
2025-08-28 17:00:00,4266.103048475751
2025-08-28 18:00:00,4376.7656286067395
2025-08-28 19:00:00,4378.499312490431
2025-08-28 20:00:00,4387.14599571589
2025-08-28 21:00:00,4182.313236542587
2025-08-28 22:00:00,3960.1572559249253
2025-08-28 23:00:00,3829.130912913279
2025-08-29 00:00:00,3672.349711613238
2025-08-29 01:00:00,3628.805873100451
2025-08-29 02:00:00,3542.8683515833764
2025-08-29 03:00:00,3500.882010229494
2025-08-29 04:00:00,3560.6662620440256
2025-08-29 05:00:00,3652.934048073551
2025-08-29 06:00:00,3827.0770658846864
2025-08-29 07:00:00,3950.934659240543
2025-08-29 08:00:00,4100.464820630926
2025-08-29 09:00:00,4132.794297077426
2025-08-29 10:00:00,4343.075481834439
2025-08-29 11:00:00,4318.058497606587
2025-08-29 12:00:00,4390.91729837436
2025-08-29 13:00:00,4378.165930263398
2025-08-29 14:00:00,4365.42050220736
2025-08-29 15:00:00,4249.62415696522
2025-08-29 16:00:00,4298.971156639773
2025-08-29 17:00:00,4304.28019207052
2025-08-29 18:00:00,4391.873028924209
2025-08-29 19:00:00,4449.929176572641
2025-08-29 20:00:00,4333.870181312098
2025-08-29 21:00:00,4178.202309338907
2025-08-29 22:00:00,3999.41498984218
2025-08-29 23:00:00,3876.515382942558
2025-08-30 00:00:00,3634.655140745359
2025-08-30 01:00:00,3599.5142054285748
2025-08-30 02:00:00,3535.768761218202
2025-08-30 03:00:00,3561.41753624835
2025-08-30 04:00:00,3472.347461275735
2025-08-30 05:00:00,3625.294936253932
2025-08-30 06:00:00,3674.456721626287
2025-08-30 07:00:00,3746.5066777338448
2025-08-30 08:00:00,3930.445334860469
2025-08-30 09:00:00,4020.982880385716
2025-08-30 10:00:00,4096.586606173646
2025-08-30 11:00:00,4145.99306512181
2025-08-30 12:00:00,4292.040118106152
2025-08-30 13:00:00,4217.30639523086
2025-08-30 14:00:00,4231.72819881253
2025-08-30 15:00:00,4134.097992713336
2025-08-30 16:00:00,4154.084795868404
2025-08-30 17:00:00,4168.762605321118
2025-08-30 18:00:00,4195.954629087832
2025-08-30 19:00:00,4304.39047753284
2025-08-30 20:00:00,4231.827988396929
2025-08-30 21:00:00,4062.157395640132
2025-08-30 22:00:00,3811.8550914128086
2025-08-30 23:00:00,3699.0478243336793
2025-08-31 00:00:00,3696.9258704970675
2025-08-31 01:00:00,3561.9314847829814
2025-08-31 02:00:00,3558.150648898417
2025-08-31 03:00:00,3525.735131219888
2025-08-31 04:00:00,3499.314921522724
2025-08-31 05:00:00,3566.459810554538
2025-08-31 06:00:00,3618.316620173913
2025-08-31 07:00:00,3807.503056078801
2025-08-31 08:00:00,3854.0402951247916
2025-08-31 09:00:00,3975.4942517279446
2025-08-31 10:00:00,4015.4054305722398
2025-08-31 11:00:00,4089.512777354354
2025-08-31 12:00:00,4139.134713985967
2025-08-31 13:00:00,4186.755381359505
2025-08-31 14:00:00,4129.933148916448
2025-08-31 15:00:00,4153.008872005977
2025-08-31 16:00:00,4083.454313349286
2025-08-31 17:00:00,4081.2847437118476
2025-08-31 18:00:00,4166.547732091258
2025-08-31 19:00:00,4204.660873840844
2025-08-31 20:00:00,4159.754295137974
2025-08-31 21:00:00,4068.81476285989
2025-08-31 22:00:00,3851.677480066817
2025-08-31 23:00:00,3689.465534391107
2025-09-01 00:00:00,3549.1191573446145
2025-09-01 01:00:00,3563.2689873398904
2025-09-01 02:00:00,3504.5003840517907
2025-09-01 03:00:00,3447.0288606819577
2025-09-01 04:00:00,3405.949858600356
2025-09-01 05:00:00,3580.936818774369
2025-09-01 06:00:00,3640.638167974294
2025-09-01 07:00:00,3795.6476960277737
2025-09-01 08:00:00,3959.7473650512784
2025-09-01 09:00:00,4000.792288898687
2025-09-01 10:00:00,4079.081684173049
2025-09-01 11:00:00,4101.266564098055
2025-09-01 12:00:00,4238.604658499449
2025-09-01 13:00:00,4238.721633968433
2025-09-01 14:00:00,4306.191655163363
2025-09-01 15:00:00,4119.399678215241
2025-09-01 16:00:00,4112.846839862048
2025-09-01 17:00:00,4156.397712255163
2025-09-01 18:00:00,4260.343912465533
2025-09-01 19:00:00,4273.40501025446
2025-09-01 20:00:00,4267.799764172848
2025-09-01 21:00:00,4048.4498092919716
2025-09-01 22:00:00,3829.706958934296
2025-09-01 23:00:00,3652.4430588304863
2025-09-02 00:00:00,3515.79241646907
2025-09-02 01:00:00,3524.12363096358
2025-09-02 02:00:00,3489.6916721647003
2025-09-02 03:00:00,3439.9735909956935
2025-09-02 04:00:00,3500.2112200381744
2025-09-02 05:00:00,3600.7152911320236
2025-09-02 06:00:00,3696.2849168901475
2025-09-02 07:00:00,3789.7041516537183
2025-09-02 08:00:00,3962.579877648144
2025-09-02 09:00:00,4052.7846758675787
2025-09-02 10:00:00,4141.681647934081
2025-09-02 11:00:00,4185.001409564988
2025-09-02 12:00:00,4226.290933258664
2025-09-02 13:00:00,4276.050893369843
2025-09-02 14:00:00,4216.167695979565
2025-09-02 15:00:00,4189.992350097315
2025-09-02 16:00:00,4186.0162415374
2025-09-02 17:00:00,4176.362813226041
2025-09-02 18:00:00,4324.57330189642
2025-09-02 19:00:00,4280.689610069111
2025-09-02 20:00:00,4209.767456702666
2025-09-02 21:00:00,4106.077622907723
2025-09-02 22:00:00,3858.1219721187467
2025-09-02 23:00:00,3722.8826254248042
2025-09-03 00:00:00,3514.9979483809966
2025-09-03 01:00:00,3576.9347572942697
2025-09-03 02:00:00,3515.674065615017
2025-09-03 03:00:00,3414.7178194793355
2025-09-03 04:00:00,3418.0500550983375
2025-09-03 05:00:00,3600.626796929678
2025-09-03 06:00:00,3668.4826242995864
2025-09-03 07:00:00,3801.33477384772
2025-09-03 08:00:00,3890.9724845408655
2025-09-03 09:00:00,4044.349762636486
2025-09-03 10:00:00,4135.832197680554
2025-09-03 11:00:00,4212.898171831967
2025-09-03 12:00:00,4182.226039122004
2025-09-03 13:00:00,4218.259342301673
2025-09-03 14:00:00,4233.170259240008
2025-09-03 15:00:00,4194.506868494395
2025-09-03 16:00:00,4099.773058321915
2025-09-03 17:00:00,4220.144039089806
2025-09-03 18:00:00,4258.803347130501
2025-09-03 19:00:00,4327.3936326218045
2025-09-03 20:00:00,4239.072650048245
2025-09-03 21:00:00,3988.85780490892
2025-09-03 22:00:00,3858.121690099342
2025-09-03 23:00:00,3731.5546292398917
2025-09-04 00:00:00,3551.315746421649
2025-09-04 01:00:00,3525.2684069632323
2025-09-04 02:00:00,3490.6719006624544
2025-09-04 03:00:00,3374.809527493238
2025-09-04 04:00:00,3501.1463446377743
2025-09-04 05:00:00,3528.999911956986
2025-09-04 06:00:00,3714.1213662241016
2025-09-04 07:00:00,3834.1633935525883
2025-09-04 08:00:00,4011.47622483806
2025-09-04 09:00:00,4076.2208419623166
2025-09-04 10:00:00,4142.2062956121035
2025-09-04 11:00:00,4163.174840143379
2025-09-04 12:00:00,4260.024362021125
2025-09-04 13:00:00,4208.792141428554
2025-09-04 14:00:00,4244.876698918955
2025-09-04 15:00:00,4128.609753761041
2025-09-04 16:00:00,4196.179681109604
2025-09-04 17:00:00,4189.482929088781
2025-09-04 18:00:00,4276.210712253018
2025-09-04 19:00:00,4289.470929008479
2025-09-04 20:00:00,4180.476359258693
2025-09-04 21:00:00,4041.5036823271857
2025-09-04 22:00:00,3882.963207192271
2025-09-04 23:00:00,3703.761296362512
2025-09-05 00:00:00,3609.351811323452
2025-09-05 01:00:00,3546.343041747305
2025-09-05 02:00:00,3467.283529836571
2025-09-05 03:00:00,3431.6808991473476
2025-09-05 04:00:00,3476.567035760243
2025-09-05 05:00:00,3509.744788719324
2025-09-05 06:00:00,3763.5993610154014
2025-09-05 07:00:00,3864.130977999316
2025-09-05 08:00:00,4022.4164511083322
2025-09-05 09:00:00,4021.173625267273
2025-09-05 10:00:00,4202.089138709914
2025-09-05 11:00:00,4279.7951511253295
2025-09-05 12:00:00,4201.491884372141
2025-09-05 13:00:00,4314.456464688874
2025-09-05 14:00:00,4235.625461585747
2025-09-05 15:00:00,4125.219948017774
2025-09-05 16:00:00,4181.760243915295
2025-09-05 17:00:00,4226.285805798829
2025-09-05 18:00:00,4252.452400492309
2025-09-05 19:00:00,4346.5758212553865
2025-09-05 20:00:00,4202.682808857498
2025-09-05 21:00:00,4041.8595461901946
2025-09-05 22:00:00,3885.8481487997783
2025-09-05 23:00:00,3701.9136540981312
2025-09-06 00:00:00,3513.3557395441553
2025-09-06 01:00:00,3515.619530912488
2025-09-06 02:00:00,3467.042804201986
2025-09-06 03:00:00,3436.5599941554597
2025-09-06 04:00:00,3426.12657292896
2025-09-06 05:00:00,3548.442915280697
2025-09-06 06:00:00,3618.469644213305
2025-09-06 07:00:00,3785.3742477902542
2025-09-06 08:00:00,3788.879301885583
2025-09-06 09:00:00,3967.638132458068
2025-09-06 10:00:00,3989.9525499101333
2025-09-06 11:00:00,3986.8181847849423
2025-09-06 12:00:00,4116.505965320623
2025-09-06 13:00:00,4109.583515863069
2025-09-06 14:00:00,4126.115336166998
2025-09-06 15:00:00,4087.6916370998115
2025-09-06 16:00:00,4051.0199253408236
2025-09-06 17:00:00,4052.3807174492003
2025-09-06 18:00:00,4137.535323735677
2025-09-06 19:00:00,4139.184955320773
2025-09-06 20:00:00,4112.496478442797
2025-09-06 21:00:00,3891.2525956575855
2025-09-06 22:00:00,3804.4639453296354
2025-09-06 23:00:00,3603.5706003326736
2025-09-07 00:00:00,3581.8484776728405
2025-09-07 01:00:00,3509.0699977996537
2025-09-07 02:00:00,3457.686458174972
2025-09-07 03:00:00,3423.7319252856896
2025-09-07 04:00:00,3394.725371947174
2025-09-07 05:00:00,3568.8411213341938
2025-09-07 06:00:00,3676.247078512602
2025-09-07 07:00:00,3722.7366310003717
2025-09-07 08:00:00,3849.37151036372
2025-09-07 09:00:00,3871.2768403015402
2025-09-07 10:00:00,3951.0484814420306
2025-09-07 11:00:00,4021.50571486831
2025-09-07 12:00:00,4074.9687949952086
2025-09-07 13:00:00,4085.3393801099555
2025-09-07 14:00:00,4110.236470660045
2025-09-07 15:00:00,4053.2426194156565
2025-09-07 16:00:00,4003.9352842196845
2025-09-07 17:00:00,4086.2054924238837
2025-09-07 18:00:00,4129.822477683129
2025-09-07 19:00:00,4140.794508286985
2025-09-07 20:00:00,4126.197005786354
2025-09-07 21:00:00,3920.1972454864585
2025-09-07 22:00:00,3805.1657819960187
2025-09-07 23:00:00,3589.66018491823
2025-09-08 00:00:00,3545.3162513533307
2025-09-08 01:00:00,3513.0771257251668
2025-09-08 02:00:00,3464.0094156165846
2025-09-08 03:00:00,3435.292479789665
2025-09-08 04:00:00,3457.5942469549063
2025-09-08 05:00:00,3586.537333144301
2025-09-08 06:00:00,3689.903481755953
2025-09-08 07:00:00,3782.4289975842103
2025-09-08 08:00:00,3998.5386111610082
2025-09-08 09:00:00,4024.972726795811
2025-09-08 10:00:00,4136.918879099359
2025-09-08 11:00:00,4196.00762413628
2025-09-08 12:00:00,4228.3818962127825
2025-09-08 13:00:00,4299.5018439277355
2025-09-08 14:00:00,4228.675677149238
2025-09-08 15:00:00,4132.721982283098
2025-09-08 16:00:00,4224.747695397582
2025-09-08 17:00:00,4191.717902926635
2025-09-08 18:00:00,4252.969413840475
2025-09-08 19:00:00,4324.351656797805
2025-09-08 20:00:00,4252.106159931345
2025-09-08 21:00:00,4087.7527950492927
2025-09-08 22:00:00,3943.460901624323
2025-09-08 23:00:00,3690.269782349185
2025-09-09 00:00:00,3561.7186277247956
2025-09-09 01:00:00,3532.8044961734486
2025-09-09 02:00:00,3518.8513309068994
2025-09-09 03:00:00,3406.8137998677703
2025-09-09 04:00:00,3407.7273684994007
2025-09-09 05:00:00,3546.6591019141006
2025-09-09 06:00:00,3656.8253169230657
2025-09-09 07:00:00,3828.538488049768
2025-09-09 08:00:00,3990.061147420816
2025-09-09 09:00:00,4035.074892242087
2025-09-09 10:00:00,4103.649157040303
2025-09-09 11:00:00,4198.14728436205
2025-09-09 12:00:00,4266.601921801136
2025-09-09 13:00:00,4214.289236460135
2025-09-09 14:00:00,4251.005933096732
2025-09-09 15:00:00,4198.508402248024
2025-09-09 16:00:00,4194.815187454886
2025-09-09 17:00:00,4236.883920744544
2025-09-09 18:00:00,4345.035523732035
2025-09-09 19:00:00,4289.24856562449
2025-09-09 20:00:00,4257.513773710616
2025-09-09 21:00:00,4070.8906938289792
2025-09-09 22:00:00,3873.397256330637
2025-09-09 23:00:00,3750.5150071278576
2025-09-10 00:00:00,3538.0274677969687
2025-09-10 01:00:00,3503.804130405536
2025-09-10 02:00:00,3525.978123809759
2025-09-10 03:00:00,3475.129759898466
2025-09-10 04:00:00,3445.9236688598758
2025-09-10 05:00:00,3582.061177775686
2025-09-10 06:00:00,3709.501177447868
2025-09-10 07:00:00,3881.5739857650624
2025-09-10 08:00:00,3970.196073916643
2025-09-10 09:00:00,4090.940857845175
2025-09-10 10:00:00,4232.1108607398955
2025-09-10 11:00:00,4207.632297683346
2025-09-10 12:00:00,4227.41532662917
2025-09-10 13:00:00,4286.797795603284
2025-09-10 14:00:00,4198.551531487672
2025-09-10 15:00:00,4235.871143320345
2025-09-10 16:00:00,4152.610547697108
2025-09-10 17:00:00,4171.94536710606
2025-09-10 18:00:00,4227.014983259032
2025-09-10 19:00:00,4326.363716077144
2025-09-10 20:00:00,4271.397578211736
2025-09-10 21:00:00,4056.932509830403
2025-09-10 22:00:00,3884.230221014751
2025-09-10 23:00:00,3653.8032566894544
2025-09-11 00:00:00,3576.070375037188
2025-09-11 01:00:00,3539.456474004014
2025-09-11 02:00:00,3533.762076863845
2025-09-11 03:00:00,3424.361961229211
2025-09-11 04:00:00,3418.556746755439
2025-09-11 05:00:00,3525.9294648935747
2025-09-11 06:00:00,3650.428679759984
2025-09-11 07:00:00,3871.178117779357
2025-09-11 08:00:00,4018.518761262959
2025-09-11 09:00:00,4071.9756183288955
2025-09-11 10:00:00,4189.046292665926
2025-09-11 11:00:00,4195.308959466917
2025-09-11 12:00:00,4227.438072935506
2025-09-11 13:00:00,4259.086273320835
2025-09-11 14:00:00,4205.303816639234
2025-09-11 15:00:00,4109.812172357574
2025-09-11 16:00:00,4160.2899858622095
2025-09-11 17:00:00,4182.171311196987
2025-09-11 18:00:00,4283.352337526952
2025-09-11 19:00:00,4297.00949874556
2025-09-11 20:00:00,4243.157604987343
2025-09-11 21:00:00,4047.948342349948
2025-09-11 22:00:00,3868.61098315184
2025-09-11 23:00:00,3721.746670578509
2025-09-12 00:00:00,3537.384536796417
2025-09-12 01:00:00,3527.70667080707
2025-09-12 02:00:00,3491.2164611344388
2025-09-12 03:00:00,3424.4144807066837
2025-09-12 04:00:00,3434.858197169875
2025-09-12 05:00:00,3549.402128474711
2025-09-12 06:00:00,3645.53370773602
2025-09-12 07:00:00,3827.2788660179986
2025-09-12 08:00:00,3923.8497733815375
2025-09-12 09:00:00,4080.012917419733
2025-09-12 10:00:00,4211.989491041176
2025-09-12 11:00:00,4149.689494659314
2025-09-12 12:00:00,4236.207397422865
2025-09-12 13:00:00,4228.96135205529
2025-09-12 14:00:00,4235.804451773235
2025-09-12 15:00:00,4103.75917636716
2025-09-12 16:00:00,4154.266634981549
2025-09-12 17:00:00,4140.29165369694
2025-09-12 18:00:00,4220.564422000387
2025-09-12 19:00:00,4219.506891520317
2025-09-12 20:00:00,4242.651657019552
2025-09-12 21:00:00,4024.8681516155293
2025-09-12 22:00:00,3866.397568088731
2025-09-12 23:00:00,3677.1693357826102
2025-09-13 00:00:00,3520.551838186076
2025-09-13 01:00:00,3487.3930321108655
2025-09-13 02:00:00,3421.7901188139945
2025-09-13 03:00:00,3407.995030012027
2025-09-13 04:00:00,3443.9221071051797
2025-09-13 05:00:00,3465.0546799014633
2025-09-13 06:00:00,3607.7688876171906
2025-09-13 07:00:00,3706.68352694358
2025-09-13 08:00:00,3724.9171758815623
2025-09-13 09:00:00,3791.5812941417175
2025-09-13 10:00:00,3927.3231461906744
2025-09-13 11:00:00,3938.204524443828
2025-09-13 12:00:00,4052.0168552268924
2025-09-13 13:00:00,4033.395106286975
2025-09-13 14:00:00,3996.83298556258
2025-09-13 15:00:00,3939.179223711383
2025-09-13 16:00:00,4003.9234974305796
2025-09-13 17:00:00,3991.49455449995
2025-09-13 18:00:00,4051.7406721012453
2025-09-13 19:00:00,4122.10387595276
2025-09-13 20:00:00,4034.629294352747
2025-09-13 21:00:00,3927.3673259601073
2025-09-13 22:00:00,3766.2987923227165
2025-09-13 23:00:00,3624.49115585672
2025-09-14 00:00:00,3538.946607814127
2025-09-14 01:00:00,3475.6830037788854
2025-09-14 02:00:00,3443.080251776981
2025-09-14 03:00:00,3390.726849553856
2025-09-14 04:00:00,3360.64073458597
2025-09-14 05:00:00,3488.989511150292
2025-09-14 06:00:00,3619.6117651885033
2025-09-14 07:00:00,3631.746927283001
2025-09-14 08:00:00,3723.906988325134
2025-09-14 09:00:00,3807.9158724632825
2025-09-14 10:00:00,3941.2617979293755
2025-09-14 11:00:00,3975.1474631727297
2025-09-14 12:00:00,3995.9025030891917
2025-09-14 13:00:00,4006.5494463545515
2025-09-14 14:00:00,4031.152464500596
2025-09-14 15:00:00,3929.7396888463372
2025-09-14 16:00:00,3976.173430318481
2025-09-14 17:00:00,4036.0804089922135
2025-09-14 18:00:00,4008.0960716554578
2025-09-14 19:00:00,4038.974279099554
2025-09-14 20:00:00,4099.7774865408655
2025-09-14 21:00:00,3907.94265195767
2025-09-14 22:00:00,3799.434370124404
2025-09-14 23:00:00,3598.833633503484
2025-09-15 00:00:00,3556.659683525471
2025-09-15 01:00:00,3533.1533108172903
2025-09-15 02:00:00,3455.722863328803
2025-09-15 03:00:00,3443.512925641937
2025-09-15 04:00:00,3429.368563485154
2025-09-15 05:00:00,3483.611189480842
2025-09-15 06:00:00,3652.0452978650364
2025-09-15 07:00:00,3755.6909878535116
2025-09-15 08:00:00,3880.9216362159887
2025-09-15 09:00:00,3931.4959428259776
2025-09-15 10:00:00,4103.342093641135
2025-09-15 11:00:00,4119.331554688524
2025-09-15 12:00:00,4159.679145128628
2025-09-15 13:00:00,4158.123611636026
2025-09-15 14:00:00,4070.737770902092
2025-09-15 15:00:00,4151.229458218104
2025-09-15 16:00:00,4085.373248568939
2025-09-15 17:00:00,4103.112688032878
2025-09-15 18:00:00,4222.811938498954
2025-09-15 19:00:00,4288.922233720435
2025-09-15 20:00:00,4208.002018258435
2025-09-15 21:00:00,4088.296201310814
2025-09-15 22:00:00,3877.8661903837474
2025-09-15 23:00:00,3650.9691214611116
2025-09-16 00:00:00,3540.5559910802835
2025-09-16 01:00:00,3546.2513430634276
2025-09-16 02:00:00,3403.3468981821657
2025-09-16 03:00:00,3434.278145073128
2025-09-16 04:00:00,3399.031202989159
2025-09-16 05:00:00,3505.8754582674505
2025-09-16 06:00:00,3631.944241716012
2025-09-16 07:00:00,3751.2206152604367
2025-09-16 08:00:00,3866.200237187043
2025-09-16 09:00:00,3929.4656291826973
2025-09-16 10:00:00,4120.156930329225
2025-09-16 11:00:00,4150.79995593525
2025-09-16 12:00:00,4090.9791627387026
2025-09-16 13:00:00,4222.629481767091
2025-09-16 14:00:00,4112.881316517315
2025-09-16 15:00:00,4089.8379324007255
2025-09-16 16:00:00,4083.5473451601556
2025-09-16 17:00:00,4104.289750581697
2025-09-16 18:00:00,4240.082665270022
2025-09-16 19:00:00,4251.699547926659
2025-09-16 20:00:00,4190.931662337337
2025-09-16 21:00:00,4002.9455875328695
2025-09-16 22:00:00,3815.433610600733
2025-09-16 23:00:00,3632.7624060288003
2025-09-17 00:00:00,3558.546032071097
2025-09-17 01:00:00,3484.087315265246
2025-09-17 02:00:00,3469.942411224589
2025-09-17 03:00:00,3474.567053555262
2025-09-17 04:00:00,3469.870816324712
2025-09-17 05:00:00,3516.85567253754
2025-09-17 06:00:00,3636.5309631561668
2025-09-17 07:00:00,3818.447362624607
2025-09-17 08:00:00,3904.857979770351
2025-09-17 09:00:00,3964.0036478730976
2025-09-17 10:00:00,4010.869887923675
2025-09-17 11:00:00,4112.27659935222
2025-09-17 12:00:00,4166.583820418661
2025-09-17 13:00:00,4158.58114960254
2025-09-17 14:00:00,4142.150817309697
2025-09-17 15:00:00,4071.9627758717256
2025-09-17 16:00:00,4077.828507611871
2025-09-17 17:00:00,4042.1913496393895
2025-09-17 18:00:00,4197.682206896446
2025-09-17 19:00:00,4278.501514584572
2025-09-17 20:00:00,4183.902082127602
2025-09-17 21:00:00,4045.1059947725794
2025-09-17 22:00:00,3818.006281414683
2025-09-17 23:00:00,3690.1102509633843
2025-09-18 00:00:00,3550.475293825634
2025-09-18 01:00:00,3489.79909169636
2025-09-18 02:00:00,3512.856905541346
2025-09-18 03:00:00,3460.917019720774
2025-09-18 04:00:00,3418.762380230542
2025-09-18 05:00:00,3530.2223933744913
2025-09-18 06:00:00,3653.1072395940478
2025-09-18 07:00:00,3779.542685562223
2025-09-18 08:00:00,3835.032101698754
2025-09-18 09:00:00,4005.471589947978
2025-09-18 10:00:00,4039.304611329049
2025-09-18 11:00:00,4086.6442752312823
2025-09-18 12:00:00,4225.457053020938
2025-09-18 13:00:00,4189.625868125443
2025-09-18 14:00:00,4118.765096198518
2025-09-18 15:00:00,4010.0312476449785
2025-09-18 16:00:00,4127.432864232181
2025-09-18 17:00:00,4078.0998765968816
2025-09-18 18:00:00,4169.555132004647
2025-09-18 19:00:00,4232.464152060359
2025-09-18 20:00:00,4250.925944191955
2025-09-18 21:00:00,4066.6330831602418
2025-09-18 22:00:00,3834.7020781137185
2025-09-18 23:00:00,3686.9559057271276
2025-09-19 00:00:00,3537.9832645540996
2025-09-19 01:00:00,3518.5868045272946
2025-09-19 02:00:00,3476.3000586517264
2025-09-19 03:00:00,3460.4763254951245
2025-09-19 04:00:00,3460.432598040888
2025-09-19 05:00:00,3528.549423351127
2025-09-19 06:00:00,3628.9410685907274
2025-09-19 07:00:00,3798.9995905345077
2025-09-19 08:00:00,3906.3953799136048
2025-09-19 09:00:00,3964.0234344231053
2025-09-19 10:00:00,4071.100338812234
2025-09-19 11:00:00,4127.909698987226
2025-09-19 12:00:00,4192.147762627456
2025-09-19 13:00:00,4193.981357180221
2025-09-19 14:00:00,4101.178537025204
2025-09-19 15:00:00,4091.886785325791
2025-09-19 16:00:00,4085.5746107052005
2025-09-19 17:00:00,4126.762159486133
2025-09-19 18:00:00,4232.351016910997
2025-09-19 19:00:00,4276.407985302718
2025-09-19 20:00:00,4181.460493764701
2025-09-19 21:00:00,4019.926257199947
2025-09-19 22:00:00,3805.9102700156277
2025-09-19 23:00:00,3696.8058808478986
2025-09-20 00:00:00,3553.804288932354
2025-09-20 01:00:00,3463.9518673129996
2025-09-20 02:00:00,3425.6957205879867
2025-09-20 03:00:00,3431.7467345197197
2025-09-20 04:00:00,3405.6633656594186
2025-09-20 05:00:00,3486.915600303179
2025-09-20 06:00:00,3539.3207217140093
2025-09-20 07:00:00,3689.0377666258155
2025-09-20 08:00:00,3735.3091467231066
2025-09-20 09:00:00,3821.493077127633
2025-09-20 10:00:00,3934.5646315449385
2025-09-20 11:00:00,3968.7063150746358
2025-09-20 12:00:00,4024.518228121277
2025-09-20 13:00:00,4015.5802330641673
2025-09-20 14:00:00,4071.819067894885
2025-09-20 15:00:00,4024.114523891755
2025-09-20 16:00:00,3919.772478918068
2025-09-20 17:00:00,4048.280361937182
2025-09-20 18:00:00,4023.0791501091626
2025-09-20 19:00:00,4117.868401227627
2025-09-20 20:00:00,4036.6255414642364
2025-09-20 21:00:00,3917.790290184655
2025-09-20 22:00:00,3749.8065477099844
2025-09-20 23:00:00,3628.6958935159823
2025-09-21 00:00:00,3476.6743205935163
2025-09-21 01:00:00,3488.0139289732183
2025-09-21 02:00:00,3461.000038982313
2025-09-21 03:00:00,3409.8401954573765
2025-09-21 04:00:00,3453.4641714388495
2025-09-21 05:00:00,3456.4463991639677
2025-09-21 06:00:00,3579.0605200674136
2025-09-21 07:00:00,3636.7588270888523
2025-09-21 08:00:00,3763.4468882940546
2025-09-21 09:00:00,3813.5253895984006
2025-09-21 10:00:00,3885.90808533364
2025-09-21 11:00:00,3979.76066881205
2025-09-21 12:00:00,3961.9878204543347
2025-09-21 13:00:00,3972.014635874222
2025-09-21 14:00:00,3992.05309801873
2025-09-21 15:00:00,3981.4278323437284
2025-09-21 16:00:00,3999.5285907332254
2025-09-21 17:00:00,3999.393623487814
2025-09-21 18:00:00,4078.7673028480885
2025-09-21 19:00:00,4032.2717356200196
2025-09-21 20:00:00,4021.890401576558
2025-09-21 21:00:00,3906.0786735106235
2025-09-21 22:00:00,3750.2288426760083
2025-09-21 23:00:00,3594.637544444919
2025-09-22 00:00:00,3569.8608055870895
2025-09-22 01:00:00,3497.4042128068777
2025-09-22 02:00:00,3473.409338632547
2025-09-22 03:00:00,3427.968907232836
2025-09-22 04:00:00,3403.8062494249757
2025-09-22 05:00:00,3506.702347417362
2025-09-22 06:00:00,3626.7519040121247
2025-09-22 07:00:00,3747.000667953282
2025-09-22 08:00:00,3877.8444977324784
2025-09-22 09:00:00,3967.144210422004
2025-09-22 10:00:00,4035.686207582844
2025-09-22 11:00:00,4134.303279292702
2025-09-22 12:00:00,4094.4852117531314
2025-09-22 13:00:00,4148.776437662142
2025-09-22 14:00:00,4213.296129998038
2025-09-22 15:00:00,4040.868477569085
2025-09-22 16:00:00,4030.5753397038766
2025-09-22 17:00:00,4139.227408986137
2025-09-22 18:00:00,4126.015008359675
2025-09-22 19:00:00,4228.105868683483
2025-09-22 20:00:00,4267.761878562225
2025-09-22 21:00:00,3984.4982999257586
2025-09-22 22:00:00,3771.8735896067747
2025-09-22 23:00:00,3627.2372758176143
2025-09-23 00:00:00,3574.1061822459615
2025-09-23 01:00:00,3539.846013362681
2025-09-23 02:00:00,3453.731678199114
2025-09-23 03:00:00,3446.362098237404
2025-09-23 04:00:00,3465.749937605977
2025-09-23 05:00:00,3558.4418416562735
2025-09-23 06:00:00,3622.1007716093477
2025-09-23 07:00:00,3689.2782179683404
2025-09-23 08:00:00,3861.163878554459
2025-09-23 09:00:00,3958.8392624214753
2025-09-23 10:00:00,4048.2947221093573
2025-09-23 11:00:00,4092.7342013097036
2025-09-23 12:00:00,4174.870563406475
2025-09-23 13:00:00,4219.32139641487
2025-09-23 14:00:00,4120.648312637576
2025-09-23 15:00:00,4114.371816653221
2025-09-23 16:00:00,4084.481773799561
2025-09-23 17:00:00,4115.275842894713
2025-09-23 18:00:00,4224.21826637147
2025-09-23 19:00:00,4236.575750704836
2025-09-23 20:00:00,4262.843766005826
2025-09-23 21:00:00,3986.100014356383
2025-09-23 22:00:00,3815.0895805435403
2025-09-23 23:00:00,3665.863740190708
2025-09-24 00:00:00,3559.424635532069
2025-09-24 01:00:00,3542.2189138130752
2025-09-24 02:00:00,3465.6656833025604
2025-09-24 03:00:00,3387.055088603409
2025-09-24 04:00:00,3449.1278313788575
2025-09-24 05:00:00,3527.827579766044
2025-09-24 06:00:00,3571.2137087792034
2025-09-24 07:00:00,3764.8651724536057
2025-09-24 08:00:00,3847.6874136047345
2025-09-24 09:00:00,3962.0185944986665
2025-09-24 10:00:00,4037.533111668749
2025-09-24 11:00:00,4134.168213296954
2025-09-24 12:00:00,4149.65241960606
2025-09-24 13:00:00,4142.544495787195
2025-09-24 14:00:00,4164.201576269342
2025-09-24 15:00:00,4040.3383579680676
2025-09-24 16:00:00,4093.1165612943064
2025-09-24 17:00:00,4087.7379716260857
2025-09-24 18:00:00,4179.592847989927
2025-09-24 19:00:00,4249.23532250751
2025-09-24 20:00:00,4209.342498093707
2025-09-24 21:00:00,4073.74117782312
2025-09-24 22:00:00,3826.579362655256
2025-09-24 23:00:00,3676.8659858493893
2025-09-25 00:00:00,3532.879066165687
2025-09-25 01:00:00,3510.1098981383034
2025-09-25 02:00:00,3476.901023148094
2025-09-25 03:00:00,3421.738777603302
2025-09-25 04:00:00,3375.0174533989784
2025-09-25 05:00:00,3514.3013540042193
2025-09-25 06:00:00,3639.353171475675
2025-09-25 07:00:00,3744.9758063106456
2025-09-25 08:00:00,3858.4767441194467
2025-09-25 09:00:00,4031.536861985547
2025-09-25 10:00:00,4081.792979179347
2025-09-25 11:00:00,4095.6911074641475
2025-09-25 12:00:00,4102.07133193028
2025-09-25 13:00:00,4152.0049336118145
2025-09-25 14:00:00,4173.731625176341
2025-09-25 15:00:00,4082.47392178244
2025-09-25 16:00:00,4051.1081426224164
2025-09-25 17:00:00,4126.074227654491
2025-09-25 18:00:00,4162.59536389319
2025-09-25 19:00:00,4280.971429618841
2025-09-25 20:00:00,4235.238015074902
2025-09-25 21:00:00,4013.7058955343355
2025-09-25 22:00:00,3808.057466939315
2025-09-25 23:00:00,3589.368742787644
2025-09-26 00:00:00,3501.6203388184704
2025-09-26 01:00:00,3465.8121187271745
2025-09-26 02:00:00,3466.8301818115106
2025-09-26 03:00:00,3413.883244820089
2025-09-26 04:00:00,3385.9776588653576
2025-09-26 05:00:00,3495.4730689618077
2025-09-26 06:00:00,3643.1764346076675
2025-09-26 07:00:00,3783.3423504286757
2025-09-26 08:00:00,3841.2827366822385
2025-09-26 09:00:00,3984.8329441221426
2025-09-26 10:00:00,4028.473231525694
2025-09-26 11:00:00,4143.969465908389
2025-09-26 12:00:00,4178.610520272517
2025-09-26 13:00:00,4159.02894420057
2025-09-26 14:00:00,4107.517801811711
2025-09-26 15:00:00,4069.1218290133197
2025-09-26 16:00:00,4004.994976117094
2025-09-26 17:00:00,4123.361312811534
2025-09-26 18:00:00,4178.775273046246
2025-09-26 19:00:00,4261.0015391410425
2025-09-26 20:00:00,4151.116105934413
2025-09-26 21:00:00,4006.8978777437683
2025-09-26 22:00:00,3779.394919126069
2025-09-26 23:00:00,3634.9857201377913
2025-09-27 00:00:00,3468.5765499466906
2025-09-27 01:00:00,3489.0187347981687
2025-09-27 02:00:00,3402.0783440442283
2025-09-27 03:00:00,3384.298789528282
2025-09-27 04:00:00,3370.6414388444155
2025-09-27 05:00:00,3428.3410813329074
2025-09-27 06:00:00,3554.8542605604457
2025-09-27 07:00:00,3670.3718765532967
2025-09-27 08:00:00,3706.028271740081
2025-09-27 09:00:00,3852.856301051911
2025-09-27 10:00:00,3884.4850051759513
2025-09-27 11:00:00,3936.542595593866
2025-09-27 12:00:00,4008.710222724064
2025-09-27 13:00:00,4009.5077707087503
2025-09-27 14:00:00,4021.7501420690223
2025-09-27 15:00:00,3965.189060950768
2025-09-27 16:00:00,3976.941723317388
2025-09-27 17:00:00,3928.3315370378596
2025-09-27 18:00:00,3977.9120747809425
2025-09-27 19:00:00,4094.197618241489
2025-09-27 20:00:00,4059.137059226613
2025-09-27 21:00:00,3875.74324355565
2025-09-27 22:00:00,3735.8761883750217
2025-09-27 23:00:00,3590.632497100203
2025-09-28 00:00:00,3519.421951989483
2025-09-28 01:00:00,3403.6592061899696
2025-09-28 02:00:00,3395.312868667926
2025-09-28 03:00:00,3370.3305900777623
2025-09-28 04:00:00,3398.3308274776437
2025-09-28 05:00:00,3535.991835046475
2025-09-28 06:00:00,3559.2274976998524
2025-09-28 07:00:00,3620.043304677823
2025-09-28 08:00:00,3763.5705607500595
2025-09-28 09:00:00,3878.9097811941524
2025-09-28 10:00:00,3927.2659624889798
2025-09-28 11:00:00,3937.5415237884577
2025-09-28 12:00:00,4036.321591033934
2025-09-28 13:00:00,4059.1680625205927
2025-09-28 14:00:00,3983.259534892251
2025-09-28 15:00:00,3979.090661070115
2025-09-28 16:00:00,3993.8660923403972
2025-09-28 17:00:00,4032.4909189781692
2025-09-28 18:00:00,4024.080157623947
2025-09-28 19:00:00,4051.592403235455
2025-09-28 20:00:00,4062.500662700538
2025-09-28 21:00:00,3864.5326090939675
2025-09-28 22:00:00,3754.519093557778
2025-09-28 23:00:00,3541.2291009538467
2025-09-29 00:00:00,3568.6946688987696
2025-09-29 01:00:00,3491.1032435417833
2025-09-29 02:00:00,3493.209675333088
2025-09-29 03:00:00,3431.340606736643
2025-09-29 04:00:00,3384.4570020124916
2025-09-29 05:00:00,3538.195547467173
2025-09-29 06:00:00,3682.1874181284566
2025-09-29 07:00:00,3799.8778231572865
2025-09-29 08:00:00,3878.905295268732
2025-09-29 09:00:00,3979.7392269974544
2025-09-29 10:00:00,4079.686399671472
2025-09-29 11:00:00,4094.140296274477
2025-09-29 12:00:00,4211.054797116524
2025-09-29 13:00:00,4184.624826924511
2025-09-29 14:00:00,4034.4516575945513
2025-09-29 15:00:00,4086.1454746976383
2025-09-29 16:00:00,4055.63216723115
2025-09-29 17:00:00,4099.026072546995
2025-09-29 18:00:00,4169.573567434574
2025-09-29 19:00:00,4249.3760037034735
2025-09-29 20:00:00,4219.365249895938
2025-09-29 21:00:00,4030.1686851274158
2025-09-29 22:00:00,3809.640745950386
2025-09-29 23:00:00,3657.957513719812
2025-09-30 00:00:00,3537.3739992761666
2025-09-30 01:00:00,3474.1819101397623
2025-09-30 02:00:00,3472.445420938712
2025-09-30 03:00:00,3428.8189891075826
2025-09-30 04:00:00,3458.3462573125626
2025-09-30 05:00:00,3531.7442394874456
2025-09-30 06:00:00,3597.3599009626632
2025-09-30 07:00:00,3766.066117093736
2025-09-30 08:00:00,3845.077381775321
2025-09-30 09:00:00,3987.5919339878105
2025-09-30 10:00:00,4035.322868950434
2025-09-30 11:00:00,4061.5040142256557
2025-09-30 12:00:00,4142.370785590319
2025-09-30 13:00:00,4075.418101860413
2025-09-30 14:00:00,4050.9628825654772
2025-09-30 15:00:00,4053.540178080392
2025-09-30 16:00:00,4061.981375997898
2025-09-30 17:00:00,4087.38309196336
2025-09-30 18:00:00,4127.062714075164
2025-09-30 19:00:00,4192.456168474144
2025-09-30 20:00:00,4192.959172830761
2025-09-30 21:00:00,4037.818969809186
2025-09-30 22:00:00,3817.6618072605843
2025-09-30 23:00:00,3691.240791309278
2025-10-01 00:00:00,3443.041008900828
2025-10-01 01:00:00,3372.8384877404583
2025-10-01 02:00:00,3346.600001638564
2025-10-01 03:00:00,3277.919827546769
2025-10-01 04:00:00,3312.257289261449
2025-10-01 05:00:00,3423.316190239909
2025-10-01 06:00:00,3529.376283503335
2025-10-01 07:00:00,3667.8192708266074
2025-10-01 08:00:00,3735.069090065222
2025-10-01 09:00:00,3866.3949443020633
2025-10-01 10:00:00,3900.3466113705763
2025-10-01 11:00:00,3989.50868318859
2025-10-01 12:00:00,3977.454696953855
2025-10-01 13:00:00,4039.880211915176
2025-10-01 14:00:00,4025.0960418304594
2025-10-01 15:00:00,3933.053297191765
2025-10-01 16:00:00,3946.0309526879046
2025-10-01 17:00:00,4019.1686316580817
2025-10-01 18:00:00,4051.837389559095
2025-10-01 19:00:00,4051.8806466816272
2025-10-01 20:00:00,4125.692159322675
2025-10-01 21:00:00,3885.4901404259926
2025-10-01 22:00:00,3709.845685310706
2025-10-01 23:00:00,3581.9566657420733
2025-10-02 00:00:00,3413.745959910441
2025-10-02 01:00:00,3364.117695195049
2025-10-02 02:00:00,3359.285730997188
2025-10-02 03:00:00,3265.9673609922984
2025-10-02 04:00:00,3305.8663942409644
2025-10-02 05:00:00,3398.1111842736173
2025-10-02 06:00:00,3500.8330482927836
2025-10-02 07:00:00,3580.5923752154467
2025-10-02 08:00:00,3790.0310408512787
2025-10-02 09:00:00,3823.432866403116
2025-10-02 10:00:00,3942.8648990237107
2025-10-02 11:00:00,3929.0249633864873
2025-10-02 12:00:00,3948.205031305736
2025-10-02 13:00:00,4023.8266562458425
2025-10-02 14:00:00,3969.3337468150694
2025-10-02 15:00:00,3900.1187079842502
2025-10-02 16:00:00,3983.510372533664
2025-10-02 17:00:00,3956.403689113445
2025-10-02 18:00:00,3994.4765970326976
2025-10-02 19:00:00,4136.635848969082
2025-10-02 20:00:00,4037.806460029571
2025-10-02 21:00:00,3879.277667502003
2025-10-02 22:00:00,3651.0191397808844
2025-10-02 23:00:00,3596.7986132250944
2025-10-03 00:00:00,3393.3819080335966
2025-10-03 01:00:00,3391.374341249356
2025-10-03 02:00:00,3375.2904512338127
2025-10-03 03:00:00,3323.036449278379
2025-10-03 04:00:00,3310.282563971512
2025-10-03 05:00:00,3343.6429802490625
2025-10-03 06:00:00,3483.96301784655
2025-10-03 07:00:00,3629.0119197288636
2025-10-03 08:00:00,3716.902020420664
2025-10-03 09:00:00,3824.5953729924754
2025-10-03 10:00:00,3917.5597952929625
2025-10-03 11:00:00,3965.5743139152387
2025-10-03 12:00:00,3935.2507127307886
2025-10-03 13:00:00,4083.7234331802647
2025-10-03 14:00:00,3998.636869744648
2025-10-03 15:00:00,3935.218658564178
2025-10-03 16:00:00,3969.57361176484
2025-10-03 17:00:00,4049.4412236086
2025-10-03 18:00:00,4005.5224953794877
2025-10-03 19:00:00,4083.7523839680975
2025-10-03 20:00:00,3975.059588301429
2025-10-03 21:00:00,3902.3145685932964
2025-10-03 22:00:00,3712.3140890511577
2025-10-03 23:00:00,3544.5308323752765
2025-10-04 00:00:00,3370.36690879766
2025-10-04 01:00:00,3294.250897537067
2025-10-04 02:00:00,3320.112243435453
2025-10-04 03:00:00,3309.365673947326
2025-10-04 04:00:00,3255.8095643229217
2025-10-04 05:00:00,3360.954846027804
2025-10-04 06:00:00,3384.05882818304
2025-10-04 07:00:00,3517.7592927995674
2025-10-04 08:00:00,3571.5514346746013
2025-10-04 09:00:00,3638.3863843196236
2025-10-04 10:00:00,3715.8603025411953
2025-10-04 11:00:00,3765.650561851992
2025-10-04 12:00:00,3828.1658387802045
2025-10-04 13:00:00,3814.961526307884
2025-10-04 14:00:00,3843.18477369993
2025-10-04 15:00:00,3815.2232043485565
2025-10-04 16:00:00,3782.933644607528
2025-10-04 17:00:00,3910.848567877997
2025-10-04 18:00:00,3867.7862912503133
2025-10-04 19:00:00,3912.255845155627
2025-10-04 20:00:00,3863.897756801551
2025-10-04 21:00:00,3831.8963726041407
2025-10-04 22:00:00,3637.7905364255057
2025-10-04 23:00:00,3440.0257017321896
2025-10-05 00:00:00,3416.388664250225
2025-10-05 01:00:00,3352.8696951935567
2025-10-05 02:00:00,3315.3797607387514
2025-10-05 03:00:00,3260.6357224825288
2025-10-05 04:00:00,3250.043669951947
2025-10-05 05:00:00,3356.540354801935
2025-10-05 06:00:00,3410.4068240196334
2025-10-05 07:00:00,3554.1079903019468
2025-10-05 08:00:00,3544.678084968752
2025-10-05 09:00:00,3703.8549028997168
2025-10-05 10:00:00,3733.4108404351978
2025-10-05 11:00:00,3784.696931733356
2025-10-05 12:00:00,3840.012541089248
2025-10-05 13:00:00,3834.082292926448
2025-10-05 14:00:00,3880.15480700715
2025-10-05 15:00:00,3731.962017093088
2025-10-05 16:00:00,3792.6156131614816
2025-10-05 17:00:00,3825.0245825210905
2025-10-05 18:00:00,3853.4025016373307
2025-10-05 19:00:00,3924.5998783154755
2025-10-05 20:00:00,3904.448094063732
2025-10-05 21:00:00,3796.887014937471
2025-10-05 22:00:00,3626.9412392570807
2025-10-05 23:00:00,3445.8189483878496
2025-10-06 00:00:00,3433.7358681387236
2025-10-06 01:00:00,3388.0893742257404
2025-10-06 02:00:00,3370.874115550057
2025-10-06 03:00:00,3327.4683495001627
2025-10-06 04:00:00,3307.7205081951306
2025-10-06 05:00:00,3360.4283618248373
2025-10-06 06:00:00,3483.148493353966
2025-10-06 07:00:00,3602.2394556784707
2025-10-06 08:00:00,3733.644014182023
2025-10-06 09:00:00,3835.3727624895328
2025-10-06 10:00:00,3931.5275450388212
2025-10-06 11:00:00,3947.424223974151
2025-10-06 12:00:00,3984.684233698335
2025-10-06 13:00:00,4017.4125404828533
2025-10-06 14:00:00,3951.918969676219
2025-10-06 15:00:00,3900.30238753822
2025-10-06 16:00:00,3874.2097885039007
2025-10-06 17:00:00,3946.2286206946915
2025-10-06 18:00:00,4061.4220175014643
2025-10-06 19:00:00,4062.0405028615696
2025-10-06 20:00:00,4038.409299611352
2025-10-06 21:00:00,3905.004507348331
2025-10-06 22:00:00,3711.358572635741
2025-10-06 23:00:00,3509.7681491187204
2025-10-07 00:00:00,3449.202447978987
2025-10-07 01:00:00,3413.533177330528
2025-10-07 02:00:00,3313.910075886815
2025-10-07 03:00:00,3283.467837480847
2025-10-07 04:00:00,3336.7465799355145
2025-10-07 05:00:00,3379.0479027535794
2025-10-07 06:00:00,3437.5302466210896
2025-10-07 07:00:00,3584.4225483515443
2025-10-07 08:00:00,3744.915873312216
2025-10-07 09:00:00,3801.731344123442
2025-10-07 10:00:00,3905.900802662094
2025-10-07 11:00:00,3959.862122170482
2025-10-07 12:00:00,4043.9991004496223
2025-10-07 13:00:00,4018.2577604992975
2025-10-07 14:00:00,4005.1346915916124
2025-10-07 15:00:00,3972.3074705969716
2025-10-07 16:00:00,3972.481832422069
2025-10-07 17:00:00,3975.3374740903714
2025-10-07 18:00:00,3980.5552487361983
2025-10-07 19:00:00,4098.010264761184
2025-10-07 20:00:00,4077.9911645323605
2025-10-07 21:00:00,3886.0096069952942
2025-10-07 22:00:00,3745.662296210712
2025-10-07 23:00:00,3562.904237409916
2025-10-08 00:00:00,3435.729469578285
2025-10-08 01:00:00,3410.7021620395285
2025-10-08 02:00:00,3351.363483883187
2025-10-08 03:00:00,3237.701956147445
2025-10-08 04:00:00,3290.3920414962754
2025-10-08 05:00:00,3413.699016546888
2025-10-08 06:00:00,3475.3129998652316
2025-10-08 07:00:00,3608.047189451828
2025-10-08 08:00:00,3703.618962680991
2025-10-08 09:00:00,3872.4666242894564
2025-10-08 10:00:00,3950.6674080001017
2025-10-08 11:00:00,3908.5915958355754
2025-10-08 12:00:00,3984.8476988846987
2025-10-08 13:00:00,3986.9469100930396
2025-10-08 14:00:00,3983.8029454799075
2025-10-08 15:00:00,3941.4404747986027
2025-10-08 16:00:00,3950.92503132386
2025-10-08 17:00:00,3974.826938859974
2025-10-08 18:00:00,4136.9517628592475
2025-10-08 19:00:00,4047.3386009944593
2025-10-08 20:00:00,3986.7172186244084
2025-10-08 21:00:00,3874.3467868513367
2025-10-08 22:00:00,3645.92539761053
2025-10-08 23:00:00,3494.5496985795794
2025-10-09 00:00:00,3391.0648411005936
2025-10-09 01:00:00,3354.6693219093604
2025-10-09 02:00:00,3315.2432000568574
2025-10-09 03:00:00,3315.599267988226
2025-10-09 04:00:00,3288.5392405152934
2025-10-09 05:00:00,3374.74887336919
2025-10-09 06:00:00,3521.1512959844454
2025-10-09 07:00:00,3590.53058772491
2025-10-09 08:00:00,3727.278142556025
2025-10-09 09:00:00,3831.79271408563
2025-10-09 10:00:00,3841.0894676741764
2025-10-09 11:00:00,3864.754123031124
2025-10-09 12:00:00,3988.3621883356977
2025-10-09 13:00:00,4016.8873837006417
2025-10-09 14:00:00,4027.724792044142
2025-10-09 15:00:00,3928.4086512359318
2025-10-09 16:00:00,3949.1760760001475
2025-10-09 17:00:00,3956.096283118024
2025-10-09 18:00:00,4049.5907968237348
2025-10-09 19:00:00,4133.23411817454
2025-10-09 20:00:00,3971.3372663401115
2025-10-09 21:00:00,3897.454303834638
2025-10-09 22:00:00,3753.419259686469
2025-10-09 23:00:00,3542.96229076734
2025-10-10 00:00:00,3461.827527441224
2025-10-10 01:00:00,3360.8817625461425
2025-10-10 02:00:00,3338.2026806229205
2025-10-10 03:00:00,3301.1175983279045
2025-10-10 04:00:00,3241.6839549055658
2025-10-10 05:00:00,3346.317249848158
2025-10-10 06:00:00,3463.700761791227
2025-10-10 07:00:00,3641.8585884943936
2025-10-10 08:00:00,3775.0970539066507
2025-10-10 09:00:00,3845.3562244467644
2025-10-10 10:00:00,3943.39793650864
2025-10-10 11:00:00,3950.766549929958
2025-10-10 12:00:00,4031.9450728265338
2025-10-10 13:00:00,4017.783589868689
2025-10-10 14:00:00,3963.6970876630417
2025-10-10 15:00:00,3913.120644459567
2025-10-10 16:00:00,3942.925037560618
2025-10-10 17:00:00,3946.934462039197
2025-10-10 18:00:00,4069.4736138310996
2025-10-10 19:00:00,4039.8337916596756
2025-10-10 20:00:00,4002.43272105995
2025-10-10 21:00:00,3903.978621992273
2025-10-10 22:00:00,3685.882369756569
2025-10-10 23:00:00,3520.3605937686953
2025-10-11 00:00:00,3400.2032599025615
2025-10-11 01:00:00,3321.1437562383626
2025-10-11 02:00:00,3293.2674734189945
2025-10-11 03:00:00,3296.232988079071
2025-10-11 04:00:00,3299.881668962833
2025-10-11 05:00:00,3379.338173649283
2025-10-11 06:00:00,3407.262284842665
2025-10-11 07:00:00,3526.9695000615957
2025-10-11 08:00:00,3553.0128763798816
2025-10-11 09:00:00,3639.4497989530287
2025-10-11 10:00:00,3677.302408772322
2025-10-11 11:00:00,3837.492266456685
2025-10-11 12:00:00,3800.164533135241
2025-10-11 13:00:00,3853.3039939445143
2025-10-11 14:00:00,3813.8625577708012
2025-10-11 15:00:00,3824.184553934135
2025-10-11 16:00:00,3791.6062710681335
2025-10-11 17:00:00,3801.737936184979
2025-10-11 18:00:00,3894.3590999931534
2025-10-11 19:00:00,3874.4985698886385
2025-10-11 20:00:00,3854.650193630531
2025-10-11 21:00:00,3700.781686660899
2025-10-11 22:00:00,3567.889728894551
2025-10-11 23:00:00,3458.709167795938
2025-10-12 00:00:00,3321.4044571355894
2025-10-12 01:00:00,3296.126767227355
2025-10-12 02:00:00,3296.8023295629614
2025-10-12 03:00:00,3243.9092546480147
2025-10-12 04:00:00,3309.999853250256
2025-10-12 05:00:00,3384.5893717978765
2025-10-12 06:00:00,3389.525428581147
2025-10-12 07:00:00,3506.35687284525
2025-10-12 08:00:00,3593.350831441341
2025-10-12 09:00:00,3638.677463625334
2025-10-12 10:00:00,3693.6843710383687
2025-10-12 11:00:00,3778.4868945415083
2025-10-12 12:00:00,3812.536849559231
2025-10-12 13:00:00,3834.9098589833366
2025-10-12 14:00:00,3853.4653788972255
2025-10-12 15:00:00,3778.2624585921703
2025-10-12 16:00:00,3766.060410315265
2025-10-12 17:00:00,3843.22875922722
2025-10-12 18:00:00,3890.6408697160246
2025-10-12 19:00:00,3880.5755341324593
2025-10-12 20:00:00,3907.4624985133128
2025-10-12 21:00:00,3709.0158334640346
2025-10-12 22:00:00,3590.4751955246384
2025-10-12 23:00:00,3444.8862015620703
2025-10-13 00:00:00,3394.112649937748
2025-10-13 01:00:00,3357.4632915072675
2025-10-13 02:00:00,3383.847236066917
2025-10-13 03:00:00,3272.7455143516795
2025-10-13 04:00:00,3359.530059278445
2025-10-13 05:00:00,3384.503983831439
2025-10-13 06:00:00,3491.5793507425205
2025-10-13 07:00:00,3627.0080858252045
2025-10-13 08:00:00,3819.715409963199
2025-10-13 09:00:00,3800.6048335271826
2025-10-13 10:00:00,3878.8121990545956
2025-10-13 11:00:00,3929.160624372259
2025-10-13 12:00:00,3992.407170311528
2025-10-13 13:00:00,3962.2649398177346
2025-10-13 14:00:00,3966.7826467653613
2025-10-13 15:00:00,3972.4608539210826
2025-10-13 16:00:00,3920.187061659202
2025-10-13 17:00:00,3944.9524995122265
2025-10-13 18:00:00,4011.806652596345
2025-10-13 19:00:00,4099.770768708569
2025-10-13 20:00:00,4005.108398122758
2025-10-13 21:00:00,3933.9407218176248
2025-10-13 22:00:00,3739.8058792476068
2025-10-13 23:00:00,3535.0227529653566
2025-10-14 00:00:00,3409.4111142998245
2025-10-14 01:00:00,3398.772998224328
2025-10-14 02:00:00,3361.416441716982
2025-10-14 03:00:00,3272.248417314734
2025-10-14 04:00:00,3279.6109783435422
2025-10-14 05:00:00,3335.317506568192
2025-10-14 06:00:00,3498.630967724784
2025-10-14 07:00:00,3629.1977598310777
2025-10-14 08:00:00,3702.3427749667408
2025-10-14 09:00:00,3815.14644307619
2025-10-14 10:00:00,3868.1891661089912
2025-10-14 11:00:00,3917.1548966520295
2025-10-14 12:00:00,4003.7418492074244
2025-10-14 13:00:00,3989.728245055271
2025-10-14 14:00:00,3947.401359631147
2025-10-14 15:00:00,3862.487603640896
2025-10-14 16:00:00,3919.2888198717264
2025-10-14 17:00:00,3950.781696116414
2025-10-14 18:00:00,4006.1755082495797
2025-10-14 19:00:00,4062.270218578571
2025-10-14 20:00:00,4035.4874992536584
2025-10-14 21:00:00,3849.428873590172
2025-10-14 22:00:00,3637.4809345268613
2025-10-14 23:00:00,3576.8970034689996
2025-10-15 00:00:00,3390.7064787299223
2025-10-15 01:00:00,3366.636862190695
2025-10-15 02:00:00,3357.4509361418177
2025-10-15 03:00:00,3384.726321155922
2025-10-15 04:00:00,3259.018309050307
2025-10-15 05:00:00,3381.3695545615797
2025-10-15 06:00:00,3465.6968218836005
2025-10-15 07:00:00,3586.0825634550674
2025-10-15 08:00:00,3699.3238404150484
2025-10-15 09:00:00,3771.5953368726296
2025-10-15 10:00:00,3886.9017152347865
2025-10-15 11:00:00,3880.744186135481
2025-10-15 12:00:00,3995.989755715872
2025-10-15 13:00:00,3996.218264742639
2025-10-15 14:00:00,3963.4986778363887
2025-10-15 15:00:00,3896.8345909894842
2025-10-15 16:00:00,3899.9319579766043
2025-10-15 17:00:00,3959.236591083265
2025-10-15 18:00:00,3990.0964630078993
2025-10-15 19:00:00,4054.68442983913
2025-10-15 20:00:00,3999.9056781513837
2025-10-15 21:00:00,3845.104108606494
2025-10-15 22:00:00,3616.962774640288
2025-10-15 23:00:00,3561.912674757393
2025-10-16 00:00:00,3387.50885583864
2025-10-16 01:00:00,3398.8512876591994
2025-10-16 02:00:00,3357.2652266699847
2025-10-16 03:00:00,3256.2473275470757
2025-10-16 04:00:00,3261.4480075720726
2025-10-16 05:00:00,3436.489996497019
2025-10-16 06:00:00,3532.4275116046874
2025-10-16 07:00:00,3598.8442327609405
2025-10-16 08:00:00,3727.992087237143
2025-10-16 09:00:00,3785.465529826596
2025-10-16 10:00:00,3900.402209902306
2025-10-16 11:00:00,3904.0806308086712
2025-10-16 12:00:00,3900.2357375962315
2025-10-16 13:00:00,3948.616210588531
2025-10-16 14:00:00,3948.781203564205
2025-10-16 15:00:00,3874.033554877406
2025-10-16 16:00:00,3907.30386063222
2025-10-16 17:00:00,3914.1719079337
2025-10-16 18:00:00,4000.3339029495523
2025-10-16 19:00:00,4091.975741308249
2025-10-16 20:00:00,4033.4989312319694
2025-10-16 21:00:00,3870.401706704899
2025-10-16 22:00:00,3703.022693768654
2025-10-16 23:00:00,3535.880810805639
2025-10-17 00:00:00,3443.8587976596114
2025-10-17 01:00:00,3353.3913449506517
2025-10-17 02:00:00,3315.651087312206
2025-10-17 03:00:00,3254.170960026359
2025-10-17 04:00:00,3277.114216678023
2025-10-17 05:00:00,3391.7511786176788
2025-10-17 06:00:00,3518.0454907493686
2025-10-17 07:00:00,3625.536544043232
2025-10-17 08:00:00,3660.6486657133587
2025-10-17 09:00:00,3826.478192157889
2025-10-17 10:00:00,3816.3779607410765
2025-10-17 11:00:00,3940.18927697647
2025-10-17 12:00:00,3936.0427278106895
2025-10-17 13:00:00,4007.161898100942
2025-10-17 14:00:00,3904.0158200012124
2025-10-17 15:00:00,3944.0020343960077
2025-10-17 16:00:00,3861.598494030474
2025-10-17 17:00:00,3924.9771865679154
2025-10-17 18:00:00,3991.3272029731816
2025-10-17 19:00:00,4005.1313413149305
2025-10-17 20:00:00,4026.496119755643
2025-10-17 21:00:00,3924.6031021689287
2025-10-17 22:00:00,3753.6828000705077
2025-10-17 23:00:00,3523.2581264187766
2025-10-18 00:00:00,3394.0891705685003
2025-10-18 01:00:00,3331.5440310789836
2025-10-18 02:00:00,3299.819984013182
2025-10-18 03:00:00,3239.1449624360407
2025-10-18 04:00:00,3253.1043841743735
2025-10-18 05:00:00,3339.668150279169
2025-10-18 06:00:00,3386.9571878203265
2025-10-18 07:00:00,3477.880517308424
2025-10-18 08:00:00,3555.7092981172864
2025-10-18 09:00:00,3658.7362039224013
2025-10-18 10:00:00,3680.3832774238545
2025-10-18 11:00:00,3749.161044970082
2025-10-18 12:00:00,3847.337132768817
2025-10-18 13:00:00,3863.6903475729264
2025-10-18 14:00:00,3869.3594905280065
2025-10-18 15:00:00,3790.115342865138
2025-10-18 16:00:00,3799.1057320418104
2025-10-18 17:00:00,3858.7345957407024
2025-10-18 18:00:00,3914.9733002242833
2025-10-18 19:00:00,3844.4020130019785
2025-10-18 20:00:00,3826.0174405221333
2025-10-18 21:00:00,3789.9983385743553
2025-10-18 22:00:00,3588.0736083107004
2025-10-18 23:00:00,3422.8777704923837
2025-10-19 00:00:00,3328.5647803313905
2025-10-19 01:00:00,3308.895116695355
2025-10-19 02:00:00,3248.1511292508535
2025-10-19 03:00:00,3300.6658627444217
2025-10-19 04:00:00,3245.7756485041923
2025-10-19 05:00:00,3322.1117184833956
2025-10-19 06:00:00,3416.9469642354325
2025-10-19 07:00:00,3505.01921816599
2025-10-19 08:00:00,3582.440426206057
2025-10-19 09:00:00,3664.031846536534
2025-10-19 10:00:00,3691.399687471181
2025-10-19 11:00:00,3739.837855893865
2025-10-19 12:00:00,3810.7192092638497
2025-10-19 13:00:00,3809.922577868679
2025-10-19 14:00:00,3825.908870801746
2025-10-19 15:00:00,3799.5003349010462
2025-10-19 16:00:00,3811.208647508316
2025-10-19 17:00:00,3771.65299144634
2025-10-19 18:00:00,3886.810590697592
2025-10-19 19:00:00,3896.0609512334586
2025-10-19 20:00:00,3886.5852643968587
2025-10-19 21:00:00,3772.0712428032707
2025-10-19 22:00:00,3640.415559853655
2025-10-19 23:00:00,3476.8365950252437
2025-10-20 00:00:00,3435.8082601066153
2025-10-20 01:00:00,3399.3754337003934
2025-10-20 02:00:00,3329.679449148461
2025-10-20 03:00:00,3284.1541375134875
2025-10-20 04:00:00,3306.234572613718
2025-10-20 05:00:00,3380.2447060850936
2025-10-20 06:00:00,3467.848944555654
2025-10-20 07:00:00,3603.960104297825
2025-10-20 08:00:00,3707.1663683001384
2025-10-20 09:00:00,3759.6016080713516
2025-10-20 10:00:00,3902.593643798541
2025-10-20 11:00:00,3903.066146493534
2025-10-20 12:00:00,4004.545299434509
2025-10-20 13:00:00,3926.8602224744736
2025-10-20 14:00:00,3922.4209631545045
2025-10-20 15:00:00,3902.3620193815423
2025-10-20 16:00:00,3936.8418502513136
2025-10-20 17:00:00,3952.5616790142026
2025-10-20 18:00:00,4027.2027330097426
2025-10-20 19:00:00,4019.2758632082828
2025-10-20 20:00:00,3980.043272582128
2025-10-20 21:00:00,3872.682126908442
2025-10-20 22:00:00,3629.534793826308
2025-10-20 23:00:00,3500.1150118948394
2025-10-21 00:00:00,3411.0492257934206
2025-10-21 01:00:00,3332.431683183392
2025-10-21 02:00:00,3362.861214842621
2025-10-21 03:00:00,3313.744805078915
2025-10-21 04:00:00,3240.358585104805
2025-10-21 05:00:00,3333.773951983784
2025-10-21 06:00:00,3411.1107882452184
2025-10-21 07:00:00,3567.9916390224416
2025-10-21 08:00:00,3731.999131926772
2025-10-21 09:00:00,3783.800197556256
2025-10-21 10:00:00,3894.3279281704354
2025-10-21 11:00:00,3872.639579955776
2025-10-21 12:00:00,3985.267724941395
2025-10-21 13:00:00,3961.2587234140083
2025-10-21 14:00:00,3938.318894380318
2025-10-21 15:00:00,3896.4311107655517
2025-10-21 16:00:00,3859.662815116325
2025-10-21 17:00:00,3901.6093331284706
2025-10-21 18:00:00,4046.236647839888
2025-10-21 19:00:00,4066.6964780038065
2025-10-21 20:00:00,4048.87876336876
2025-10-21 21:00:00,3870.748404445417
2025-10-21 22:00:00,3671.8805879056754
2025-10-21 23:00:00,3464.744847720177
2025-10-22 00:00:00,3388.335676241166
2025-10-22 01:00:00,3356.3575772769623
2025-10-22 02:00:00,3370.356934565304
2025-10-22 03:00:00,3297.94377254299
2025-10-22 04:00:00,3320.2237221627734
2025-10-22 05:00:00,3373.1409483120356
2025-10-22 06:00:00,3453.0928366734574
2025-10-22 07:00:00,3591.979199607886
2025-10-22 08:00:00,3717.3172177499155
2025-10-22 09:00:00,3764.4007603537166
2025-10-22 10:00:00,3863.787843570387
2025-10-22 11:00:00,3910.35388479798
2025-10-22 12:00:00,4003.999093126253
2025-10-22 13:00:00,3915.365395036698
2025-10-22 14:00:00,3973.8700409871667
2025-10-22 15:00:00,3868.1070098137156
2025-10-22 16:00:00,3854.5355007560597
2025-10-22 17:00:00,3973.055268597254
2025-10-22 18:00:00,4036.5740315360595
2025-10-22 19:00:00,4092.3271090296626
2025-10-22 20:00:00,4038.7829534781035
2025-10-22 21:00:00,3922.3146682391653
2025-10-22 22:00:00,3682.176560290063
2025-10-22 23:00:00,3507.0464458238703
2025-10-23 00:00:00,3403.2389498735383
2025-10-23 01:00:00,3388.738945647703
2025-10-23 02:00:00,3296.1130681159225
2025-10-23 03:00:00,3261.1296147298904
2025-10-23 04:00:00,3270.1231932883156
2025-10-23 05:00:00,3298.867572215163
2025-10-23 06:00:00,3474.8969684290487
2025-10-23 07:00:00,3532.644028356296
2025-10-23 08:00:00,3704.0385232152316
2025-10-23 09:00:00,3806.526405672337
2025-10-23 10:00:00,3846.6333085431083
2025-10-23 11:00:00,3952.30382503417
2025-10-23 12:00:00,3895.683540110167
2025-10-23 13:00:00,4010.2961447318644
2025-10-23 14:00:00,3955.118320186835
2025-10-23 15:00:00,3841.8279733492423
2025-10-23 16:00:00,3979.778676532419
2025-10-23 17:00:00,3931.8649770403476
2025-10-23 18:00:00,3982.8490822096937
2025-10-23 19:00:00,4003.9883735086764
2025-10-23 20:00:00,4003.945881707617
2025-10-23 21:00:00,3852.805377670791
2025-10-23 22:00:00,3666.9082199054365
2025-10-23 23:00:00,3501.2688668040996
2025-10-24 00:00:00,3409.362288519416
2025-10-24 01:00:00,3343.2309660274586
2025-10-24 02:00:00,3263.7666884453765
2025-10-24 03:00:00,3272.6206395374547
2025-10-24 04:00:00,3214.4787445049756
2025-10-24 05:00:00,3363.122032898705
2025-10-24 06:00:00,3442.093462684415
2025-10-24 07:00:00,3589.6006453229265
2025-10-24 08:00:00,3741.704180739932
2025-10-24 09:00:00,3756.4785920734817
2025-10-24 10:00:00,3898.3598690124045
2025-10-24 11:00:00,3890.6603380000515
2025-10-24 12:00:00,3996.557961185057
2025-10-24 13:00:00,3958.791986925843
2025-10-24 14:00:00,3905.4054039420994
2025-10-24 15:00:00,3914.7003940330683
2025-10-24 16:00:00,3879.722150314512
2025-10-24 17:00:00,3905.37531657996
2025-10-24 18:00:00,3993.6128115288407
2025-10-24 19:00:00,4046.040978736507
2025-10-24 20:00:00,4051.983587529144
2025-10-24 21:00:00,3795.104570242436
2025-10-24 22:00:00,3662.686712324864
2025-10-24 23:00:00,3525.3570196744713
2025-10-25 00:00:00,3357.091085201834
2025-10-25 01:00:00,3348.0966957376636
2025-10-25 02:00:00,3272.9007018448774
2025-10-25 03:00:00,3231.5426890072176
2025-10-25 04:00:00,3251.656578032043
2025-10-25 05:00:00,3316.0086004449818
2025-10-25 06:00:00,3379.84211396193
2025-10-25 07:00:00,3481.8043843658006
2025-10-25 08:00:00,3526.0385510778724
2025-10-25 09:00:00,3608.214287993235
2025-10-25 10:00:00,3691.13211165448
2025-10-25 11:00:00,3787.455157267345
2025-10-25 12:00:00,3685.7715365098206
2025-10-25 13:00:00,3826.3065206328224
2025-10-25 14:00:00,3815.281030522266
2025-10-25 15:00:00,3724.9358320725814
2025-10-25 16:00:00,3785.0631376095025
2025-10-25 17:00:00,3828.75230461879
2025-10-25 18:00:00,3870.9368145657872
2025-10-25 19:00:00,3808.738255023251
2025-10-25 20:00:00,3894.8778887484086
2025-10-25 21:00:00,3715.123567653921
2025-10-25 22:00:00,3602.749650396625
2025-10-25 23:00:00,3449.287867819918
2025-10-26 00:00:00,3326.683450815612
2025-10-26 01:00:00,3329.1701940302414
2025-10-26 02:00:00,3263.0702973168445
2025-10-26 03:00:00,3181.055188221221
2025-10-26 04:00:00,3264.8746958132992
2025-10-26 05:00:00,3291.1388182145038
2025-10-26 06:00:00,3365.5231208355417
2025-10-26 07:00:00,3457.292019497199
2025-10-26 08:00:00,3563.216520506334
2025-10-26 09:00:00,3636.8904931150328
2025-10-26 10:00:00,3734.4942581382084
2025-10-26 11:00:00,3715.1859200040085
2025-10-26 12:00:00,3773.8615784117887
2025-10-26 13:00:00,3820.1625246923713
2025-10-26 14:00:00,3870.930179273471
2025-10-26 15:00:00,3770.3301831094736
2025-10-26 16:00:00,3806.5291991636245
2025-10-26 17:00:00,3813.449879689115
2025-10-26 18:00:00,3835.8821239312706
2025-10-26 19:00:00,3881.6129914459834
2025-10-26 20:00:00,3845.5934545526993
2025-10-26 21:00:00,3753.2965624821168
2025-10-26 22:00:00,3620.609467698373
2025-10-26 23:00:00,3437.0574068541796
2025-10-27 00:00:00,3419.1132763024552
2025-10-27 01:00:00,3322.616169348376
2025-10-27 02:00:00,3298.993274678752
2025-10-27 03:00:00,3252.528189800208
2025-10-27 04:00:00,3279.714151136975
2025-10-27 05:00:00,3338.844988917364
2025-10-27 06:00:00,3484.1478422809905
2025-10-27 07:00:00,3556.282365599697
2025-10-27 08:00:00,3707.2134547605024
2025-10-27 09:00:00,3809.242169186605
2025-10-27 10:00:00,3807.168001329413
2025-10-27 11:00:00,3970.667028557081
2025-10-27 12:00:00,3935.6897819027695
2025-10-27 13:00:00,3900.827086442609
2025-10-27 14:00:00,3930.74659217745
2025-10-27 15:00:00,3888.333438510126
2025-10-27 16:00:00,3884.7466220800684
2025-10-27 17:00:00,3956.9110529346744
2025-10-27 18:00:00,4026.692290479171
2025-10-27 19:00:00,4050.875942677244
2025-10-27 20:00:00,4017.1724733286437
2025-10-27 21:00:00,3845.5921055797194
2025-10-27 22:00:00,3708.29982296693
2025-10-27 23:00:00,3460.9668257452404
2025-10-28 00:00:00,3388.995943148762
2025-10-28 01:00:00,3348.48656379187
2025-10-28 02:00:00,3329.8017129799478
2025-10-28 03:00:00,3247.7349887661208
2025-10-28 04:00:00,3224.1971064469312
2025-10-28 05:00:00,3350.94437051564
2025-10-28 06:00:00,3469.9399157573457
2025-10-28 07:00:00,3620.1886358744646
2025-10-28 08:00:00,3655.4294818537624
2025-10-28 09:00:00,3804.7219543721303
2025-10-28 10:00:00,3919.6904199911155
2025-10-28 11:00:00,3873.5605128095012
2025-10-28 12:00:00,3883.2478094258854
2025-10-28 13:00:00,3949.338801880537
2025-10-28 14:00:00,3924.2103177152903
2025-10-28 15:00:00,3902.826250166633
2025-10-28 16:00:00,3866.9203805666125
2025-10-28 17:00:00,3972.588638991512
2025-10-28 18:00:00,3965.0360385902195
2025-10-28 19:00:00,3982.9760782603557
2025-10-28 20:00:00,4036.1283763465544
2025-10-28 21:00:00,3776.8333025815414
2025-10-28 22:00:00,3648.5243927561564
2025-10-28 23:00:00,3587.9294666821347
2025-10-29 00:00:00,3383.1582260569576
2025-10-29 01:00:00,3315.043474170858
2025-10-29 02:00:00,3305.068533212463
2025-10-29 03:00:00,3266.809974523593
2025-10-29 04:00:00,3272.338376105099
2025-10-29 05:00:00,3362.75788078769
2025-10-29 06:00:00,3431.6158188117415
2025-10-29 07:00:00,3624.0013387992803
2025-10-29 08:00:00,3698.3115730179197
2025-10-29 09:00:00,3793.669253401068
2025-10-29 10:00:00,3833.198311224391
2025-10-29 11:00:00,3931.1271147443254
2025-10-29 12:00:00,3918.3974462325314
2025-10-29 13:00:00,3969.007823975569
2025-10-29 14:00:00,3892.4904117828746
2025-10-29 15:00:00,3852.3459022977486
2025-10-29 16:00:00,3904.697271044014
2025-10-29 17:00:00,3907.8480230295054
2025-10-29 18:00:00,3971.3499609561923
2025-10-29 19:00:00,4016.3390279780533
2025-10-29 20:00:00,4021.0221916495757
2025-10-29 21:00:00,3825.5198886518206
2025-10-29 22:00:00,3649.1870148444277
2025-10-29 23:00:00,3499.2509087441304
2025-10-30 00:00:00,3329.8879558969597
2025-10-30 01:00:00,3303.9832755659727
2025-10-30 02:00:00,3313.7928071702795
2025-10-30 03:00:00,3247.212901220658
2025-10-30 04:00:00,3294.0868974330383
2025-10-30 05:00:00,3369.189824515595
2025-10-30 06:00:00,3478.516889415177
2025-10-30 07:00:00,3625.9350649980593
2025-10-30 08:00:00,3686.7405400487555
2025-10-30 09:00:00,3785.6007631123257
2025-10-30 10:00:00,3824.942768169722
2025-10-30 11:00:00,3957.486076143409
2025-10-30 12:00:00,3981.9704098832526
2025-10-30 13:00:00,3958.57264289472
2025-10-30 14:00:00,3931.88997513129
2025-10-30 15:00:00,3923.54540902308
2025-10-30 16:00:00,3876.7694732876407
2025-10-30 17:00:00,3899.1768417202375
2025-10-30 18:00:00,4024.5696118582678
2025-10-30 19:00:00,4037.5866786300753
2025-10-30 20:00:00,4002.4764161369126
2025-10-30 21:00:00,3817.260935194445
2025-10-30 22:00:00,3600.5971876325216
2025-10-30 23:00:00,3503.6537515843847
2025-10-31 00:00:00,3404.5124682464507
2025-10-31 01:00:00,3335.5959173378383
2025-10-31 02:00:00,3341.18162903692
2025-10-31 03:00:00,3246.428043444449
2025-10-31 04:00:00,3237.2659814758576
2025-10-31 05:00:00,3339.835150774971
2025-10-31 06:00:00,3454.5770382911996
2025-10-31 07:00:00,3594.093010825745
2025-10-31 08:00:00,3664.4582569666127
2025-10-31 09:00:00,3805.335231838596
2025-10-31 10:00:00,3901.3955523273257
2025-10-31 11:00:00,3878.151543450346
2025-10-31 12:00:00,3956.944627068412
2025-10-31 13:00:00,3922.7479245452423
2025-10-31 14:00:00,3951.4757604076194
2025-10-31 15:00:00,3911.8685267093856
2025-10-31 16:00:00,3906.1630920444145
2025-10-31 17:00:00,3917.2881621405904
2025-10-31 18:00:00,3900.186853570325
2025-10-31 19:00:00,4012.2999395042016
2025-10-31 20:00:00,3974.592831495945
2025-10-31 21:00:00,3810.8973278401454
2025-10-31 22:00:00,3652.477395937231
2025-10-31 23:00:00,3483.555569644639
2025-11-01 00:00:00,3284.728068932
2025-11-01 01:00:00,3240.848957322441
2025-11-01 02:00:00,3212.0366589344953
2025-11-01 03:00:00,3221.165611921796
2025-11-01 04:00:00,3175.6396238430425
2025-11-01 05:00:00,3255.0699975313532
2025-11-01 06:00:00,3332.3276204304457
2025-11-01 07:00:00,3429.8360107055137
2025-11-01 08:00:00,3509.3345404480556
2025-11-01 09:00:00,3485.5661607934835
2025-11-01 10:00:00,3678.4172200904777
2025-11-01 11:00:00,3728.9657087345236
2025-11-01 12:00:00,3693.317098426427
2025-11-01 13:00:00,3733.3485172291707
2025-11-01 14:00:00,3749.062550183613
2025-11-01 15:00:00,3702.082818140595
2025-11-01 16:00:00,3731.2816964831854
2025-11-01 17:00:00,3704.0233823615713
2025-11-01 18:00:00,3766.631251235647
2025-11-01 19:00:00,3885.89527388697
2025-11-01 20:00:00,3772.3993072119424
2025-11-01 21:00:00,3723.275370221273
2025-11-01 22:00:00,3544.626050187387
2025-11-01 23:00:00,3333.593854907575
2025-11-02 00:00:00,3321.6702527699636
2025-11-02 01:00:00,3263.8105066939593
2025-11-02 02:00:00,3217.133452216547
2025-11-02 03:00:00,3197.164756074882
2025-11-02 04:00:00,3203.0277727113175
2025-11-02 05:00:00,3285.3787248879657
2025-11-02 06:00:00,3374.3697120021143
2025-11-02 07:00:00,3429.9967174992235
2025-11-02 08:00:00,3456.3473972111906
2025-11-02 09:00:00,3557.2518229802467
2025-11-02 10:00:00,3732.616825834717
2025-11-02 11:00:00,3706.0997398827776
2025-11-02 12:00:00,3793.2920157830413
2025-11-02 13:00:00,3802.6999838462934
2025-11-02 14:00:00,3767.9921127899274
2025-11-02 15:00:00,3731.7067330497125
2025-11-02 16:00:00,3721.6408542835447
2025-11-02 17:00:00,3708.4341835587898
2025-11-02 18:00:00,3799.252811922543
2025-11-02 19:00:00,3873.851283345087
2025-11-02 20:00:00,3780.4815219949865
2025-11-02 21:00:00,3696.8867598341653
2025-11-02 22:00:00,3556.863030234493
2025-11-02 23:00:00,3356.24296041355
2025-11-03 00:00:00,3329.1169321717803
2025-11-03 01:00:00,3276.3130304088186
2025-11-03 02:00:00,3243.767524674901
2025-11-03 03:00:00,3194.0324787266745
2025-11-03 04:00:00,3204.028174530174
2025-11-03 05:00:00,3340.722155300481
2025-11-03 06:00:00,3392.089585227591
2025-11-03 07:00:00,3534.592018065909
2025-11-03 08:00:00,3630.260296172604
2025-11-03 09:00:00,3755.95070769955
2025-11-03 10:00:00,3836.6211806980123
2025-11-03 11:00:00,3861.2714465004087
2025-11-03 12:00:00,3882.215984556506
2025-11-03 13:00:00,3903.4704890661064
2025-11-03 14:00:00,3835.8048850167957
2025-11-03 15:00:00,3894.387202449714
2025-11-03 16:00:00,3811.4580844914913
2025-11-03 17:00:00,3893.292361670946
2025-11-03 18:00:00,3982.1382539147335
2025-11-03 19:00:00,3968.925626921065
2025-11-03 20:00:00,3981.457407476645
2025-11-03 21:00:00,3820.007950023628
2025-11-03 22:00:00,3656.8171991090885
2025-11-03 23:00:00,3442.1108175915124
2025-11-04 00:00:00,3305.154962729619
2025-11-04 01:00:00,3288.2079984048023
2025-11-04 02:00:00,3269.0632091970124
2025-11-04 03:00:00,3227.163516286569
2025-11-04 04:00:00,3215.5085407193505
2025-11-04 05:00:00,3251.1326053685007
2025-11-04 06:00:00,3428.2612274488256
2025-11-04 07:00:00,3584.940194534206
2025-11-04 08:00:00,3656.630352612468
2025-11-04 09:00:00,3737.1207461518075
2025-11-04 10:00:00,3812.2746322408043
2025-11-04 11:00:00,3845.019172797916
2025-11-04 12:00:00,3899.643877115272
2025-11-04 13:00:00,3921.105852061955
2025-11-04 14:00:00,3861.1111136827403
2025-11-04 15:00:00,3808.437412698032
2025-11-04 16:00:00,3825.210408538831
2025-11-04 17:00:00,3880.5210274549468
2025-11-04 18:00:00,3936.711641869461
2025-11-04 19:00:00,3994.660667120366
2025-11-04 20:00:00,3960.557018140318
2025-11-04 21:00:00,3820.1903026612717
2025-11-04 22:00:00,3642.1482423608195
2025-11-04 23:00:00,3455.510158688314
2025-11-05 00:00:00,3302.9236469304583
2025-11-05 01:00:00,3290.8043209377765
2025-11-05 02:00:00,3263.134629795231
2025-11-05 03:00:00,3176.7057714118537
2025-11-05 04:00:00,3259.8717660748007
2025-11-05 05:00:00,3303.6735138487984
2025-11-05 06:00:00,3424.1196092804166
2025-11-05 07:00:00,3566.030271320999
2025-11-05 08:00:00,3622.929095263996
2025-11-05 09:00:00,3734.2158239452615
2025-11-05 10:00:00,3789.671834446281
2025-11-05 11:00:00,3825.293812367793
2025-11-05 12:00:00,3844.965598464323
2025-11-05 13:00:00,3958.8530950607687
2025-11-05 14:00:00,3857.243593701531
2025-11-05 15:00:00,3852.372431785141
2025-11-05 16:00:00,3773.471351258891
2025-11-05 17:00:00,3905.387404290402
2025-11-05 18:00:00,3977.9312543033266
2025-11-05 19:00:00,3985.7602063177555
2025-11-05 20:00:00,3937.5639721610773
2025-11-05 21:00:00,3805.143174231612
2025-11-05 22:00:00,3669.3338857406284
2025-11-05 23:00:00,3402.946659397135
2025-11-06 00:00:00,3357.0625356127885
2025-11-06 01:00:00,3274.2251913993573
2025-11-06 02:00:00,3259.848552300834
2025-11-06 03:00:00,3216.066562099405
2025-11-06 04:00:00,3211.4149292051843
2025-11-06 05:00:00,3298.0032041536756
2025-11-06 06:00:00,3381.0546553011027
2025-11-06 07:00:00,3554.77591785513
2025-11-06 08:00:00,3587.242645742836
2025-11-06 09:00:00,3731.346274459116
2025-11-06 10:00:00,3781.2221699505913
2025-11-06 11:00:00,3793.1688170420207
2025-11-06 12:00:00,3873.209039214855
2025-11-06 13:00:00,3856.2220466329422
2025-11-06 14:00:00,3868.176761472518
2025-11-06 15:00:00,3785.45094850354
2025-11-06 16:00:00,3843.1667571492667
2025-11-06 17:00:00,3838.35265579
2025-11-06 18:00:00,3928.5453767091744
2025-11-06 19:00:00,3990.042913681155
2025-11-06 20:00:00,3918.4030534421404
2025-11-06 21:00:00,3789.36768713203
2025-11-06 22:00:00,3557.9520689081523
2025-11-06 23:00:00,3467.336151546045
2025-11-07 00:00:00,3381.6272878783598
2025-11-07 01:00:00,3370.2927897833997
2025-11-07 02:00:00,3261.1374300641314
2025-11-07 03:00:00,3241.177715388874
2025-11-07 04:00:00,3174.9868193213324
2025-11-07 05:00:00,3336.285186435135
2025-11-07 06:00:00,3431.50850100173
2025-11-07 07:00:00,3510.3655450138995
2025-11-07 08:00:00,3673.6901333087867
2025-11-07 09:00:00,3705.9115424983297
2025-11-07 10:00:00,3775.371991960372
2025-11-07 11:00:00,3841.7025787007683
2025-11-07 12:00:00,3832.1624472727444
2025-11-07 13:00:00,3934.8329638460664
2025-11-07 14:00:00,3832.390165880955
2025-11-07 15:00:00,3794.9994269930253
2025-11-07 16:00:00,3799.2970093682006
2025-11-07 17:00:00,3888.52571801215
2025-11-07 18:00:00,3921.382015905056
2025-11-07 19:00:00,3935.813045032011
2025-11-07 20:00:00,3921.7318150962383
2025-11-07 21:00:00,3788.28525739643
2025-11-07 22:00:00,3565.7837028976555
2025-11-07 23:00:00,3416.4534673733865
2025-11-08 00:00:00,3350.6913974723357
2025-11-08 01:00:00,3234.738998197611
2025-11-08 02:00:00,3210.969290087807
2025-11-08 03:00:00,3172.068369058092
2025-11-08 04:00:00,3170.6909485171236
2025-11-08 05:00:00,3273.3536335791127
2025-11-08 06:00:00,3358.1915981365228
2025-11-08 07:00:00,3400.3158121675633
2025-11-08 08:00:00,3449.939795516195
2025-11-08 09:00:00,3596.4525579618853
2025-11-08 10:00:00,3633.1296902142667
2025-11-08 11:00:00,3724.631416645943
2025-11-08 12:00:00,3644.9722279601347
2025-11-08 13:00:00,3755.3862172616778
2025-11-08 14:00:00,3807.0757605840936
2025-11-08 15:00:00,3701.161329751308
2025-11-08 16:00:00,3704.9552519541817
2025-11-08 17:00:00,3758.3890908492776
2025-11-08 18:00:00,3770.4677907448063
2025-11-08 19:00:00,3815.722758119285
2025-11-08 20:00:00,3777.1633278887557
2025-11-08 21:00:00,3655.3368559941223
2025-11-08 22:00:00,3556.9079562177235
2025-11-08 23:00:00,3383.218537420486
2025-11-09 00:00:00,3300.0345325632766
2025-11-09 01:00:00,3276.6345001709296
2025-11-09 02:00:00,3210.9150732945272
2025-11-09 03:00:00,3160.1696216638816
2025-11-09 04:00:00,3164.5344185392664
2025-11-09 05:00:00,3255.622026522606
2025-11-09 06:00:00,3303.058345533134
2025-11-09 07:00:00,3393.3626031938634
2025-11-09 08:00:00,3468.3288968409456
2025-11-09 09:00:00,3618.9003327813775
2025-11-09 10:00:00,3553.487636417829
2025-11-09 11:00:00,3666.709929514534
2025-11-09 12:00:00,3761.0583588173245
2025-11-09 13:00:00,3751.3505686479493
2025-11-09 14:00:00,3770.286125246276
2025-11-09 15:00:00,3712.804667838235
2025-11-09 16:00:00,3690.0363380542585
2025-11-09 17:00:00,3680.4812975501054
2025-11-09 18:00:00,3791.775116366032
2025-11-09 19:00:00,3799.684851982171
2025-11-09 20:00:00,3761.3153123699726
2025-11-09 21:00:00,3657.328223517713
2025-11-09 22:00:00,3569.707472759514
2025-11-09 23:00:00,3433.9600949607907
2025-11-10 00:00:00,3335.4591088780317
2025-11-10 01:00:00,3279.5965610254093
2025-11-10 02:00:00,3223.353317572725
2025-11-10 03:00:00,3228.216876141141
2025-11-10 04:00:00,3262.0345700792454
2025-11-10 05:00:00,3285.3224290438993
2025-11-10 06:00:00,3340.53718079773
2025-11-10 07:00:00,3537.721721532722
2025-11-10 08:00:00,3661.0055233376743
2025-11-10 09:00:00,3661.002119486254
2025-11-10 10:00:00,3789.061743777961
2025-11-10 11:00:00,3835.351893375192
2025-11-10 12:00:00,3857.1368035901955
2025-11-10 13:00:00,3872.576661982591
2025-11-10 14:00:00,3890.761218875133
2025-11-10 15:00:00,3809.224497638491
2025-11-10 16:00:00,3776.1510202366685
2025-11-10 17:00:00,3796.1161663449025
2025-11-10 18:00:00,3974.760627637092
2025-11-10 19:00:00,3992.5051730458845
2025-11-10 20:00:00,3937.8378502616133
2025-11-10 21:00:00,3770.3926042252197
2025-11-10 22:00:00,3579.321609202225
2025-11-10 23:00:00,3413.553164499323
2025-11-11 00:00:00,3316.583973833776
2025-11-11 01:00:00,3234.4473282738813
2025-11-11 02:00:00,3233.281327457725
2025-11-11 03:00:00,3206.6179654945877
2025-11-11 04:00:00,3230.2985520944144
2025-11-11 05:00:00,3289.201357906425
2025-11-11 06:00:00,3425.354776407012
2025-11-11 07:00:00,3555.1273146632448
2025-11-11 08:00:00,3661.3577663077554
2025-11-11 09:00:00,3720.211874074382
2025-11-11 10:00:00,3782.258106518279
2025-11-11 11:00:00,3789.747520474936
2025-11-11 12:00:00,3880.372076371759
2025-11-11 13:00:00,3947.701889528969
2025-11-11 14:00:00,3868.0946769878265
2025-11-11 15:00:00,3878.305308018351
2025-11-11 16:00:00,3773.1001588139507
2025-11-11 17:00:00,3821.91935746554
2025-11-11 18:00:00,3960.0844254808876
2025-11-11 19:00:00,3979.3901178523015
2025-11-11 20:00:00,3974.513850269683
2025-11-11 21:00:00,3781.4311013778006
2025-11-11 22:00:00,3567.856512701294
2025-11-11 23:00:00,3435.6475735131867
2025-11-12 00:00:00,3285.6936804640727
2025-11-12 01:00:00,3258.9877216626883
2025-11-12 02:00:00,3276.1697751546276
2025-11-12 03:00:00,3235.513142390277
2025-11-12 04:00:00,3222.409356816958
2025-11-12 05:00:00,3243.3997230040327
2025-11-12 06:00:00,3392.3285325770094
2025-11-12 07:00:00,3481.034093704007
2025-11-12 08:00:00,3663.044686436722
2025-11-12 09:00:00,3687.1913229800775
2025-11-12 10:00:00,3747.258501283286
2025-11-12 11:00:00,3818.8033056515073
2025-11-12 12:00:00,3835.948241765394
2025-11-12 13:00:00,3939.7106802651015
2025-11-12 14:00:00,3833.0285114803696
2025-11-12 15:00:00,3775.1564041693805
2025-11-12 16:00:00,3752.1364854192334
2025-11-12 17:00:00,3854.744533471456
2025-11-12 18:00:00,3913.6230975497697
2025-11-12 19:00:00,3923.7252424977714
2025-11-12 20:00:00,3968.6976163530735
2025-11-12 21:00:00,3800.270299920357
2025-11-12 22:00:00,3590.277035176042
2025-11-12 23:00:00,3477.4289978500697
2025-11-13 00:00:00,3342.5264993282044
2025-11-13 01:00:00,3265.481944736707
2025-11-13 02:00:00,3222.3233453084563
2025-11-13 03:00:00,3232.5705062336347
2025-11-13 04:00:00,3221.7382001880837
2025-11-13 05:00:00,3291.5844081532064
2025-11-13 06:00:00,3377.441621893651
2025-11-13 07:00:00,3530.90826598273
2025-11-13 08:00:00,3605.2449432883827
2025-11-13 09:00:00,3699.712465916376
2025-11-13 10:00:00,3822.035397610464
2025-11-13 11:00:00,3795.9081022394503
2025-11-13 12:00:00,3805.36876877999
2025-11-13 13:00:00,3858.879326286644
2025-11-13 14:00:00,3884.52063218168
2025-11-13 15:00:00,3823.859086121827
2025-11-13 16:00:00,3812.148032205029
2025-11-13 17:00:00,3838.1696484335666
2025-11-13 18:00:00,3944.6889785572694
2025-11-13 19:00:00,3940.2658171237736
2025-11-13 20:00:00,3939.0402058340455
2025-11-13 21:00:00,3756.196300835726
2025-11-13 22:00:00,3563.6081588206202
2025-11-13 23:00:00,3420.717794450909
2025-11-14 00:00:00,3313.3578611551216
2025-11-14 01:00:00,3284.2900252147297
2025-11-14 02:00:00,3253.926006976665
2025-11-14 03:00:00,3115.324580498054
2025-11-14 04:00:00,3189.302327486632
2025-11-14 05:00:00,3275.2812418136937
2025-11-14 06:00:00,3439.7932064487572
2025-11-14 07:00:00,3481.8195960841113
2025-11-14 08:00:00,3630.1821124020853
2025-11-14 09:00:00,3745.255583884518
2025-11-14 10:00:00,3736.8536327525217
2025-11-14 11:00:00,3826.3083489162655
2025-11-14 12:00:00,3827.3285459610165
2025-11-14 13:00:00,3874.1134362726684
2025-11-14 14:00:00,3827.302690989517
2025-11-14 15:00:00,3791.9543664570688
2025-11-14 16:00:00,3897.3436954272574
2025-11-14 17:00:00,3878.0747878584134
2025-11-14 18:00:00,3962.1994390971213
2025-11-14 19:00:00,3980.9547248208596
2025-11-14 20:00:00,3877.112468322668
2025-11-14 21:00:00,3788.453798680634
2025-11-14 22:00:00,3618.4899536456446
2025-11-14 23:00:00,3413.1717722265016
2025-11-15 00:00:00,3309.4009600726527
2025-11-15 01:00:00,3264.5838586863756
2025-11-15 02:00:00,3256.083251226948
2025-11-15 03:00:00,3160.1992070902215
2025-11-15 04:00:00,3142.954436022969
2025-11-15 05:00:00,3236.9004070616575
2025-11-15 06:00:00,3359.9364641324664
2025-11-15 07:00:00,3347.5894486481357
2025-11-15 08:00:00,3415.313430547398
2025-11-15 09:00:00,3550.810253343883
2025-11-15 10:00:00,3610.937099072254
2025-11-15 11:00:00,3661.741773703825
2025-11-15 12:00:00,3727.2386436088486
2025-11-15 13:00:00,3720.490910443255
2025-11-15 14:00:00,3681.0150296336046
2025-11-15 15:00:00,3759.7675884700443
2025-11-15 16:00:00,3669.75091126196
2025-11-15 17:00:00,3705.3495069868513
2025-11-15 18:00:00,3808.088360813566
2025-11-15 19:00:00,3800.778797551662
2025-11-15 20:00:00,3772.8439009744916
2025-11-15 21:00:00,3675.657355126325
2025-11-15 22:00:00,3540.956646518504
2025-11-15 23:00:00,3350.572572849799
2025-11-16 00:00:00,3322.4334703240825
2025-11-16 01:00:00,3189.34742709068
2025-11-16 02:00:00,3226.552542786268
2025-11-16 03:00:00,3148.0430633417136
2025-11-16 04:00:00,3204.1224094317176
2025-11-16 05:00:00,3248.4764242801743
2025-11-16 06:00:00,3302.3756946530616
2025-11-16 07:00:00,3413.716143559562
2025-11-16 08:00:00,3495.9730978190482
2025-11-16 09:00:00,3564.842531821416
2025-11-16 10:00:00,3592.253035930008
2025-11-16 11:00:00,3645.649038717793
2025-11-16 12:00:00,3697.4299952084975
2025-11-16 13:00:00,3734.0476471921443
2025-11-16 14:00:00,3757.6846559299493
2025-11-16 15:00:00,3637.948879358811
2025-11-16 16:00:00,3707.440000640305
2025-11-16 17:00:00,3726.6152844556104
2025-11-16 18:00:00,3747.701310796095
2025-11-16 19:00:00,3788.105394715234
2025-11-16 20:00:00,3766.535061871953
2025-11-16 21:00:00,3554.38576772679
2025-11-16 22:00:00,3489.213897674381
2025-11-16 23:00:00,3334.4517638343946
2025-11-17 00:00:00,3332.871144600152
2025-11-17 01:00:00,3259.869511003695
2025-11-17 02:00:00,3237.7188365749034
2025-11-17 03:00:00,3245.138693036608
2025-11-17 04:00:00,3231.0873181463903
2025-11-17 05:00:00,3304.6959734961956
2025-11-17 06:00:00,3380.5782990480016
2025-11-17 07:00:00,3522.526394940878
2025-11-17 08:00:00,3613.653722065145
2025-11-17 09:00:00,3690.055936499771
2025-11-17 10:00:00,3783.639681873128
2025-11-17 11:00:00,3790.8006213086724
2025-11-17 12:00:00,3892.6501059921534
2025-11-17 13:00:00,3879.4416612613336
2025-11-17 14:00:00,3865.7341716289366
2025-11-17 15:00:00,3853.3471392063693
2025-11-17 16:00:00,3840.4286617686635
2025-11-17 17:00:00,3803.3473974632634
2025-11-17 18:00:00,3936.0900721794937
2025-11-17 19:00:00,3986.7930719814285
2025-11-17 20:00:00,3950.114579587444
2025-11-17 21:00:00,3737.691011960856
2025-11-17 22:00:00,3563.8836476780243
2025-11-17 23:00:00,3459.1697453834986
2025-11-18 00:00:00,3297.0015809633232
2025-11-18 01:00:00,3271.6584520923643
2025-11-18 02:00:00,3282.6953988741766
2025-11-18 03:00:00,3202.904793943664
2025-11-18 04:00:00,3185.500603309714
2025-11-18 05:00:00,3256.496010248613
2025-11-18 06:00:00,3401.638562147763
2025-11-18 07:00:00,3468.3063289893266
2025-11-18 08:00:00,3611.6217163260894
2025-11-18 09:00:00,3704.0215421901507
2025-11-18 10:00:00,3808.7425808515145
2025-11-18 11:00:00,3827.592628341757
2025-11-18 12:00:00,3822.991648952873
2025-11-18 13:00:00,3919.2548223471176
2025-11-18 14:00:00,3835.7430636409395
2025-11-18 15:00:00,3769.6232480141894
2025-11-18 16:00:00,3802.0203433797947
2025-11-18 17:00:00,3889.1936197263667
2025-11-18 18:00:00,3925.529722903729
2025-11-18 19:00:00,3958.4394798608723
2025-11-18 20:00:00,3971.69484225883
2025-11-18 21:00:00,3726.400067782453
2025-11-18 22:00:00,3544.255775505413
2025-11-18 23:00:00,3385.961162958077
2025-11-19 00:00:00,3325.6080052963316
2025-11-19 01:00:00,3282.410721491646
2025-11-19 02:00:00,3280.358115655846
2025-11-19 03:00:00,3208.9253966042356
2025-11-19 04:00:00,3192.3320888055105
2025-11-19 05:00:00,3278.0916157788297
2025-11-19 06:00:00,3394.2738079469796
2025-11-19 07:00:00,3457.2522128552278
2025-11-19 08:00:00,3695.5820682128074
2025-11-19 09:00:00,3707.866980061833
2025-11-19 10:00:00,3774.1975621877223
2025-11-19 11:00:00,3824.274246209976
2025-11-19 12:00:00,3865.036046685707
2025-11-19 13:00:00,3876.539517644603
2025-11-19 14:00:00,3823.816628686817
2025-11-19 15:00:00,3823.7958647885494
2025-11-19 16:00:00,3817.2886903223616
2025-11-19 17:00:00,3818.323923918517
2025-11-19 18:00:00,3963.066845571745
2025-11-19 19:00:00,3965.5452764049965
2025-11-19 20:00:00,3941.4608425435854
2025-11-19 21:00:00,3809.823880220447
2025-11-19 22:00:00,3580.1007336869234
2025-11-19 23:00:00,3437.4532551570637
2025-11-20 00:00:00,3335.7220546284348
2025-11-20 01:00:00,3257.582608484993
2025-11-20 02:00:00,3240.321826752827
2025-11-20 03:00:00,3204.474707571179
2025-11-20 04:00:00,3176.7746674317245
2025-11-20 05:00:00,3337.33458657296
2025-11-20 06:00:00,3351.407831919388
2025-11-20 07:00:00,3466.180964742266
2025-11-20 08:00:00,3653.5531372215432
2025-11-20 09:00:00,3711.924326021152
2025-11-20 10:00:00,3735.2757208333624
2025-11-20 11:00:00,3822.329690973904
2025-11-20 12:00:00,3886.6213909103126
2025-11-20 13:00:00,3878.233988748004
2025-11-20 14:00:00,3921.378538445965
2025-11-20 15:00:00,3751.384831387696
2025-11-20 16:00:00,3824.96300275977
2025-11-20 17:00:00,3877.361132675485
2025-11-20 18:00:00,3944.76500528763
2025-11-20 19:00:00,3948.031911725925
2025-11-20 20:00:00,3907.7341381877122
2025-11-20 21:00:00,3779.5694000636013
2025-11-20 22:00:00,3601.2275128692345
2025-11-20 23:00:00,3443.749173924426
2025-11-21 00:00:00,3340.3467178234955
2025-11-21 01:00:00,3248.4420567896364
2025-11-21 02:00:00,3231.593057213992
2025-11-21 03:00:00,3175.783794452018
2025-11-21 04:00:00,3189.9630375001034
2025-11-21 05:00:00,3301.7374756856243
2025-11-21 06:00:00,3391.000208862526
2025-11-21 07:00:00,3574.0222294180626
2025-11-21 08:00:00,3619.536585575381
2025-11-21 09:00:00,3690.9971640083795
2025-11-21 10:00:00,3767.7237705187554
2025-11-21 11:00:00,3782.7707403547656
2025-11-21 12:00:00,3838.0398067414967
2025-11-21 13:00:00,3912.4453612341927
2025-11-21 14:00:00,3843.317474134063
2025-11-21 15:00:00,3778.036245229118
2025-11-21 16:00:00,3774.0325622800447
2025-11-21 17:00:00,3825.986921471537
2025-11-21 18:00:00,3917.4204474077096
2025-11-21 19:00:00,3990.4958556847623
2025-11-21 20:00:00,3873.1217299191503
2025-11-21 21:00:00,3754.8939891140294
2025-11-21 22:00:00,3580.4284134666846
2025-11-21 23:00:00,3375.464528978519
2025-11-22 00:00:00,3251.8765790478546
2025-11-22 01:00:00,3218.478022815205
2025-11-22 02:00:00,3178.083603683026
2025-11-22 03:00:00,3165.6739777450384
2025-11-22 04:00:00,3156.761746121984
2025-11-22 05:00:00,3221.7038098644457
2025-11-22 06:00:00,3322.674098006344
2025-11-22 07:00:00,3433.277576681531
2025-11-22 08:00:00,3507.251304027243
2025-11-22 09:00:00,3482.7016090672637
2025-11-22 10:00:00,3629.0444880462815
2025-11-22 11:00:00,3644.798267841904
2025-11-22 12:00:00,3692.202611561688
2025-11-22 13:00:00,3713.3845593088777
2025-11-22 14:00:00,3728.7585839708386
2025-11-22 15:00:00,3692.092043372144
2025-11-22 16:00:00,3670.5457158057616
2025-11-22 17:00:00,3698.540627863969
2025-11-22 18:00:00,3749.3759190361034
2025-11-22 19:00:00,3807.634305259896
2025-11-22 20:00:00,3780.914659381053
2025-11-22 21:00:00,3674.914309526373
2025-11-22 22:00:00,3485.645951982887
2025-11-22 23:00:00,3356.5705864826364
2025-11-23 00:00:00,3297.492322499423
2025-11-23 01:00:00,3264.8456256374598
2025-11-23 02:00:00,3195.565650764763
2025-11-23 03:00:00,3153.8736044216507
2025-11-23 04:00:00,3164.2885917259596
2025-11-23 05:00:00,3204.9314722217778
2025-11-23 06:00:00,3304.781533927591
2025-11-23 07:00:00,3405.297551304643
2025-11-23 08:00:00,3478.1294808510725
2025-11-23 09:00:00,3527.939298744912
2025-11-23 10:00:00,3617.098024987534
2025-11-23 11:00:00,3624.3521309755242
2025-11-23 12:00:00,3706.778868514295
2025-11-23 13:00:00,3721.3284567260253
2025-11-23 14:00:00,3715.426327308255
2025-11-23 15:00:00,3675.367488976651
2025-11-23 16:00:00,3684.1794686293665
2025-11-23 17:00:00,3710.3047881012044
2025-11-23 18:00:00,3781.062858695707
2025-11-23 19:00:00,3786.858826272153
2025-11-23 20:00:00,3809.1916938367267
2025-11-23 21:00:00,3691.1871513842125
2025-11-23 22:00:00,3473.0223886906037
2025-11-23 23:00:00,3349.3874563216887
2025-11-24 00:00:00,3291.274997173967
2025-11-24 01:00:00,3262.3525547776276
2025-11-24 02:00:00,3285.099100305486
2025-11-24 03:00:00,3187.8436384965157
2025-11-24 04:00:00,3204.9163179715083
2025-11-24 05:00:00,3285.064869505659
2025-11-24 06:00:00,3356.603108213989
2025-11-24 07:00:00,3472.5607286049476
2025-11-24 08:00:00,3574.4461001350246
2025-11-24 09:00:00,3658.3474721892408
2025-11-24 10:00:00,3673.934136640294
2025-11-24 11:00:00,3813.7950638789725
2025-11-24 12:00:00,3897.86845778138
2025-11-24 13:00:00,3877.024257028393
2025-11-24 14:00:00,3791.3988743258033
2025-11-24 15:00:00,3777.725462294354
2025-11-24 16:00:00,3783.311965004269
2025-11-24 17:00:00,3803.630018071321
2025-11-24 18:00:00,3936.948185307925
2025-11-24 19:00:00,3973.226845711023
2025-11-24 20:00:00,3873.898472890587
2025-11-24 21:00:00,3781.4636179971412
2025-11-24 22:00:00,3615.298618804178
2025-11-24 23:00:00,3473.359783398448
2025-11-25 00:00:00,3382.90705190473
2025-11-25 01:00:00,3245.929259747139
2025-11-25 02:00:00,3304.9629412750082
2025-11-25 03:00:00,3185.308810720696
2025-11-25 04:00:00,3179.2201278782877
2025-11-25 05:00:00,3278.0769002270213
2025-11-25 06:00:00,3366.514592462194
2025-11-25 07:00:00,3506.163503354276
2025-11-25 08:00:00,3569.6482948289313
2025-11-25 09:00:00,3675.875334678193
2025-11-25 10:00:00,3796.7216693475484
2025-11-25 11:00:00,3793.9192263920086
2025-11-25 12:00:00,3837.574773421654
2025-11-25 13:00:00,3885.530427378826
2025-11-25 14:00:00,3869.1319634417996
2025-11-25 15:00:00,3745.390650134698
2025-11-25 16:00:00,3813.4011034341006
2025-11-25 17:00:00,3825.009899161807
2025-11-25 18:00:00,3913.6043330296407
2025-11-25 19:00:00,3979.4350453728157
2025-11-25 20:00:00,3871.0552246401885
2025-11-25 21:00:00,3727.6264736275234
2025-11-25 22:00:00,3514.8891580282984
2025-11-25 23:00:00,3404.8204787549203
2025-11-26 00:00:00,3340.9112250633616
2025-11-26 01:00:00,3265.00899214795
2025-11-26 02:00:00,3195.9614772019577
2025-11-26 03:00:00,3180.625323093768
2025-11-26 04:00:00,3155.0253080484226
2025-11-26 05:00:00,3238.7434579702804
2025-11-26 06:00:00,3391.3733425714618
2025-11-26 07:00:00,3460.744344858733
2025-11-26 08:00:00,3638.3469583006713
2025-11-26 09:00:00,3679.2830716862095
2025-11-26 10:00:00,3759.08009010533
2025-11-26 11:00:00,3785.623532058927
2025-11-26 12:00:00,3855.328133433927
2025-11-26 13:00:00,3893.4446633722596
2025-11-26 14:00:00,3841.9084043377757
2025-11-26 15:00:00,3811.2156788484413
2025-11-26 16:00:00,3787.635401351195
2025-11-26 17:00:00,3848.2581535176437
2025-11-26 18:00:00,3896.208023503961
2025-11-26 19:00:00,3944.403600453338
2025-11-26 20:00:00,3898.1843489144567
2025-11-26 21:00:00,3742.767432678808
2025-11-26 22:00:00,3549.008633919615
2025-11-26 23:00:00,3431.212188844508
2025-11-27 00:00:00,3339.0154006225025
2025-11-27 01:00:00,3297.4261697490497
2025-11-27 02:00:00,3196.8079684095524
2025-11-27 03:00:00,3224.638834512954
2025-11-27 04:00:00,3183.59684232557
2025-11-27 05:00:00,3282.519828326456
2025-11-27 06:00:00,3354.9686866615166
2025-11-27 07:00:00,3496.0843469477477
2025-11-27 08:00:00,3613.8140168748273
2025-11-27 09:00:00,3636.1609591890187
2025-11-27 10:00:00,3773.237620746119
2025-11-27 11:00:00,3833.350928360974
2025-11-27 12:00:00,3824.713448565441
2025-11-27 13:00:00,3909.699253388637
2025-11-27 14:00:00,3824.2524451878994
2025-11-27 15:00:00,3818.291594945271
2025-11-27 16:00:00,3725.203416930747
2025-11-27 17:00:00,3904.1773562172134
2025-11-27 18:00:00,3951.8841393080957
2025-11-27 19:00:00,3933.736140353537
2025-11-27 20:00:00,3843.553411421383
2025-11-27 21:00:00,3763.6177357843917
2025-11-27 22:00:00,3526.0108030236884
2025-11-27 23:00:00,3429.1791356675103
2025-11-28 00:00:00,3313.906564678436
2025-11-28 01:00:00,3240.9036109011395
2025-11-28 02:00:00,3256.909872045589
2025-11-28 03:00:00,3210.988935315565
2025-11-28 04:00:00,3215.334263277915
2025-11-28 05:00:00,3265.7282016365375
2025-11-28 06:00:00,3339.8458848511086
2025-11-28 07:00:00,3518.011176439352
2025-11-28 08:00:00,3595.5129684920903
2025-11-28 09:00:00,3637.4786412050853
2025-11-28 10:00:00,3794.0430402662905
2025-11-28 11:00:00,3854.649526785081
2025-11-28 12:00:00,3827.250141274457
2025-11-28 13:00:00,3932.826066561358
2025-11-28 14:00:00,3831.3102907865523
2025-11-28 15:00:00,3779.4406445182653
2025-11-28 16:00:00,3771.858609086898
2025-11-28 17:00:00,3878.654230132204
2025-11-28 18:00:00,3879.21953814132
2025-11-28 19:00:00,3964.299089488873
2025-11-28 20:00:00,3886.1204486723914
2025-11-28 21:00:00,3739.6227139298294
2025-11-28 22:00:00,3595.1614584784797
2025-11-28 23:00:00,3405.2500512951865
2025-11-29 00:00:00,3253.622133337523
2025-11-29 01:00:00,3255.9148429015268
2025-11-29 02:00:00,3229.908626152896
2025-11-29 03:00:00,3167.8890155289014
2025-11-29 04:00:00,3135.125643415109
2025-11-29 05:00:00,3213.492782817624
2025-11-29 06:00:00,3303.823089368134
2025-11-29 07:00:00,3385.420753730858
2025-11-29 08:00:00,3424.510814615696
2025-11-29 09:00:00,3547.229224052403
2025-11-29 10:00:00,3604.331950897495
2025-11-29 11:00:00,3589.43432918834
2025-11-29 12:00:00,3649.5821946994906
2025-11-29 13:00:00,3699.445870431524
2025-11-29 14:00:00,3712.2612646032094
2025-11-29 15:00:00,3732.4804199817454
2025-11-29 16:00:00,3683.9126730937705
2025-11-29 17:00:00,3689.4423792081966
2025-11-29 18:00:00,3758.5680762954803
2025-11-29 19:00:00,3778.7913810023483
2025-11-29 20:00:00,3761.6935201731744
2025-11-29 21:00:00,3656.2906318985006
2025-11-29 22:00:00,3523.064557682948
2025-11-29 23:00:00,3338.582903028994
2025-11-30 00:00:00,3305.690458491687
2025-11-30 01:00:00,3248.8334597985086
2025-11-30 02:00:00,3169.856885623756
2025-11-30 03:00:00,3206.089490005589
2025-11-30 04:00:00,3158.635451790482
2025-11-30 05:00:00,3203.854635414265
2025-11-30 06:00:00,3344.0552932583123
2025-11-30 07:00:00,3431.5293277474975
2025-11-30 08:00:00,3449.520086567355
2025-11-30 09:00:00,3511.2363680848234
2025-11-30 10:00:00,3595.4854474064673
2025-11-30 11:00:00,3658.756455551631
2025-11-30 12:00:00,3713.033538771035
2025-11-30 13:00:00,3729.91013834155
2025-11-30 14:00:00,3715.9861018122265
2025-11-30 15:00:00,3719.5069090704465
2025-11-30 16:00:00,3666.261308936661
2025-11-30 17:00:00,3743.5866800935833
2025-11-30 18:00:00,3741.826271541491
2025-11-30 19:00:00,3801.035559040681
2025-11-30 20:00:00,3747.0619336038344
2025-11-30 21:00:00,3636.329657855467
2025-11-30 22:00:00,3477.4059889303767
2025-11-30 23:00:00,3373.82971654064
2025-12-01 00:00:00,3246.6603687925654
2025-12-01 01:00:00,3209.5777845048433
2025-12-01 02:00:00,3245.740876670969
2025-12-01 03:00:00,3179.1515022192843
2025-12-01 04:00:00,3094.2844913998697
2025-12-01 05:00:00,3214.0972771086667
2025-12-01 06:00:00,3291.615256187012
2025-12-01 07:00:00,3425.1170228757564
2025-12-01 08:00:00,3473.248169605452
2025-12-01 09:00:00,3632.938051111865
2025-12-01 10:00:00,3677.2434420218165
2025-12-01 11:00:00,3750.0545418847414
2025-12-01 12:00:00,3736.1562084284396
2025-12-01 13:00:00,3825.016585913135
2025-12-01 14:00:00,3772.804794416786
2025-12-01 15:00:00,3793.295879285136
2025-12-01 16:00:00,3790.5792585704808
2025-12-01 17:00:00,3809.152273941656
2025-12-01 18:00:00,3849.50785235439
2025-12-01 19:00:00,3958.5956082066564
2025-12-01 20:00:00,3811.639953463929
2025-12-01 21:00:00,3669.4762550135224
2025-12-01 22:00:00,3523.2263353512835
2025-12-01 23:00:00,3438.0412257511693
2025-12-02 00:00:00,3259.2787446808634
2025-12-02 01:00:00,3222.7344793935554
2025-12-02 02:00:00,3153.566709984356
2025-12-02 03:00:00,3177.133385067946
2025-12-02 04:00:00,3177.316190770946
2025-12-02 05:00:00,3247.8395274134873
2025-12-02 06:00:00,3321.951223181981
2025-12-02 07:00:00,3430.5442835942385
2025-12-02 08:00:00,3524.4995956297826
2025-12-02 09:00:00,3637.97558482819
2025-12-02 10:00:00,3677.666666253687
2025-12-02 11:00:00,3711.5355192351867
2025-12-02 12:00:00,3771.0997331808207
2025-12-02 13:00:00,3806.0701391470043
2025-12-02 14:00:00,3767.640080703679
2025-12-02 15:00:00,3760.8096394876775
2025-12-02 16:00:00,3749.197565801696
2025-12-02 17:00:00,3775.2025583701325
2025-12-02 18:00:00,3863.7687492486975
2025-12-02 19:00:00,3864.31966390566
2025-12-02 20:00:00,3861.369483013875
2025-12-02 21:00:00,3714.200386959845
2025-12-02 22:00:00,3481.867453343531
2025-12-02 23:00:00,3402.745596988288
2025-12-03 00:00:00,3240.3264317666158
2025-12-03 01:00:00,3228.5852743591713
2025-12-03 02:00:00,3218.8790568187687
2025-12-03 03:00:00,3175.4301219290483
2025-12-03 04:00:00,3152.953382821974
2025-12-03 05:00:00,3216.898263327942
2025-12-03 06:00:00,3362.803128419986
2025-12-03 07:00:00,3467.3695367063547
2025-12-03 08:00:00,3542.3937682417704
2025-12-03 09:00:00,3611.0613558389227
2025-12-03 10:00:00,3646.8584086252295
2025-12-03 11:00:00,3750.0370596907815
2025-12-03 12:00:00,3780.002692481399
2025-12-03 13:00:00,3854.306781450876
2025-12-03 14:00:00,3793.3701515026332
2025-12-03 15:00:00,3785.399754319602
2025-12-03 16:00:00,3724.526360862374
2025-12-03 17:00:00,3816.9456053608187
2025-12-03 18:00:00,3840.3530414063935
2025-12-03 19:00:00,3917.9774306847453
2025-12-03 20:00:00,3811.664276912592
2025-12-03 21:00:00,3715.314052399439
2025-12-03 22:00:00,3466.986246599066
2025-12-03 23:00:00,3367.376078333811
2025-12-04 00:00:00,3273.6253395071844
2025-12-04 01:00:00,3211.622440049583
2025-12-04 02:00:00,3161.203685665395
2025-12-04 03:00:00,3172.2527408220362
2025-12-04 04:00:00,3148.316271516595
2025-12-04 05:00:00,3212.4325219768525
2025-12-04 06:00:00,3337.390996806662
2025-12-04 07:00:00,3520.2008326566274
2025-12-04 08:00:00,3591.5306542650865
2025-12-04 09:00:00,3666.617831518836
2025-12-04 10:00:00,3719.886219651066
2025-12-04 11:00:00,3749.026080445995
2025-12-04 12:00:00,3708.6303691560092
2025-12-04 13:00:00,3797.4391090502513
2025-12-04 14:00:00,3766.5723241167266
2025-12-04 15:00:00,3687.8821020210125
2025-12-04 16:00:00,3709.3721778735066
2025-12-04 17:00:00,3721.191087262303
2025-12-04 18:00:00,3854.0665706082555
2025-12-04 19:00:00,3917.8134333957746
2025-12-04 20:00:00,3889.3836808048823
2025-12-04 21:00:00,3719.2705110445986
2025-12-04 22:00:00,3494.4795387891822
2025-12-04 23:00:00,3321.202344808244
2025-12-05 00:00:00,3215.117891929615
2025-12-05 01:00:00,3191.1656069852042
2025-12-05 02:00:00,3164.176662450762
2025-12-05 03:00:00,3145.756239028692
2025-12-05 04:00:00,3124.2264555654083
2025-12-05 05:00:00,3232.636710001658
2025-12-05 06:00:00,3328.8657200580737
2025-12-05 07:00:00,3446.5224008395176
2025-12-05 08:00:00,3589.851042609123
2025-12-05 09:00:00,3597.2247145864553
2025-12-05 10:00:00,3718.0379364471464
2025-12-05 11:00:00,3742.263313363735
2025-12-05 12:00:00,3769.654020505908
2025-12-05 13:00:00,3843.824930424321
2025-12-05 14:00:00,3806.317491756494
2025-12-05 15:00:00,3714.342381943554
2025-12-05 16:00:00,3737.227539477045
2025-12-05 17:00:00,3788.2411982538133
2025-12-05 18:00:00,3845.4334378263707
2025-12-05 19:00:00,3909.1168170618816
2025-12-05 20:00:00,3862.519831157563
2025-12-05 21:00:00,3759.9517221454325
2025-12-05 22:00:00,3477.2472920428963
2025-12-05 23:00:00,3368.8161983953764
2025-12-06 00:00:00,3199.323049084436
2025-12-06 01:00:00,3201.0990294976973
2025-12-06 02:00:00,3107.924521854761
2025-12-06 03:00:00,3120.2375982191197
2025-12-06 04:00:00,3095.9331039144504
2025-12-06 05:00:00,3166.9924010343543
2025-12-06 06:00:00,3222.0668573368066
2025-12-06 07:00:00,3321.4711641880804
2025-12-06 08:00:00,3437.5288080722785
2025-12-06 09:00:00,3481.345771342639
2025-12-06 10:00:00,3573.9904757023464
2025-12-06 11:00:00,3641.0274268620337
2025-12-06 12:00:00,3637.879593919205
2025-12-06 13:00:00,3650.868607329505
2025-12-06 14:00:00,3680.9710191245185
2025-12-06 15:00:00,3614.412351620667
2025-12-06 16:00:00,3615.5703470581475
2025-12-06 17:00:00,3622.671956371967
2025-12-06 18:00:00,3731.7549117571393
2025-12-06 19:00:00,3729.7954794287857
2025-12-06 20:00:00,3709.7021645859872
2025-12-06 21:00:00,3563.3974570181754
2025-12-06 22:00:00,3457.019110978156
2025-12-06 23:00:00,3276.736208726618
2025-12-07 00:00:00,3217.9674848636155
2025-12-07 01:00:00,3206.9537512329944
2025-12-07 02:00:00,3167.471209896893
2025-12-07 03:00:00,3109.9812004904825
2025-12-07 04:00:00,3066.5308134862817
2025-12-07 05:00:00,3260.836613802374
2025-12-07 06:00:00,3304.1629942797294
2025-12-07 07:00:00,3351.977798918575
2025-12-07 08:00:00,3386.242359256829
2025-12-07 09:00:00,3477.6673607747093
2025-12-07 10:00:00,3539.436343086965
2025-12-07 11:00:00,3628.23822113151
2025-12-07 12:00:00,3636.5718499572577
2025-12-07 13:00:00,3642.9832419720856
2025-12-07 14:00:00,3652.1748466276995
2025-12-07 15:00:00,3661.5008633675384
2025-12-07 16:00:00,3675.404382049953
2025-12-07 17:00:00,3710.8037577017894
2025-12-07 18:00:00,3725.4375785353063
2025-12-07 19:00:00,3732.4826852303945
2025-12-07 20:00:00,3606.984297037495
2025-12-07 21:00:00,3600.4598593669834
2025-12-07 22:00:00,3443.750026309974
2025-12-07 23:00:00,3299.3706511581636
2025-12-08 00:00:00,3258.937581527114
2025-12-08 01:00:00,3186.345598284804
2025-12-08 02:00:00,3197.6942343964656
2025-12-08 03:00:00,3162.3947926367955
2025-12-08 04:00:00,3163.656467679518
2025-12-08 05:00:00,3244.9033098674804
2025-12-08 06:00:00,3347.6673556856567
2025-12-08 07:00:00,3431.327500878542
2025-12-08 08:00:00,3551.658518699432
2025-12-08 09:00:00,3630.351801957029
2025-12-08 10:00:00,3704.9314528544887
2025-12-08 11:00:00,3768.616234406781
2025-12-08 12:00:00,3795.21968599988
2025-12-08 13:00:00,3876.1581756313813
2025-12-08 14:00:00,3842.4259658318647
2025-12-08 15:00:00,3741.14179375147
2025-12-08 16:00:00,3624.0048106224563
2025-12-08 17:00:00,3813.1369167154294
2025-12-08 18:00:00,3833.168952800441
2025-12-08 19:00:00,3861.907302061779
2025-12-08 20:00:00,3837.5402158008474
2025-12-08 21:00:00,3688.5151894443543
2025-12-08 22:00:00,3533.880079055883
2025-12-08 23:00:00,3326.5605247958206
2025-12-09 00:00:00,3228.3626250513225
2025-12-09 01:00:00,3228.2721019253513
2025-12-09 02:00:00,3198.2887051335397
2025-12-09 03:00:00,3161.567280637651
2025-12-09 04:00:00,3125.6194152834496
2025-12-09 05:00:00,3194.238198997924
2025-12-09 06:00:00,3316.9502822603267
2025-12-09 07:00:00,3448.0679224312526
2025-12-09 08:00:00,3594.6957916604483
2025-12-09 09:00:00,3567.088688167425
2025-12-09 10:00:00,3693.964274207273
2025-12-09 11:00:00,3697.656588363373
2025-12-09 12:00:00,3724.617465710923
2025-12-09 13:00:00,3840.998235775502
2025-12-09 14:00:00,3790.954222160382
2025-12-09 15:00:00,3750.941788817544
2025-12-09 16:00:00,3765.042413308137
2025-12-09 17:00:00,3760.023075402825
2025-12-09 18:00:00,3835.198566632546
2025-12-09 19:00:00,3953.4653266296355
2025-12-09 20:00:00,3840.92720866539
2025-12-09 21:00:00,3722.2615696615894
2025-12-09 22:00:00,3515.6532628947607
2025-12-09 23:00:00,3317.662438445432
2025-12-10 00:00:00,3202.1196480386493
2025-12-10 01:00:00,3203.4678808692584
2025-12-10 02:00:00,3208.2610651212403
2025-12-10 03:00:00,3164.2189227792264
2025-12-10 04:00:00,3167.3830716684406
2025-12-10 05:00:00,3192.961509651711
2025-12-10 06:00:00,3372.3919203766914
2025-12-10 07:00:00,3413.7754577372034
2025-12-10 08:00:00,3557.3567749446247
2025-12-10 09:00:00,3624.9957220376245
2025-12-10 10:00:00,3694.135929066634
2025-12-10 11:00:00,3776.2851912242118
2025-12-10 12:00:00,3751.982663414398
2025-12-10 13:00:00,3769.1212668647186
2025-12-10 14:00:00,3773.8708132525153
2025-12-10 15:00:00,3724.323511633145
2025-12-10 16:00:00,3837.225045810076
2025-12-10 17:00:00,3793.6883746662493
2025-12-10 18:00:00,3834.6541650619324
2025-12-10 19:00:00,3851.428100239781
2025-12-10 20:00:00,3789.3812989461567
2025-12-10 21:00:00,3668.941002096681
2025-12-10 22:00:00,3517.549050164196
2025-12-10 23:00:00,3404.7853109619214
2025-12-11 00:00:00,3283.5227774975483
2025-12-11 01:00:00,3223.235789456943
2025-12-11 02:00:00,3172.1359614029784
2025-12-11 03:00:00,3150.1371923327497
2025-12-11 04:00:00,3130.3351633978223
2025-12-11 05:00:00,3261.5676617456593
2025-12-11 06:00:00,3323.24448761618
2025-12-11 07:00:00,3436.8491618225826
2025-12-11 08:00:00,3487.235050747507
2025-12-11 09:00:00,3618.4629458374147
2025-12-11 10:00:00,3722.8381710051563
2025-12-11 11:00:00,3703.167760384915
2025-12-11 12:00:00,3749.398781378318
2025-12-11 13:00:00,3833.1894497984003
2025-12-11 14:00:00,3727.4926029731287
2025-12-11 15:00:00,3766.6796281245274
2025-12-11 16:00:00,3719.171159721962
2025-12-11 17:00:00,3760.327236646362
2025-12-11 18:00:00,3811.435033273888
2025-12-11 19:00:00,3894.7391815894375
2025-12-11 20:00:00,3921.7002854603984
2025-12-11 21:00:00,3721.211398562654
2025-12-11 22:00:00,3488.895302175775
2025-12-11 23:00:00,3395.8361177436173
2025-12-12 00:00:00,3245.0540405879055
2025-12-12 01:00:00,3251.693128637879
2025-12-12 02:00:00,3199.8752137736765
2025-12-12 03:00:00,3068.4002914133903
2025-12-12 04:00:00,3117.1465747039306
2025-12-12 05:00:00,3240.62639764508
2025-12-12 06:00:00,3331.271400529867
2025-12-12 07:00:00,3409.9838760722027
2025-12-12 08:00:00,3531.061118124379
2025-12-12 09:00:00,3567.7386018381517
2025-12-12 10:00:00,3694.3136629476644
2025-12-12 11:00:00,3799.9325083779045
2025-12-12 12:00:00,3795.1482536420776
2025-12-12 13:00:00,3874.561135107502
2025-12-12 14:00:00,3797.4850954039684
2025-12-12 15:00:00,3764.5886264524524
2025-12-12 16:00:00,3792.864659142101
2025-12-12 17:00:00,3782.2467599682254
2025-12-12 18:00:00,3839.0456140406095
2025-12-12 19:00:00,3913.84204929663
2025-12-12 20:00:00,3889.522284641676
2025-12-12 21:00:00,3682.7321846511313
2025-12-12 22:00:00,3491.80730057543
2025-12-12 23:00:00,3367.940999359968
2025-12-13 00:00:00,3236.72649491104
2025-12-13 01:00:00,3198.6732801148178
2025-12-13 02:00:00,3105.6309821707036
2025-12-13 03:00:00,3151.9404709940914
2025-12-13 04:00:00,3088.5405782161934
2025-12-13 05:00:00,3171.640367237163
2025-12-13 06:00:00,3228.8104108416464
2025-12-13 07:00:00,3398.0135286637337
2025-12-13 08:00:00,3406.712210157266
2025-12-13 09:00:00,3450.392863715138
2025-12-13 10:00:00,3572.480601886444
2025-12-13 11:00:00,3606.975491024824
2025-12-13 12:00:00,3616.4357049199584
2025-12-13 13:00:00,3683.438121387906
2025-12-13 14:00:00,3634.676160991724
2025-12-13 15:00:00,3607.59278817819
2025-12-13 16:00:00,3563.6290664687062
2025-12-13 17:00:00,3620.0800773216883
2025-12-13 18:00:00,3749.235917906216
2025-12-13 19:00:00,3781.765149212361
2025-12-13 20:00:00,3697.73604256798
2025-12-13 21:00:00,3632.6089586323596
2025-12-13 22:00:00,3432.6840322406765
2025-12-13 23:00:00,3282.8488070032126
2025-12-14 00:00:00,3215.8265747310243
2025-12-14 01:00:00,3174.2511498075437
2025-12-14 02:00:00,3135.073205059909
2025-12-14 03:00:00,3131.921531446023
2025-12-14 04:00:00,3107.2605494983927
2025-12-14 05:00:00,3195.53745137805
2025-12-14 06:00:00,3278.1470117552194
2025-12-14 07:00:00,3335.540272661899
2025-12-14 08:00:00,3372.723055424594
2025-12-14 09:00:00,3435.413110989238
2025-12-14 10:00:00,3551.1164648295644
2025-12-14 11:00:00,3578.9315677264412
2025-12-14 12:00:00,3623.3198392345234
2025-12-14 13:00:00,3657.2654815698365
2025-12-14 14:00:00,3733.33548061587
2025-12-14 15:00:00,3582.256689525786
2025-12-14 16:00:00,3563.147036758936
2025-12-14 17:00:00,3667.4612246622223
2025-12-14 18:00:00,3683.555980392813
2025-12-14 19:00:00,3741.0644784088463
2025-12-14 20:00:00,3711.940170794036
2025-12-14 21:00:00,3620.6578342189637
2025-12-14 22:00:00,3394.6230501159107
2025-12-14 23:00:00,3273.6219486636296
2025-12-15 00:00:00,3261.518068784625
2025-12-15 01:00:00,3233.239663976508
2025-12-15 02:00:00,3232.2368744606215
2025-12-15 03:00:00,3163.5649030101104
2025-12-15 04:00:00,3138.134645796393
2025-12-15 05:00:00,3190.5421537794714
2025-12-15 06:00:00,3309.2343494122515
2025-12-15 07:00:00,3418.761361483907
2025-12-15 08:00:00,3564.4440206838617
2025-12-15 09:00:00,3627.171214234597
2025-12-15 10:00:00,3654.488879489146
2025-12-15 11:00:00,3717.5279865393913
2025-12-15 12:00:00,3793.9222659586258
2025-12-15 13:00:00,3815.1121224672106
2025-12-15 14:00:00,3784.6119977245635
2025-12-15 15:00:00,3741.9651889147885
2025-12-15 16:00:00,3779.0768419095534
2025-12-15 17:00:00,3774.5874583284167
2025-12-15 18:00:00,3829.4824194537355
2025-12-15 19:00:00,3849.8687609707317
2025-12-15 20:00:00,3849.0158827501464
2025-12-15 21:00:00,3621.4812508764703
2025-12-15 22:00:00,3503.7478461585897
2025-12-15 23:00:00,3355.6421310611577
2025-12-16 00:00:00,3213.9724841961784
2025-12-16 01:00:00,3188.660598362204
2025-12-16 02:00:00,3196.1608069465588
2025-12-16 03:00:00,3144.45920601557
2025-12-16 04:00:00,3141.222025497615
2025-12-16 05:00:00,3220.390331504025
2025-12-16 06:00:00,3325.7562409205093
2025-12-16 07:00:00,3468.2146822474174
2025-12-16 08:00:00,3548.346819027749
2025-12-16 09:00:00,3576.482831075379
2025-12-16 10:00:00,3740.7031283737197
2025-12-16 11:00:00,3740.5233368637905
2025-12-16 12:00:00,3748.644507114127
2025-12-16 13:00:00,3765.1881591669667
2025-12-16 14:00:00,3778.3287951814377
2025-12-16 15:00:00,3725.9780223366915
2025-12-16 16:00:00,3776.4398572040714
2025-12-16 17:00:00,3755.9768265556086
2025-12-16 18:00:00,3814.5243802986024
2025-12-16 19:00:00,3904.961156068878
2025-12-16 20:00:00,3868.6769088053143
2025-12-16 21:00:00,3697.5304840563367
2025-12-16 22:00:00,3526.901891328644
2025-12-16 23:00:00,3359.206000260651
2025-12-17 00:00:00,3254.6191593287967
2025-12-17 01:00:00,3241.558273990551
2025-12-17 02:00:00,3190.592548866145
2025-12-17 03:00:00,3133.5464774470947
2025-12-17 04:00:00,3171.743164925466
2025-12-17 05:00:00,3150.86590160642
2025-12-17 06:00:00,3376.9138872559915
2025-12-17 07:00:00,3386.263545594365
2025-12-17 08:00:00,3526.084690510232
2025-12-17 09:00:00,3616.5096100421465
2025-12-17 10:00:00,3687.198417563232
2025-12-17 11:00:00,3758.4582982074357
2025-12-17 12:00:00,3733.489757975307
2025-12-17 13:00:00,3810.202089484989
2025-12-17 14:00:00,3747.9374098937383
2025-12-17 15:00:00,3737.242878771242
2025-12-17 16:00:00,3726.5075607100594
2025-12-17 17:00:00,3768.1542851339505
2025-12-17 18:00:00,3822.2951791508826
2025-12-17 19:00:00,3860.2840557097843
2025-12-17 20:00:00,3848.0084250222535
2025-12-17 21:00:00,3719.394303096621
2025-12-17 22:00:00,3490.163020978384
2025-12-17 23:00:00,3335.9396080154484
2025-12-18 00:00:00,3263.6040445747085
2025-12-18 01:00:00,3209.925349211846
2025-12-18 02:00:00,3194.942001631999
2025-12-18 03:00:00,3114.2181443544314
2025-12-18 04:00:00,3092.29358373643
2025-12-18 05:00:00,3197.0694603346374
2025-12-18 06:00:00,3301.1127423414887
2025-12-18 07:00:00,3430.0286527130706
2025-12-18 08:00:00,3524.8575873040595
2025-12-18 09:00:00,3638.1588363789756
2025-12-18 10:00:00,3682.0216041514173
2025-12-18 11:00:00,3731.9213800642806
2025-12-18 12:00:00,3769.0867198677124
2025-12-18 13:00:00,3807.1734663670454
2025-12-18 14:00:00,3763.612958454699
2025-12-18 15:00:00,3742.6601538441773
2025-12-18 16:00:00,3703.708291633315
2025-12-18 17:00:00,3806.4826743262356
2025-12-18 18:00:00,3830.887252165795
2025-12-18 19:00:00,3834.396865072758
2025-12-18 20:00:00,3843.9250104827256
2025-12-18 21:00:00,3665.3985692250303
2025-12-18 22:00:00,3524.6638851198113
2025-12-18 23:00:00,3417.7469939277726
2025-12-19 00:00:00,3226.3844916587054
2025-12-19 01:00:00,3218.45480552259
2025-12-19 02:00:00,3128.4619769334677
2025-12-19 03:00:00,3147.516480906861
2025-12-19 04:00:00,3113.9067422147
2025-12-19 05:00:00,3193.874345932677
2025-12-19 06:00:00,3291.35107030044
2025-12-19 07:00:00,3451.3912755380393
2025-12-19 08:00:00,3570.5231738655248
2025-12-19 09:00:00,3616.448058070022
2025-12-19 10:00:00,3664.048017310055
2025-12-19 11:00:00,3773.8448324524284
2025-12-19 12:00:00,3740.7616557195815
2025-12-19 13:00:00,3734.51965506675
2025-12-19 14:00:00,3777.154769519541
2025-12-19 15:00:00,3693.5233236486465
2025-12-19 16:00:00,3755.9305765581717
2025-12-19 17:00:00,3751.879279142913
2025-12-19 18:00:00,3855.6776693518636
2025-12-19 19:00:00,3917.476772850199
2025-12-19 20:00:00,3800.036847837372
2025-12-19 21:00:00,3672.858385719364
2025-12-19 22:00:00,3502.962859017222
2025-12-19 23:00:00,3398.8008679989903
2025-12-20 00:00:00,3192.202200661747
2025-12-20 01:00:00,3157.1313270622954
2025-12-20 02:00:00,3147.3252669280764
2025-12-20 03:00:00,3084.137872788595
2025-12-20 04:00:00,3102.2267145914266
2025-12-20 05:00:00,3132.8439664224697
2025-12-20 06:00:00,3303.4925758586237
2025-12-20 07:00:00,3283.970930442488
2025-12-20 08:00:00,3384.8010259845223
2025-12-20 09:00:00,3466.4076100894677
2025-12-20 10:00:00,3595.2649778892255
2025-12-20 11:00:00,3540.0453291056056
2025-12-20 12:00:00,3672.2200311910424
2025-12-20 13:00:00,3673.8599943824806
2025-12-20 14:00:00,3663.9248810389677
2025-12-20 15:00:00,3586.379177159215
2025-12-20 16:00:00,3631.3703663625874
2025-12-20 17:00:00,3630.604012276284
2025-12-20 18:00:00,3726.004072103667
2025-12-20 19:00:00,3696.5707858676506
2025-12-20 20:00:00,3685.286958437216
2025-12-20 21:00:00,3562.0733769716426
2025-12-20 22:00:00,3403.321356233438
2025-12-20 23:00:00,3302.3465724629864
2025-12-21 00:00:00,3222.0590218566263
2025-12-21 01:00:00,3202.112876536881
2025-12-21 02:00:00,3089.9282528029426
2025-12-21 03:00:00,3124.0557991985183
2025-12-21 04:00:00,3159.7727955766686
2025-12-21 05:00:00,3159.979649561948
2025-12-21 06:00:00,3294.393829621103
2025-12-21 07:00:00,3311.9598837525828
2025-12-21 08:00:00,3355.4521998095693
2025-12-21 09:00:00,3457.980305263209
2025-12-21 10:00:00,3569.897279999986
2025-12-21 11:00:00,3553.101725505967
2025-12-21 12:00:00,3596.6079403031604
2025-12-21 13:00:00,3668.177303114456
2025-12-21 14:00:00,3650.931329849695
2025-12-21 15:00:00,3630.8672163728015
2025-12-21 16:00:00,3620.8408230143164
2025-12-21 17:00:00,3664.8502437390134
2025-12-21 18:00:00,3674.9655024064296
2025-12-21 19:00:00,3731.501170477108
2025-12-21 20:00:00,3660.360015778552
2025-12-21 21:00:00,3613.958290099609
2025-12-21 22:00:00,3412.176444108876
2025-12-21 23:00:00,3311.7096914435274
2025-12-22 00:00:00,3238.3577063147904
2025-12-22 01:00:00,3212.736019601811
2025-12-22 02:00:00,3158.129208448693
2025-12-22 03:00:00,3108.3442573630127
2025-12-22 04:00:00,3090.073736297115
2025-12-22 05:00:00,3180.4725775931665
2025-12-22 06:00:00,3309.5596575954564
2025-12-22 07:00:00,3434.575035004586
2025-12-22 08:00:00,3567.977267408797
2025-12-22 09:00:00,3600.2207235274805
2025-12-22 10:00:00,3660.8289141359023
2025-12-22 11:00:00,3680.732518006537
2025-12-22 12:00:00,3775.021494264343
2025-12-22 13:00:00,3839.4682453834794
2025-12-22 14:00:00,3798.676036815489
2025-12-22 15:00:00,3744.8592084321913
2025-12-22 16:00:00,3742.7325398247876
2025-12-22 17:00:00,3811.651343252712
2025-12-22 18:00:00,3844.5022409984035
2025-12-22 19:00:00,3891.194516643459
2025-12-22 20:00:00,3824.4759064070504
2025-12-22 21:00:00,3646.6690039553073
2025-12-22 22:00:00,3483.33856286631
2025-12-22 23:00:00,3354.7804939909834
2025-12-23 00:00:00,3245.2532278083536
2025-12-23 01:00:00,3256.2338835366827
2025-12-23 02:00:00,3172.017137337484
2025-12-23 03:00:00,3162.643461428064
2025-12-23 04:00:00,3122.1909135661335
2025-12-23 05:00:00,3198.8200326484525
2025-12-23 06:00:00,3282.125035151745
2025-12-23 07:00:00,3407.6181907208647
2025-12-23 08:00:00,3553.4735324455078
2025-12-23 09:00:00,3612.4938912721345
2025-12-23 10:00:00,3713.800660819227
2025-12-23 11:00:00,3728.253533046567
2025-12-23 12:00:00,3749.114223227762
2025-12-23 13:00:00,3861.824546194722
2025-12-23 14:00:00,3756.8908231068476
2025-12-23 15:00:00,3757.492749666451
2025-12-23 16:00:00,3710.906124815753
2025-12-23 17:00:00,3781.05836427561
2025-12-23 18:00:00,3861.8950376356784
2025-12-23 19:00:00,3876.7504917849433
2025-12-23 20:00:00,3761.2290744825873
2025-12-23 21:00:00,3686.5335499662588
2025-12-23 22:00:00,3536.1651278278327
2025-12-23 23:00:00,3368.4101880045287
2025-12-24 00:00:00,3254.524228076512
2025-12-24 01:00:00,3161.931842765659
2025-12-24 02:00:00,3150.987514737796
2025-12-24 03:00:00,3142.7104654941245
2025-12-24 04:00:00,3142.686048936355
2025-12-24 05:00:00,3237.260546718174
2025-12-24 06:00:00,3312.8173246428423
2025-12-24 07:00:00,3438.3432626546646
2025-12-24 08:00:00,3538.235283845847
2025-12-24 09:00:00,3582.960881936507
2025-12-24 10:00:00,3618.6750588467416
2025-12-24 11:00:00,3734.864658904257
2025-12-24 12:00:00,3764.1133753395243
2025-12-24 13:00:00,3776.962962317804
2025-12-24 14:00:00,3710.1923468560763
2025-12-24 15:00:00,3740.782087072304
2025-12-24 16:00:00,3714.1127064135853
2025-12-24 17:00:00,3775.6284118883427
2025-12-24 18:00:00,3889.7391916913057
2025-12-24 19:00:00,3803.148897151942
2025-12-24 20:00:00,3811.1359354999727
2025-12-24 21:00:00,3679.0063249673944
2025-12-24 22:00:00,3541.665908185146
2025-12-24 23:00:00,3309.6113171339266
2025-12-25 00:00:00,3292.4788455457306
2025-12-25 01:00:00,3208.90610074145
2025-12-25 02:00:00,3166.1448770555016
2025-12-25 03:00:00,3126.772262936065
2025-12-25 04:00:00,3120.8043479107437
2025-12-25 05:00:00,3232.299551089151
2025-12-25 06:00:00,3287.6087735779583
2025-12-25 07:00:00,3435.9543576986202
2025-12-25 08:00:00,3526.1468475987867
2025-12-25 09:00:00,3588.690859382037
2025-12-25 10:00:00,3760.6154440727214
2025-12-25 11:00:00,3733.712476703191
2025-12-25 12:00:00,3776.5189273502847
2025-12-25 13:00:00,3829.4674701735494
2025-12-25 14:00:00,3715.348923732661
2025-12-25 15:00:00,3773.4029318456255
2025-12-25 16:00:00,3646.545976769283
2025-12-25 17:00:00,3734.9686196459556
2025-12-25 18:00:00,3817.697954616811
2025-12-25 19:00:00,3886.616817528251
2025-12-25 20:00:00,3838.473805261356
2025-12-25 21:00:00,3679.476555103302
2025-12-25 22:00:00,3499.8378296615306
2025-12-25 23:00:00,3326.5651248560275
2025-12-26 00:00:00,3202.7747194270573
2025-12-26 01:00:00,3223.3921820849746
2025-12-26 02:00:00,3185.510292922387
2025-12-26 03:00:00,3170.78260277335
2025-12-26 04:00:00,3111.3040726217687
2025-12-26 05:00:00,3222.528269217936
2025-12-26 06:00:00,3307.750423899704
2025-12-26 07:00:00,3458.410597743085
2025-12-26 08:00:00,3565.204961203236
2025-12-26 09:00:00,3616.0657271754803
2025-12-26 10:00:00,3673.6331819908582
2025-12-26 11:00:00,3749.0762169759705
2025-12-26 12:00:00,3776.7565854370946
2025-12-26 13:00:00,3773.373053311265
2025-12-26 14:00:00,3717.399983451123
2025-12-26 15:00:00,3711.8873860290373
2025-12-26 16:00:00,3765.5796985007337
2025-12-26 17:00:00,3791.7732865302487
2025-12-26 18:00:00,3796.893913746363
2025-12-26 19:00:00,3831.6873642899886
2025-12-26 20:00:00,3870.050738516521
2025-12-26 21:00:00,3650.172653595295
2025-12-26 22:00:00,3513.714948309114
2025-12-26 23:00:00,3335.590224264567
2025-12-27 00:00:00,3245.5862669638327
2025-12-27 01:00:00,3147.7858763166673
2025-12-27 02:00:00,3159.1122444801513
2025-12-27 03:00:00,3098.224046785455
2025-12-27 04:00:00,3099.8905633022364
2025-12-27 05:00:00,3117.382671469784
2025-12-27 06:00:00,3183.8490304601696
2025-12-27 07:00:00,3308.775124112977
2025-12-27 08:00:00,3394.9748766723496
2025-12-27 09:00:00,3430.7775422496584
2025-12-27 10:00:00,3504.8053288951255
2025-12-27 11:00:00,3588.474511985775
2025-12-27 12:00:00,3625.5089942171953
2025-12-27 13:00:00,3642.068529773787
2025-12-27 14:00:00,3668.8437182518405
2025-12-27 15:00:00,3575.3531181696594
2025-12-27 16:00:00,3598.9798169507935
2025-12-27 17:00:00,3694.152687192286
2025-12-27 18:00:00,3684.9284071746224
2025-12-27 19:00:00,3723.503366590941
2025-12-27 20:00:00,3750.856259904903
2025-12-27 21:00:00,3532.4355553724813
2025-12-27 22:00:00,3446.934232848871
2025-12-27 23:00:00,3321.4283585249277
2025-12-28 00:00:00,3195.2087992023025
2025-12-28 01:00:00,3188.4897393357505
2025-12-28 02:00:00,3105.30097656283
2025-12-28 03:00:00,3076.0747677398444
2025-12-28 04:00:00,3102.593463101594
2025-12-28 05:00:00,3186.9427595861835
2025-12-28 06:00:00,3269.4144533264925
2025-12-28 07:00:00,3355.615055311329
2025-12-28 08:00:00,3385.81763654432
2025-12-28 09:00:00,3494.3414758635045
2025-12-28 10:00:00,3525.2542508365705
2025-12-28 11:00:00,3597.5330915789696
2025-12-28 12:00:00,3614.5688376840953
2025-12-28 13:00:00,3658.3985519998146
2025-12-28 14:00:00,3657.752002687019
2025-12-28 15:00:00,3562.253282697195
2025-12-28 16:00:00,3576.127060519683
2025-12-28 17:00:00,3648.3915914100035
2025-12-28 18:00:00,3632.519879913212
2025-12-28 19:00:00,3743.7761178147002
2025-12-28 20:00:00,3707.8974979268473
2025-12-28 21:00:00,3581.105275067344
2025-12-28 22:00:00,3393.7534525092574
2025-12-28 23:00:00,3313.36251190284
2025-12-29 00:00:00,3292.57625472394
2025-12-29 01:00:00,3206.728434747276
2025-12-29 02:00:00,3179.07558455834
2025-12-29 03:00:00,3134.378978220495
2025-12-29 04:00:00,3142.606121462063
2025-12-29 05:00:00,3199.896250322072
2025-12-29 06:00:00,3312.4904715268663
2025-12-29 07:00:00,3448.6619192175685
2025-12-29 08:00:00,3600.6215771986617
2025-12-29 09:00:00,3567.520821083304
2025-12-29 10:00:00,3678.5054341789532
2025-12-29 11:00:00,3683.263409419824
2025-12-29 12:00:00,3803.0211329235026
2025-12-29 13:00:00,3774.1801955182755
2025-12-29 14:00:00,3711.838236840652
2025-12-29 15:00:00,3737.3627685274287
2025-12-29 16:00:00,3770.266674472461
2025-12-29 17:00:00,3775.1297423058513
2025-12-29 18:00:00,3835.0985733020652
2025-12-29 19:00:00,3878.293856156843
2025-12-29 20:00:00,3872.1629145984843
2025-12-29 21:00:00,3655.815614468191
2025-12-29 22:00:00,3494.3553547867855
2025-12-29 23:00:00,3338.089403248728
2025-12-30 00:00:00,3208.9584326107874
2025-12-30 01:00:00,3194.000145887354
2025-12-30 02:00:00,3193.6563942713537
2025-12-30 03:00:00,3142.9764561877423
2025-12-30 04:00:00,3144.9215237113685
2025-12-30 05:00:00,3206.165494294649
2025-12-30 06:00:00,3326.710429472336
2025-12-30 07:00:00,3401.3438641585026
2025-12-30 08:00:00,3524.9472701897225
2025-12-30 09:00:00,3612.8566296881877
2025-12-30 10:00:00,3689.106498977671
2025-12-30 11:00:00,3727.2667123234364
2025-12-30 12:00:00,3750.3979476191016
2025-12-30 13:00:00,3779.914797330067
2025-12-30 14:00:00,3849.4012031391835
2025-12-30 15:00:00,3744.713322655285
2025-12-30 16:00:00,3730.031512687917
2025-12-30 17:00:00,3747.548295437331
2025-12-30 18:00:00,3814.3529867414854
2025-12-30 19:00:00,3860.9367410290906
2025-12-30 20:00:00,3837.139724818215
2025-12-30 21:00:00,3625.560279286902
2025-12-30 22:00:00,3452.98380718962
2025-12-30 23:00:00,3332.583599400946
2025-12-31 00:00:00,3244.0640993825837
2025-12-31 01:00:00,3195.764809043525
2025-12-31 02:00:00,3202.517548433361
2025-12-31 03:00:00,3091.1881704719203
2025-12-31 04:00:00,3109.483677553889
2025-12-31 05:00:00,3240.831205638229
2025-12-31 06:00:00,3315.7784151679166
2025-12-31 07:00:00,3446.942596068545
2025-12-31 08:00:00,3591.1027047106
2025-12-31 09:00:00,3586.712050164158
2025-12-31 10:00:00,3677.4136494540553
2025-12-31 11:00:00,3709.0399153488825
2025-12-31 12:00:00,3695.245017468726
2025-12-31 13:00:00,3781.3347756820876
2025-12-31 14:00:00,3780.4041548542955
2025-12-31 15:00:00,3733.2166900831585
2025-12-31 16:00:00,3735.5508652021426
2025-12-31 17:00:00,3742.6673675893267
2025-12-31 18:00:00,3807.4612748472714
2025-12-31 19:00:00,3903.593450628116
2025-12-31 20:00:00,3812.3231862809093
2025-12-31 21:00:00,3688.996301680744
2025-12-31 22:00:00,3500.889408887528
2025-12-31 23:00:00,3388.270913480033
